sourcedb	sourcedb_version	method	labnr	c14age	c14std	c13val	site	sitetype	feature	period	culture	material	species	region	country	lat	lon	shortref	source_label	mat_group	species_group	dna_status
aadr			PSUAMS-4143	365	20		Aktaş Mevki	settlement	Sk: Chamber C: indiv.2 DNA id: I4540			bone	human	Mardin	Turkey	37.415	41.373	Lazaridis et al., 2022	AADR	Bone/Teeth (Human/Animal)	Human	Genomically Integrated
aadr			PSUAMS-4218	380	15		Aktaş Mevki	settlement	Sk: Chamber C: indiv.1 DNA id: I4539			bone	human	Mardin	Turkey	37.415	41.373	Lazaridis et al., 2022	AADR	Bone/Teeth (Human/Animal)	Human	Genomically Integrated
aadr			PSUAMS-6702	2165	20		Aktaş Mevki	settlement	Sk: Chamber D: indiv.1 DNA id: I5255			bone	human	Mardin	Turkey	37.415	41.373	Lazaridis et al., 2022	AADR	Bone/Teeth (Human/Animal)	Human	Genomically Integrated
aadr			MAMS-25475	7792	28		Aktopraklık	settlement	Sk: 89D14.1 DNA id: AKT16			bone	human	Bursa	Turkey	40.1718	28.7277	Marchi et al., 2022	AADR	Bone/Teeth (Human/Animal)	Human	Genomically Integrated
aadr			MAMS-33700	3125	24		Alalakh	settlement	Sk: 44.85, Locus 15, AT 14466 DNA id: ALA039			bone	human	Hatay	Turkey	36.23766318	36.38452688	Skourtanioti et al., 2020	AADR	Bone/Teeth (Human/Animal)	Human	Genomically Integrated
aadr			MAMS-33675	3151	24		Alalakh	settlement	Sk: 45.71, Locus 03-3017, Pail 257, Skeleton S04-9 DNA id: ALA001			bone	human	Hatay	Turkey	36.23766318	36.38452688	Skourtanioti et al., 2020	AADR	Bone/Teeth (Human/Animal)	Human	Genomically Integrated
aadr			MAMS-33686	3154	26		Alalakh	settlement	Sk: 42.29, 44, L. 237, AT 019127 DNA id: ALA018			bone	human	Hatay	Turkey	36.23766318	36.38452688	Skourtanioti et al., 2020	AADR	Bone/Teeth (Human/Animal)	Human	Genomically Integrated
aadr			MAMS-33676	3158	22		Alalakh	settlement	Sk: 45.71, Locus 03-3017, Pail 246, Skeleton S04-8 DNA id: ALA002			bone	human	Hatay	Turkey	36.23766318	36.38452688	Skourtanioti et al., 2020	AADR	Bone/Teeth (Human/Animal)	Human	Genomically Integrated
aadr			MAMS-33688	3167	29		Alalakh	settlement	Sk: 44.86, Locus 22, AT 15460 DNA id: ALA020			bone	human	Hatay	Turkey	36.23766318	36.38452688	Skourtanioti et al., 2020	AADR	Bone/Teeth (Human/Animal)	Human	Genomically Integrated
aadr			MAMS-33695	3256	25		Alalakh	settlement	Sk: 45.44, Locus 105, AT 10669 DNA id: ALA030			bone	human	Hatay	Turkey	36.23766318	36.38452688	Skourtanioti et al., 2020	AADR	Bone/Teeth (Human/Animal)	Human	Genomically Integrated
aadr			MAMS-33699	3260	24		Alalakh	settlement	Sk: 45.71, Locus 03-3017, Pail 236, Skeleton S04-7 DNA id: ALA038			bone	human	Hatay	Turkey	36.23766318	36.38452688	Skourtanioti et al., 2020	AADR	Bone/Teeth (Human/Animal)	Human	Genomically Integrated
aadr			MAMS-33685	3264	23		Alalakh	settlement	Sk: 32.57, Locus 164, AT 10070 DNA id: ALA017			bone	human	Hatay	Turkey	36.23766318	36.38452688	Skourtanioti et al., 2020	AADR	Bone/Teeth (Human/Animal)	Human	Genomically Integrated
aadr			MAMS-33684	3284	24		Alalakh	settlement	Sk: 32.54, Locus 85, AT 017541 DNA id: ALA016			bone	human	Hatay	Turkey	36.23766318	36.38452688	Skourtanioti et al., 2020	AADR	Bone/Teeth (Human/Animal)	Human	Genomically Integrated
aadr			MAMS-33687	3298	23		Alalakh	settlement	Sk: 32.57, Locus 247, AT 15878 DNA id: ALA019			bone	human	Hatay	Turkey	36.23766318	36.38452688	Skourtanioti et al., 2020	AADR	Bone/Teeth (Human/Animal)	Human	Genomically Integrated
aadr			MAMS-33680	3382	23		Alalakh	settlement	Sk: 45.44, Locus 146, AT 18960 DNA id: ALA011			bone	human	Hatay	Turkey	36.23766318	36.38452688	Skourtanioti et al., 2020	AADR	Bone/Teeth (Human/Animal)	Human	Genomically Integrated
aadr			MAMS-33692	3390	25		Alalakh	settlement	Sk: 45.44, Locus 70, AT 6931 DNA id: ALA026			bone	human	Hatay	Turkey	36.23766318	36.38452688	Skourtanioti et al., 2020	AADR	Bone/Teeth (Human/Animal)	Human	Genomically Integrated
aadr			MAMS-33682	3392	23		Alalakh	settlement	Sk: 45.45, Locus 8, AT 8836 DNA id: ALA014			bone	human	Hatay	Turkey	36.23766318	36.38452688	Skourtanioti et al., 2020	AADR	Bone/Teeth (Human/Animal)	Human	Genomically Integrated
aadr			MAMS-33696	3436	24		Alalakh	settlement	Sk: 45.45, Locus 6, AT 8830 DNA id: ALA034			bone	human	Hatay	Turkey	36.23766318	36.38452688	Skourtanioti et al., 2020	AADR	Bone/Teeth (Human/Animal)	Human	Genomically Integrated
aadr			MAMS-33693	3440	26		Alalakh	settlement	Sk: 45.44, Locus 73, AT 7395 DNA id: ALA028			bone	human	Hatay	Turkey	36.23766318	36.38452688	Skourtanioti et al., 2020	AADR	Bone/Teeth (Human/Animal)	Human	Genomically Integrated
aadr			MAMS-33691	3443	25		Alalakh	settlement	Sk: 45.44, Locus 66, AT 6032 DNA id: ALA025			bone	human	Hatay	Turkey	36.23766318	36.38452688	Skourtanioti et al., 2020	AADR	Bone/Teeth (Human/Animal)	Human	Genomically Integrated
aadr			MAMS-33681	3457	24		Alalakh	settlement	Sk: 45.44, Locus 152, AT 19260 DNA id: ALA013			bone	human	Hatay	Turkey	36.23766318	36.38452688	Skourtanioti et al., 2020	AADR	Bone/Teeth (Human/Animal)	Human	Genomically Integrated
aadr			MAMS-33694	3465	26		Alalakh	settlement	Sk: 45.44, Locus 79, AT 7695 DNA id: ALA029			bone	human	Hatay	Turkey	36.23766318	36.38452688	Skourtanioti et al., 2020	AADR	Bone/Teeth (Human/Animal)	Human	Genomically Integrated
aadr			MAMS-33678	3473	23		Alalakh	settlement	Sk: 45.44, Locus 133, AT 17652 DNA id: ALA008			bone	human	Hatay	Turkey	36.23766318	36.38452688	Skourtanioti et al., 2020	AADR	Bone/Teeth (Human/Animal)	Human	Genomically Integrated
aadr			MAMS-33698	3477	24		Alalakh	settlement	Sk: 45.45, Locus 30, AT 11452 DNA id: ALA037			bone	human	Hatay	Turkey	36.23766318	36.38452688	Skourtanioti et al., 2020	AADR	Bone/Teeth (Human/Animal)	Human	Genomically Integrated
aadr			MAMS-33677	3507	23		Alalakh	settlement	Sk: 45.72, Locus 03-3002 DNA id: ALA004			bone	human	Hatay	Turkey	36.23766318	36.38452688	Skourtanioti et al., 2020	AADR	Bone/Teeth (Human/Animal)	Human	Genomically Integrated
aadr			MAMS-41109	3516	25		Alalakh	settlement	Sk: 45.72; Locus 03-3013, Locus 03-3016; Pail 54; Skeleton S04-6 DNA id: ALA095			bone	human	Hatay	Turkey	36.23766318	36.38452688	Skourtanioti et al., 2020	AADR	Bone/Teeth (Human/Animal)	Human	Genomically Integrated
aadr			MAMS-38610	3520	25		Alalakh	settlement	Sk: 45.44, Locus 65, AT 6029 DNA id: ALA023			bone	human	Hatay	Turkey	36.23766318	36.38452688	Skourtanioti et al., 2020	AADR	Bone/Teeth (Human/Animal)	Human	Genomically Integrated
aadr			MAMS-33697	3543	24		Alalakh	settlement	Sk: 45.45, Locus 7, AT 7940 DNA id: ALA035			bone	human	Hatay	Turkey	36.23766318	36.38452688	Skourtanioti et al., 2020	AADR	Bone/Teeth (Human/Animal)	Human	Genomically Integrated
aadr			MAMS-41108	3556	25		Alalakh	settlement	Sk: 45.72, Locus 03-3065, skeleton S04-19 DNA id: ALA084			bone	human	Hatay	Turkey	36.23766318	36.38452688	Skourtanioti et al., 2020	AADR	Bone/Teeth (Human/Animal)	Human	Genomically Integrated
aadr			MAMS-33683	3566	26		Alalakh	settlement	Sk: 45.45, Locus 48, AT 015741 DNA id: ALA015			bone	human	Hatay	Turkey	36.23766318	36.38452688	Skourtanioti et al., 2020	AADR	Bone/Teeth (Human/Animal)	Human	Genomically Integrated
aadr			MAMS-33690	3586	39		Alalakh	settlement	Sk: 45.44, Locus 68, AT 6572 DNA id: ALA024			bone	human	Hatay	Turkey	36.23766318	36.38452688	Skourtanioti et al., 2020	AADR	Bone/Teeth (Human/Animal)	Human	Genomically Integrated
aadr			MAMS-33533	3908	26		Arslantepe	settlement	Sk: H156 S138 DNA id: ART001			bone	human	Malatya	Turkey	38.38178841	38.36092861	Skourtanioti et al., 2020	AADR	Bone/Teeth (Human/Animal)	Human	Genomically Integrated
aadr			MAMS-37487	4069	20		Arslantepe	settlement	Sk: H326 DNA id: ART009			bone	human	Malatya	Turkey	38.38178841	38.36092861	Skourtanioti et al., 2020	AADR	Bone/Teeth (Human/Animal)	Human	Genomically Integrated
aadr			MAMS-33537	4095	26		Arslantepe	settlement	Sk: H327 S220-2 DNA id: ART010			bone	human	Malatya	Turkey	38.38178841	38.36092861	Skourtanioti et al., 2020	AADR	Bone/Teeth (Human/Animal)	Human	Genomically Integrated
aadr			MAMS-33538	4103	25		Arslantepe	settlement	Sk: S220-1 DNA id: ART011			bone	human	Malatya	Turkey	38.38178841	38.36092861	Skourtanioti et al., 2020	AADR	Bone/Teeth (Human/Animal)	Human	Genomically Integrated
aadr			MAMS-33539	4479	26		Arslantepe	settlement	Sk: H331 DNA id: ART012			bone	human	Malatya	Turkey	38.38178841	38.36092861	Skourtanioti et al., 2020	AADR	Bone/Teeth (Human/Animal)	Human	Genomically Integrated
aadr			MAMS-33549	4491	26		Arslantepe	settlement	Sk: S216 Temp3 DNA id: ART026			bone	human	Malatya	Turkey	38.38178841	38.36092861	Skourtanioti et al., 2020	AADR	Bone/Teeth (Human/Animal)	Human	Genomically Integrated
aadr			MAMS-33542	4516	25		Arslantepe	settlement	Sk: S216 Cr8 DNA id: ART017			bone	human	Malatya	Turkey	38.38178841	38.36092861	Skourtanioti et al., 2020	AADR	Bone/Teeth (Human/Animal)	Human	Genomically Integrated
aadr			MAMS-34112	4534	27		Arslantepe	settlement	Sk: S150 (H221) DNA id: ART038			bone	human	Malatya	Turkey	38.38178841	38.36092861	Skourtanioti et al., 2020	AADR	Bone/Teeth (Human/Animal)	Human	Genomically Integrated
aadr			MAMS-33545	4536	25		Arslantepe	settlement	Sk: S216 Cr11 DNA id: ART020			bone	human	Malatya	Turkey	38.38178841	38.36092861	Skourtanioti et al., 2020	AADR	Bone/Teeth (Human/Animal)	Human	Genomically Integrated
aadr			MAMS-33550	4546	25		Arslantepe	settlement	Sk: S216 Temp4 DNA id: ART027			bone	human	Malatya	Turkey	38.38178841	38.36092861	Skourtanioti et al., 2020	AADR	Bone/Teeth (Human/Animal)	Human	Genomically Integrated
aadr			MAMS-33541	4557	25		Arslantepe	settlement	Sk: S216 Cr3 DNA id: ART015			bone	human	Malatya	Turkey	38.38178841	38.36092861	Skourtanioti et al., 2020	AADR	Bone/Teeth (Human/Animal)	Human	Genomically Integrated
aadr			MAMS-33547	4563	25		Arslantepe	settlement	Sk: S216 Cr14 DNA id: ART023			bone	human	Malatya	Turkey	38.38178841	38.36092861	Skourtanioti et al., 2020	AADR	Bone/Teeth (Human/Animal)	Human	Genomically Integrated
aadr			MAMS-34110	4568	21		Arslantepe	settlement	Sk: A1335 rP4 B DNA id: ART032			bone	human	Malatya	Turkey	38.38178841	38.36092861	Skourtanioti et al., 2020	AADR	Bone/Teeth (Human/Animal)	Human	Genomically Integrated
aadr			MAMS-33540	4573	27		Arslantepe	settlement	Sk: S216 Cr2 DNA id: ART014			bone	human	Malatya	Turkey	38.38178841	38.36092861	Skourtanioti et al., 2020	AADR	Bone/Teeth (Human/Animal)	Human	Genomically Integrated
aadr			MAMS-33543	4573	25		Arslantepe	settlement	Sk: S216 Cr9 DNA id: ART018			bone	human	Malatya	Turkey	38.38178841	38.36092861	Skourtanioti et al., 2020	AADR	Bone/Teeth (Human/Animal)	Human	Genomically Integrated
aadr			MAMS-33548	4614	24		Arslantepe	settlement	Sk: S216 Temp1 DNA id: ART024			bone	human	Malatya	Turkey	38.38178841	38.36092861	Skourtanioti et al., 2020	AADR	Bone/Teeth (Human/Animal)	Human	Genomically Integrated
aadr			MAMS-33544	4623	24		Arslantepe	settlement	Sk: S216 Cr10 DNA id: ART019			bone	human	Malatya	Turkey	38.38178841	38.36092861	Skourtanioti et al., 2020	AADR	Bone/Teeth (Human/Animal)	Human	Genomically Integrated
aadr			MAMS-33546	4681	75		Arslantepe	settlement	Sk: S216 Cr13 DNA id: ART022			bone	human	Malatya	Turkey	38.38178841	38.36092861	Skourtanioti et al., 2020	AADR	Bone/Teeth (Human/Animal)	Human	Genomically Integrated
aadr			MAMS-33534	4906	26		Arslantepe	settlement	Sk: H238 S156 DNA id: ART004			bone	human	Malatya	Turkey	38.38178841	38.36092861	Skourtanioti et al., 2020	AADR	Bone/Teeth (Human/Animal)	Human	Genomically Integrated
aadr			MAMS-34116	4916	27		Arslantepe	settlement	Sk: C7-D7 (H378) DNA id: ART039			bone	human	Malatya	Turkey	38.38178841	38.36092861	Skourtanioti et al., 2020	AADR	Bone/Teeth (Human/Animal)	Human	Genomically Integrated
aadr			MAMS-33535	4934	27		Arslantepe	settlement	Sk: H250 S169 DNA id: ART005			bone	human	Malatya	Turkey	38.38178841	38.36092861	Skourtanioti et al., 2020	AADR	Bone/Teeth (Human/Animal)	Human	Genomically Integrated
aadr			MAMS-34119	5014	29		Arslantepe	settlement	Sk: S254 (H382) DNA id: ART042			bone	human	Malatya	Turkey	38.38178841	38.36092861	Skourtanioti et al., 2020	AADR	Bone/Teeth (Human/Animal)	Human	Genomically Integrated
aadr			OxA-32776	5016	31		Barcın Höyük	settlement	Sk: TWO CODES: (1) M10-111; (2) UN_L11 DNA id: I1584			bone	human	Bursa	Turkey	40.21	29.53	Lazaridis et al., 2022	AADR	Bone/Teeth (Human/Animal)	Human	Genomically Integrated
aadr			Poz-82177	7110	50		Barcın Höyük	settlement	Sk: L11-322 DNA id: I0746			bone	human	Bursa	Turkey	40.21	29.53	Mathieson et al., 2015	AADR	Bone/Teeth (Human/Animal)	Human	Genomically Integrated
aadr			PSUAMS-2953	7215	30		Barcın Höyük	settlement	Sk: M11-59 | M11-59SSC | M11-59C DNA id: I1585			bone	human	Bursa	Turkey	40.21	29.53	Mathieson et al., 2015	AADR	Bone/Teeth (Human/Animal)	Human	Genomically Integrated
aadr			UBA-29837	7238	38		Barcın Höyük	settlement	Sk: M10-106 DNA id: Bar8			bone	human	Bursa	Turkey	40.21	29.53	Hofmanova et al., 2016	AADR	Bone/Teeth (Human/Animal)	Human	Genomically Integrated
aadr			PSUAMS-2954	7245	25		Barcın Höyük	settlement	Sk: M13-72 | M13-72SSC | M13-72C DNA id: I1579			bone	human	Bursa	Turkey	40.21	29.53	Mathieson et al., 2015	AADR	Bone/Teeth (Human/Animal)	Human	Genomically Integrated
aadr			PSUAMS-2952	7255	30		Barcın Höyük	settlement	Sk: BAR20/ M13-170 DNA id: I0709			bone	human	Bursa	Turkey	40.21	29.53	Mathieson et al., 2015	AADR	Bone/Teeth (Human/Animal)	Human	Genomically Integrated
aadr			TUBITAK-045	7272	34		Barcın Höyük	settlement	Sk: BAR2 / L11-213 DNA id: I0707			bone	human	Bursa	Turkey	40.21	29.53	Mathieson et al., 2015	AADR	Bone/Teeth (Human/Animal)	Human	Genomically Integrated
aadr			PSUAMS-2103	7285	30		Barcın Höyük	settlement	Sk: BAR6 / L11-439 DNA id: I0708			bone	human	Bursa	Turkey	40.21	29.53	Mathieson et al., 2015	AADR	Bone/Teeth (Human/Animal)	Human	Genomically Integrated
aadr			PSUAMS-2298	7310	30		Barcın Höyük	settlement	Sk: L11-215 | L11-215SSC DNA id: I0854			bone	human	Bursa	Turkey	40.21	29.53	Mathieson et al., 2015	AADR	Bone/Teeth (Human/Animal)	Human	Genomically Integrated
aadr			PSUAMS-1964	7385	40		Barcın Höyük	settlement	Sk: L12-393 DNA id: I1580			bone	human	Bursa	Turkey	40.21	29.53	Mathieson et al., 2015	AADR	Bone/Teeth (Human/Animal)	Human	Genomically Integrated
aadr			PSUAMS-2105	7405	30		Barcın Höyük	settlement	Sk: M11-363 DNA id: I0745			bone	human	Bursa	Turkey	40.21	29.53	Mathieson et al., 2015	AADR	Bone/Teeth (Human/Animal)	Human	Genomically Integrated
aadr			PSUAMS-2104	7415	30		Barcın Höyük	settlement	Sk: L12-502 DNA id: I1581			bone	human	Bursa	Turkey	40.21	29.53	Mathieson et al., 2015	AADR	Bone/Teeth (Human/Animal)	Human	Genomically Integrated
aadr			PSUAMS-2299	7455	30		Barcın Höyük	settlement	Sk: M10-275 DNA id: I0744			bone	human	Bursa	Turkey	40.21	29.53	Mathieson et al., 2015	AADR	Bone/Teeth (Human/Animal)	Human	Genomically Integrated
aadr			UBA-29838	7457	44		Barcın Höyük	settlement	Sk: L11W-546 DNA id: Bar31			bone	human	Bursa	Turkey	40.21	29.53	Hofmanova et al., 2016	AADR	Bone/Teeth (Human/Animal)	Human	Genomically Integrated
aadr			Poz-82231	7460	50		Barcın Höyük	settlement	Sk: L14-200 DNA id: I1583			bone	human	Bursa	Turkey	40.21	29.53	Mathieson et al., 2015	AADR	Bone/Teeth (Human/Animal)	Human	Genomically Integrated
aadr			PSUAMS-2947	7475	25		Barcın Höyük	settlement	Sk: BAR99 / M10-352 DNA id: I1098			bone	human	Bursa	Turkey	40.21	29.53	Mathieson et al., 2015	AADR	Bone/Teeth (Human/Animal)	Human	Genomically Integrated
aadr			PSUAMS-2297	7475	30		Barcın Höyük	settlement	Sk: BAR271 / M10-271 DNA id: I1097			bone	human	Bursa	Turkey	40.21	29.53	Mathieson et al., 2015	AADR	Bone/Teeth (Human/Animal)	Human	Genomically Integrated
aadr			MAMS-246043	7506	27		Barcın Höyük	settlement	Sk: M10-455(BH43347(lot.1856)) DNA id: Bar25			bone	human	Bursa	Turkey	40.21	29.53	Marchi et al., 2022	AADR	Bone/Teeth (Human/Animal)	Human	Genomically Integrated
aadr			PSUAMS-4147	2110	20		Büyüklü	settlement	Sk: Grave 2, BU DNA id: I5249			bone	human	Samsun	Turkey	41.154	36.495	Lazaridis et al., 2022	AADR	Bone/Teeth (Human/Animal)	Human	Genomically Integrated
aadr			MAMS-41629	4713	21		Çamlıbel Tarlası	settlement	Sk: Grave 5, 464-4072 DNA id: CBT005			bone	human	Çorum	Turkey	40.019745	34.586129	Skourtanioti et al., 2020	AADR	Bone/Teeth (Human/Animal)	Human	Genomically Integrated
aadr			MAMS-41627	4725	20		Çamlıbel Tarlası	settlement	Sk: Grave 1, 204-1103 DNA id: CBT001			bone	human	Çorum	Turkey	40.019745	34.586129	Skourtanioti et al., 2020	AADR	Bone/Teeth (Human/Animal)	Human	Genomically Integrated
aadr			MAMS-41628	4765	20		Çamlıbel Tarlası	settlement	Sk: Grave 4, 406-3224 DNA id: CBT004			bone	human	Çorum	Turkey	40.019745	34.586129	Skourtanioti et al., 2020	AADR	Bone/Teeth (Human/Animal)	Human	Genomically Integrated
aadr			MAMS-41632	4767	28		Çamlıbel Tarlası	settlement	Sk: Grave 14, 971-6144 DNA id: CBT014			bone	human	Çorum	Turkey	40.019745	34.586129	Skourtanioti et al., 2020	AADR	Bone/Teeth (Human/Animal)	Human	Genomically Integrated
aadr			MAMS-41633	4787	28		Çamlıbel Tarlası	settlement	Sk: Grave 15, 978-6140 DNA id: CBT015			bone	human	Çorum	Turkey	40.019745	34.586129	Skourtanioti et al., 2020	AADR	Bone/Teeth (Human/Animal)	Human	Genomically Integrated
aadr			MAMS-41631	4796	23		Çamlıbel Tarlası	settlement	Sk: Grave 13, 950-6118 DNA id: CBT013			bone	human	Çorum	Turkey	40.019745	34.586129	Skourtanioti et al., 2020	AADR	Bone/Teeth (Human/Animal)	Human	Genomically Integrated
aadr			MAMS-41630	4809	30		Çamlıbel Tarlası	settlement	Sk: Grave 2, 327-921 DNA id: CBT002			bone	human	Çorum	Turkey	40.019745	34.586129	Skourtanioti et al., 2020	AADR	Bone/Teeth (Human/Animal)	Human	Genomically Integrated
aadr			MAMS-41634	4828	29		Çamlıbel Tarlası	settlement	Sk: Grave 16, 894-5819 DNA id: CBT016			bone	human	Çorum	Turkey	40.019745	34.586129	Skourtanioti et al., 2020	AADR	Bone/Teeth (Human/Animal)	Human	Genomically Integrated
aadr			PSUAMS-8726	355	15		Çapalıbağ	settlement	Sk: 18CS228-Ind. 2 DNA id: I20328			bone	human	Muğla	Turkey	37.34	28.04	Lazaridis et al., 2022	AADR	Bone/Teeth (Human/Animal)	Human	Genomically Integrated
aadr			PSUAMS-8790	355	20		Çapalıbağ	settlement	Sk: 18CS237 DNA id: I20570			bone	human	Muğla	Turkey	37.34	28.04	Lazaridis et al., 2022	AADR	Bone/Teeth (Human/Animal)	Human	Genomically Integrated
aadr			PSUAMS-8836	400	20		Çapalıbağ	settlement	Sk: 18CS206 DNA id: I20571			bone	human	Muğla	Turkey	37.34	28.04	Lazaridis et al., 2022	AADR	Bone/Teeth (Human/Animal)	Human	Genomically Integrated
aadr			PSUAMS-8792	510	20		Çapalıbağ	settlement	Sk: 18CS267 DNA id: I20573			bone	human	Muğla	Turkey	37.34	28.04	Lazaridis et al., 2022	AADR	Bone/Teeth (Human/Animal)	Human	Genomically Integrated
aadr			PSUAMS-8791	550	20		Çapalıbağ	settlement	Sk: 18CS249 DNA id: I20572			bone	human	Muğla	Turkey	37.34	28.04	Lazaridis et al., 2022	AADR	Bone/Teeth (Human/Animal)	Human	Genomically Integrated
aadr			PSUAMS-6842	2470	20		Çavuştepe	settlement	Sk: X2-G2 (Grave 7) DNA id: I14764			bone	human	Van	Turkey	38.34	43.45	Lazaridis et al., 2022	AADR	Bone/Teeth (Human/Animal)	Human	Genomically Integrated
aadr			PSUAMS-4141	1755	20		Cedit-Basarabya	settlement	Sk: CE-Chamber 1: Individual 4 DNA id: I4530			bone	human	Samsun	Turkey	41.313	36.33	Lazaridis et al., 2022	AADR	Bone/Teeth (Human/Animal)	Human	Genomically Integrated
aadr			PSUAMS-4222	1785	20		Cedit-Basarabya	settlement	Sk: CE-Chamber 1: Individual 5 DNA id: I4531			bone	human	Samsun	Turkey	41.313	36.33	Lazaridis et al., 2022	AADR	Bone/Teeth (Human/Animal)	Human	Genomically Integrated
aadr			PSUAMS-3109	1820	15		Cedit-Basarabya	settlement	Sk: CE-Chamber 1: Individual 3 DNA id: I4529			bone	human	Samsun	Turkey	41.313	36.33	Lazaridis et al., 2022	AADR	Bone/Teeth (Human/Animal)	Human	Genomically Integrated
aadr			PSUAMS-4142	1200	15		Dara Necropolis	settlement	Sk: D9 DNA id: I4533			bone	human	Mardin	Turkey	37.177	40.952	Lazaridis et al., 2022	AADR	Bone/Teeth (Human/Animal)	Human	Genomically Integrated
aadr			PSUAMS-3061	1265	20		Dara Necropolis	settlement	Sk: D7 DNA id: I4532			bone	human	Mardin	Turkey	37.177	40.952	Lazaridis et al., 2022	AADR	Bone/Teeth (Human/Animal)	Human	Genomically Integrated
aadr			PSUAMS-4140	1275	15		Dara Necropolis	settlement	Sk: D6 DNA id: I4475			bone	human	Mardin	Turkey	37.177	40.952	Lazaridis et al., 2022	AADR	Bone/Teeth (Human/Animal)	Human	Genomically Integrated
aadr			PSUAMS-4210	1395	20		Dara Necropolis	settlement	Sk: D5 DNA id: I4474			bone	human	Mardin	Turkey	37.177	40.952	Lazaridis et al., 2022	AADR	Bone/Teeth (Human/Animal)	Human	Genomically Integrated
aadr			PSUAMS-3225	3960	20		Devret Höyük	settlement	Sk: Grave MB.3  DNA id: I7079			bone	human	Amasya	Turkey	40.69	35.56	Lazaridis et al., 2022	AADR	Bone/Teeth (Human/Animal)	Human	Genomically Integrated
aadr			PSUAMS-3069	4095	20		Devret Höyük	settlement	Sk: Grave MB.6  DNA id: I5740			bone	human	Amasya	Turkey	40.69	35.56	Lazaridis et al., 2022	AADR	Bone/Teeth (Human/Animal)	Human	Genomically Integrated
aadr			PSUAMS-3224	4230	20		Devret Höyük	settlement	Sk: Grave MC.1  DNA id: I7073			bone	human	Amasya	Turkey	40.69	35.56	Lazaridis et al., 2022	AADR	Bone/Teeth (Human/Animal)	Human	Genomically Integrated
aadr			PSUAMS-3110	4365	25		Devret Höyük	settlement	Sk: Grave MD.4 DNA id: I5743			bone	human	Amasya	Turkey	40.69	35.56	Lazaridis et al., 2022	AADR	Bone/Teeth (Human/Animal)	Human	Genomically Integrated
aadr			PSUAMS-3116	4385	25		Devret Höyük	settlement	Sk: Grave MD.1 DNA id: I5742			bone	human	Amasya	Turkey	40.69	35.56	Lazaridis et al., 2022	AADR	Bone/Teeth (Human/Animal)	Human	Genomically Integrated
aadr			PSUAMS-3070	4490	20		Devret Höyük	settlement	Sk: Grave MC.4 DNA id: I5741			bone	human	Amasya	Turkey	40.69	35.56	Lazaridis et al., 2022	AADR	Bone/Teeth (Human/Animal)	Human	Genomically Integrated
aadr		AMS	UCIAMS-286284	2180	15		Ephesus	settlement	Sk: Octagon_Tomb (Sarcophagus) DNA id: EphesosOctagonI			bone	human	İzmir	Turkey	37.9498	27.3636	Weber et al., 2025	AADR	Bone/Teeth (Human/Animal)	Human	Genomically Integrated
aadr			PSUAMS-3809	2505	20		Gordion	settlement	Sk: TWO CODES: (1) GDN333; 47398; OP 22-502-333; (2) GDN322; 47397; 27-502-322 DNA id: I3917			bone	human	Ankara	Turkey	39.65248	31.996659	Lazaridis et al., 2022	AADR	Bone/Teeth (Human/Animal)	Human	Genomically Integrated
aadr			PSUAMS-6968	2515	25		Gordion	settlement	Sk: GDN13; YH36111; OP 20 Lot 13; 93 DNA id: I4029			bone	human	Ankara	Turkey	39.65248	31.996659	Lazaridis et al., 2022	AADR	Bone/Teeth (Human/Animal)	Human	Genomically Integrated
aadr		AMS	PSUAMS-14619	2250	20		Gordion	settlement	Sk: 45830; OP 38.19-56 1995 (GDN56) DNA id: I3916			bone	human	Ankara	Turkey	39.65248	31.996659	Lazaridis et al., 2022	AADR	Bone/Teeth (Human/Animal)	Human	Genomically Integrated
aadr			PSUAMS-14612	1840	20		Gordion	settlement	Sk: GDN145 DNA id: I6574			bone	human	Ankara	Turkey	39.65248	31.996659	Lazaridis et al., 2022	AADR	Bone/Teeth (Human/Animal)	Human	Genomically Integrated
aadr			PSUAMS-3994	2185	25		Halikarnassos	settlement	Sk: YKB15.86P.M14.SK1 DNA id: I3303			bone	human	Muğla	Turkey	37.044768	27.436551	Lazaridis et al., 2022	AADR	Bone/Teeth (Human/Animal)	Human	Genomically Integrated
aadr			PSUAMS-3808	2360	20		Halikarnassos	settlement	Sk: YKB15.51P.M1.SK1 DNA id: I3225			bone	human	Muğla	Turkey	37.044768	27.436551	Lazaridis et al., 2022	AADR	Bone/Teeth (Human/Animal)	Human	Genomically Integrated
aadr			Poz-81111	3925	35		Harmanören	settlement	Sk: A4-1 (A-4-1, (Hom 1993)) DNA id: I2495			bone	human	Isparta	Turkey	37.91774	30.70839	Lazaridis et al., 2017	AADR	Bone/Teeth (Human/Animal)	Human	Genomically Integrated
aadr			PSUAMS-1988	4015	30		Harmanören	settlement	Sk: G3/95 (G4/93) ((Hom 1993)) DNA id: I2683			bone	human	Isparta	Turkey	37.91774	30.70839	Lazaridis et al., 2017	AADR	Bone/Teeth (Human/Animal)	Human	Genomically Integrated
aadr			Poz-82213	4040	35		Harmanören	settlement	Sk: U1c ((Hom 2002)) DNA id: I2499			bone	human	Isparta	Turkey	37.91774	30.70839	Lazaridis et al., 2017	AADR	Bone/Teeth (Human/Animal)	Human	Genomically Integrated
aadr			MAMS-40673	4488	22		İkiztepe	settlement	Sk: SK 528 DNA id: IKI002			bone	human	Samsun	Turkey	41.6136944	35.8711361	Skourtanioti et al., 2020	AADR	Bone/Teeth (Human/Animal)	Human	Genomically Integrated
aadr			MAMS-40674	4552	22		İkiztepe	settlement	Sk: SK 552 DNA id: IKI009			bone	human	Samsun	Turkey	41.6136944	35.8711361	Skourtanioti et al., 2020	AADR	Bone/Teeth (Human/Animal)	Human	Genomically Integrated
aadr			MAMS-40675	4557	22		İkiztepe	settlement	Sk: SK 567 DNA id: IKI012			bone	human	Samsun	Turkey	41.6136944	35.8711361	Skourtanioti et al., 2020	AADR	Bone/Teeth (Human/Animal)	Human	Genomically Integrated
aadr			MAMS-40677	4580	26		İkiztepe	settlement	Sk: SK 593 DNA id: IKI017			bone	human	Samsun	Turkey	41.6136944	35.8711361	Skourtanioti et al., 2020	AADR	Bone/Teeth (Human/Animal)	Human	Genomically Integrated
aadr			MAMS-40680	4623	26		İkiztepe	settlement	Sk: SK 665 DNA id: IKI034			bone	human	Samsun	Turkey	41.6136944	35.8711361	Skourtanioti et al., 2020	AADR	Bone/Teeth (Human/Animal)	Human	Genomically Integrated
aadr			MAMS-40679	4635	26		İkiztepe	settlement	Sk: SK 652 DNA id: IKI030			bone	human	Samsun	Turkey	41.6136944	35.8711361	Skourtanioti et al., 2020	AADR	Bone/Teeth (Human/Animal)	Human	Genomically Integrated
aadr			MAMS-40676	4671	22		İkiztepe	settlement	Sk: SK 581 DNA id: IKI016			bone	human	Samsun	Turkey	41.6136944	35.8711361	Skourtanioti et al., 2020	AADR	Bone/Teeth (Human/Animal)	Human	Genomically Integrated
aadr			MAMS-40681	4700	26		İkiztepe	settlement	Sk: SK 668 DNA id: IKI036			bone	human	Samsun	Turkey	41.6136944	35.8711361	Skourtanioti et al., 2020	AADR	Bone/Teeth (Human/Animal)	Human	Genomically Integrated
aadr			MAMS-40683	4738	26		İkiztepe	settlement	Sk: SK 677 DNA id: IKI038			bone	human	Samsun	Turkey	41.6136944	35.8711361	Skourtanioti et al., 2020	AADR	Bone/Teeth (Human/Animal)	Human	Genomically Integrated
aadr			MAMS-40682	4748	29		İkiztepe	settlement	Sk: SK 675 DNA id: IKI037			bone	human	Samsun	Turkey	41.6136944	35.8711361	Skourtanioti et al., 2020	AADR	Bone/Teeth (Human/Animal)	Human	Genomically Integrated
aadr			MAMS-40678	5080	27		İkiztepe	settlement	Sk: SK 635 DNA id: IKI024			bone	human	Samsun	Turkey	41.6136944	35.8711361	Skourtanioti et al., 2020	AADR	Bone/Teeth (Human/Animal)	Human	Genomically Integrated
aadr			PSUAMS-4781	1255	15		Ilıpınar	settlement	Sk: UK-X12 DNA id: I10430			bone	human	Bursa	Turkey	40.4683	29.3091	Lazaridis et al., 2022	AADR	Bone/Teeth (Human/Animal)	Human	Genomically Integrated
aadr			PSUAMS-7729	4730	25		Ilıpınar	settlement	Sk: UR-U13 DNA id: I10542			bone	human	Bursa	Turkey	40.4683	29.3091	Lazaridis et al., 2022	AADR	Bone/Teeth (Human/Animal)	Human	Genomically Integrated
aadr			PSUAMS-5520	1670	20		İznik-Basilica	settlement	Sk: KM-6 DNA id: I8372			bone	human	Bursa	Turkey	40.42	29.71	Lazaridis et al., 2022	AADR	Bone/Teeth (Human/Animal)	Human	Genomically Integrated
aadr			PSUAMS-6832	330	20		İznik-Yenişehirkapı	settlement	Sk: M3b DNA id: I14844			bone	human	Bursa	Turkey	40.42	29.71	Lazaridis et al., 2022	AADR	Bone/Teeth (Human/Animal)	Human	Genomically Integrated
aadr			PSUAMS-6792	1590	20		İznik-Yenişehirkapı	settlement	Sk: M7 DNA id: I14839			bone	human	Bursa	Turkey	40.42	29.71	Lazaridis et al., 2022	AADR	Bone/Teeth (Human/Animal)	Human	Genomically Integrated
aadr			PSUAMS-7849	1620	20		İznik-Yenişehirkapı	settlement	Sk: M6 DNA id: I14840			bone	human	Bursa	Turkey	40.42	29.71	Lazaridis et al., 2022	AADR	Bone/Teeth (Human/Animal)	Human	Genomically Integrated
aadr			PSUAMS-6940	2385	20		Kuriki Höyük	settlement	Sk: Locus 79; KH12E DNA id: I14733			bone	human	Batman	Turkey	37.79	41.01	Lazaridis et al., 2022	AADR	Bone/Teeth (Human/Animal)	Human	Genomically Integrated
aadr			PSUAMS-6833	2500	30		Kuriki Höyük	settlement	Sk: Locus104; KH14EB DNA id: I14644			bone	human	Batman	Turkey	37.79	41.01	Lazaridis et al., 2022	AADR	Bone/Teeth (Human/Animal)	Human	Genomically Integrated
aadr			PSUAMS-1965	7035	35		Menteşe Höyük	settlement	Sk: M229 (M16 T1 (UH 2000)) | T1, M229 / UH DNA id: I0723			bone	human	Bursa	Turkey	40.26	29.65	Mathieson et al., 2015	AADR	Bone/Teeth (Human/Animal)	Human	Genomically Integrated
aadr			PSUAMS-6843	3040	25		Muradiye	settlement	Sk: Muradiye 1 DNA id: I14767			bone	human	Van	Turkey	38.98	43.75	Lazaridis et al., 2022	AADR	Bone/Teeth (Human/Animal)	Human	Genomically Integrated
aadr			PSUAMS-7861	1040	15		Oylum Höyük	settlement	Sk: X42a-c /14 DNA id: I14791			bone	human	Kilis	Turkey	36.69	37.17	Lazaridis et al., 2022	AADR	Bone/Teeth (Human/Animal)	Human	Genomically Integrated
aadr			PSUAMS-8436	1215	15		Oylum Höyük	settlement	Sk: X42a-c-Y42ba(45/126) DNA id: I14760			bone	human	Kilis	Turkey	36.69	37.17	Lazaridis et al., 2022	AADR	Bone/Teeth (Human/Animal)	Human	Genomically Integrated
aadr			PSUAMS-6835	3330	25		Oylum Höyük	settlement	Sk: J22/OBY123 DNA id: I14786			bone	human	Kilis	Turkey	36.69	37.17	Lazaridis et al., 2022	AADR	Bone/Teeth (Human/Animal)	Human	Genomically Integrated
aadr			PSUAMS-6841	3355	25		Oylum Höyük	settlement	Sk: J22/OBY100 DNA id: I14762			bone	human	Kilis	Turkey	36.69	37.17	Lazaridis et al., 2022	AADR	Bone/Teeth (Human/Animal)	Human	Genomically Integrated
aadr			PSUAMS-6836	3415	25		Oylum Höyük	settlement	Sk: K21/OBY155 DNA id: I14789			bone	human	Kilis	Turkey	36.69	37.17	Lazaridis et al., 2022	AADR	Bone/Teeth (Human/Animal)	Human	Genomically Integrated
aadr			PSUAMS-6834	3435	25		Oylum Höyük	settlement	Sk: K21/OBY128-Sk3 DNA id: I14784			bone	human	Kilis	Turkey	36.69	37.17	Lazaridis et al., 2022	AADR	Bone/Teeth (Human/Animal)	Human	Genomically Integrated
aadr			PSUAMS-6844	3840	25		Oylum Höyük	settlement	Sk: N165 E75 oby25 DNA id: I14792			bone	human	Kilis	Turkey	36.69	37.17	Lazaridis et al., 2022	AADR	Bone/Teeth (Human/Animal)	Human	Genomically Integrated
aadr			MAMS-30693	12890	40		Pınarbaşı	settlement	Sk: ZBC DNA id: ZBC			bone	human	Konya	Turkey	37.4939	33.0171	Feldman et al., 2019	AADR	Bone/Teeth (Human/Animal)	Human	Genomically Integrated
aadr			PSUAMS-9548	710	20		Stratonikeia	settlement	Sk: 14BCM12 DNA id: I20187			bone	human	Muğla	Turkey	37.3	28.03	Lazaridis et al., 2022	AADR	Bone/Teeth (Human/Animal)	Human	Genomically Integrated
aadr			PSUAMS-8565	955	15		Stratonikeia	settlement	Sk: Burial 1 DNA id: I20140			bone	human	Muğla	Turkey	37.3	28.03	Lazaridis et al., 2022	AADR	Bone/Teeth (Human/Animal)	Human	Genomically Integrated
aadr			PSUAMS-3067	4070	30		Tatika Höyük	settlement	Sk: C7, 9G DNA id: I4621			bone	human	Şırnak	Turkey	37.5432	41.8662	Lazaridis et al., 2022	AADR	Bone/Teeth (Human/Animal)	Human	Genomically Integrated
aadr			PSUAMS-3065	4100	25		Tatika Höyük	settlement	Sk: E7, 5G DNA id: I4619			bone	human	Şırnak	Turkey	37.5432	41.8662	Lazaridis et al., 2022	AADR	Bone/Teeth (Human/Animal)	Human	Genomically Integrated
aadr			PSUAMS-3066	4115	25		Tatika Höyük	settlement	Sk: E7, 4G DNA id: I4620			bone	human	Şırnak	Turkey	37.5432	41.8662	Lazaridis et al., 2022	AADR	Bone/Teeth (Human/Animal)	Human	Genomically Integrated
aadr			PSUAMS-3064	4130	30		Tatika Höyük	settlement	Sk: B8, 15G DNA id: I4616			bone	human	Şırnak	Turkey	37.5432	41.8662	Lazaridis et al., 2022	AADR	Bone/Teeth (Human/Animal)	Human	Genomically Integrated
aadr			PSUAMS-3214	4165	25		Tatika Höyük	settlement	Sk: E7, 6G DNA id: I4481			bone	human	Şırnak	Turkey	37.5432	41.8662	Lazaridis et al., 2022	AADR	Bone/Teeth (Human/Animal)	Human	Genomically Integrated
aadr			PSUAMS-3062	4395	25		Tatika Höyük	settlement	Sk: E6, 10G DNA id: I4614			bone	human	Şırnak	Turkey	37.5432	41.8662	Lazaridis et al., 2022	AADR	Bone/Teeth (Human/Animal)	Human	Genomically Integrated
aadr			PSUAMS-3063	4415	20		Tatika Höyük	settlement	Sk: B7, 27G DNA id: I4615			bone	human	Şırnak	Turkey	37.5432	41.8662	Lazaridis et al., 2022	AADR	Bone/Teeth (Human/Animal)	Human	Genomically Integrated
aadr			PSUAMS-3215	4535	25		Tatika Höyük	settlement	Sk: B7 (small jar in the museum of Mardin) DNA id: I4483			bone	human	Şırnak	Turkey	37.5432	41.8662	Lazaridis et al., 2022	AADR	Bone/Teeth (Human/Animal)	Human	Genomically Integrated
aadr			PSUAMS-3213	4550	30		Tatika Höyük	settlement	Sk: E6, 15G DNA id: I4480			bone	human	Şırnak	Turkey	37.5432	41.8662	Lazaridis et al., 2022	AADR	Bone/Teeth (Human/Animal)	Human	Genomically Integrated
aadr			PSUAMS-3068	4780	25		Tatika Höyük	settlement	Sk: C8, 27G DNA id: I4622			bone	human	Şırnak	Turkey	37.5432	41.8662	Lazaridis et al., 2022	AADR	Bone/Teeth (Human/Animal)	Human	Genomically Integrated
aadr			MAMS-40664	6044	22		Tell Kurdu	settlement	Sk: TK_24_3 DNA id: KRD002			bone	human	Hatay	Turkey	36.329405	36.444255	Skourtanioti et al., 2020	AADR	Bone/Teeth (Human/Animal)	Human	Genomically Integrated
aadr			MAMS-40665	6739	23		Tell Kurdu	settlement	Sk: TK_22_2 DNA id: KRD003			bone	human	Hatay	Turkey	36.329405	36.444255	Skourtanioti et al., 2020	AADR	Bone/Teeth (Human/Animal)	Human	Genomically Integrated
aadr			MAMS-40666	6766	25		Tell Kurdu	settlement	Sk: TK_25_80 DNA id: KRD004			bone	human	Hatay	Turkey	36.329405	36.444255	Skourtanioti et al., 2020	AADR	Bone/Teeth (Human/Animal)	Human	Genomically Integrated
aadr			MAMS-40663	6783	23		Tell Kurdu	settlement	Sk: TK_12_81 DNA id: KRD001			bone	human	Hatay	Turkey	36.329405	36.444255	Skourtanioti et al., 2020	AADR	Bone/Teeth (Human/Animal)	Human	Genomically Integrated
aadr			MAMS-40667	6838	24		Tell Kurdu	settlement	Sk: TK_25_89 DNA id: KRD005			bone	human	Hatay	Turkey	36.329405	36.444255	Skourtanioti et al., 2020	AADR	Bone/Teeth (Human/Animal)	Human	Genomically Integrated
aadr			Beta-410030	7750	30		Tepecik-Çiftlik	settlement	Sk: TP’10 BB 4-23 DNA id: Tep001			bone	human	Niğde	Turkey	38.1722	34.4939	Kılınç et al., 2016	AADR	Bone/Teeth (Human/Animal)	Human	Genomically Integrated
aadr			PSUAMS-6840	955	20		Tilbeşar Höyük	settlement	Sk: Locus 11; TH15 BJ990 DNA id: I14648			bone	human	Gaziantep	Turkey	36.87	37.54	Lazaridis et al., 2022	AADR	Bone/Teeth (Human/Animal)	Human	Genomically Integrated
aadr			MAMS-40684	3799	25		Titriş Höyük	settlement	Sk: TH80084  DNA id: TIT021			bone	human	Urfa	Turkey	37.4762	38.6761	Skourtanioti et al., 2020	AADR	Bone/Teeth (Human/Animal)	Human	Genomically Integrated
aadr			PSUAMS-2803	3620	20		Yassıtepe	settlement	Sk: YE-YA'15-1 DNA id: I5737			bone	human	İzmir	Turkey	38.42	27.14	Lazaridis et al., 2022	AADR	Bone/Teeth (Human/Animal)	Human	Genomically Integrated
aadr			PSUAMS-2802	4185	20		Yassıtepe	settlement	Sk: YE-YA'16 - 1 DNA id: I5733			bone	human	İzmir	Turkey	38.42	27.14	Lazaridis et al., 2022	AADR	Bone/Teeth (Human/Animal)	Human	Genomically Integrated
aadr			PSUAMS-4146	2125	20		Zafer-Azman	settlement	Sk: AZ-Grave 2 DNA id: I5228			bone	human	Samsun	Turkey	41.116	36.422	Lazaridis et al., 2022	AADR	Bone/Teeth (Human/Animal)	Human	Genomically Integrated
aadr			PSUAMS-6790	295	20		Zeytinliada	settlement	Sk: ZK-59 DNA id: I14823			bone	human	Balıkesir	Turkey	40.39	27.79	Lazaridis et al., 2022	AADR	Bone/Teeth (Human/Animal)	Human	Genomically Integrated
aadr			PSUAMS-6789	340	20		Zeytinliada	settlement	Sk: ZK-77 DNA id: I14820			bone	human	Balıkesir	Turkey	40.39	27.79	Lazaridis et al., 2022	AADR	Bone/Teeth (Human/Animal)	Human	Genomically Integrated
aadr			PSUAMS-6791	1565	20		Zeytinliada	settlement	Sk: ZK-106 DNA id: I14824			bone	human	Balıkesir	Turkey	40.39	27.79	Lazaridis et al., 2022	AADR	Bone/Teeth (Human/Animal)	Human	Genomically Integrated
c-turkey		AMS	Beta-unknownacem	3800	30		Acemhöyük	settlement	Layer VII	Early Bronze Age III	Early Bronze Age III	charred material		Aksaray	Turkey	38.4109576	33.83586586	Dardeniz and Öztan, 2020	C-Turkey (Current Study)	Indeterminate/Other	Indeterminate	Chronometric Only
c-turkey		AMS	UCIAMS199300	3745	15		Acemhöyük	settlement	DNA id: AC8811_Tur_m2125	Bronze Age	Bronze Age	bone	horse	Aksaray	Turkey	38.411227	33.835694	Librado et al., 2024	C-Turkey (Current Study)	Bone/Teeth (Human/Animal)	Animal	Genomically Integrated
c-turkey		AMS	UCIAMS199632	2225	20		Acemhöyük	settlement	DNA id: AC7970_Tur_m290	Iron Age	Iron Age	bone	horse	Aksaray	Turkey	38.411227	33.835694	Librado et al., 2024	C-Turkey (Current Study)	Bone/Teeth (Human/Animal)	Animal	Genomically Integrated
c-turkey			MAMS-25474	6659	29		Aktopraklık	settlement	Sk: 17 H 50.1  DNA id: AKT6			bone	human	Bursa	Turkey	40.1718	28.7277	Hofmanova, 2016 (dissertation)	C-Turkey (Current Study)	Bone/Teeth (Human/Animal)	Human	Genomically Integrated
c-turkey			MAMS-25476	7567	33		Aktopraklık	settlement	Sk: 89 D 17.1  DNA id: AKT18			bone	human	Bursa	Turkey	40.1718	28.7277	Hofmanova, 2016 (dissertation)	C-Turkey (Current Study)	Bone/Teeth (Human/Animal)	Human	Genomically Integrated
c-turkey			MAMS-25477	7602	30		Aktopraklık	settlement	Sk: 89 E 9.3  DNA id: AKT20			bone	human	Bursa	Turkey	40.1718	28.7277	Hofmanova, 2016 (dissertation)	C-Turkey (Current Study)	Bone/Teeth (Human/Animal)	Human	Genomically Integrated
c-turkey			MAMS-48945	3099	26		Alalakh	settlement	Sk: 64.72 Locus 135 DNA id: ALA131.A			bone	human	Hatay	Turkey	36.23766318	36.38452688	Ingman et al., 2021	C-Turkey (Current Study)	Bone/Teeth (Human/Animal)	Human	Genomically Integrated
c-turkey			MAMS-48944	3375	25		Alalakh	settlement	Sk: 64.72 Locus 128 DNA id: ALA130.A			bone	human	Hatay	Turkey	36.23766318	36.38452688	Ingman et al., 2021	C-Turkey (Current Study)	Bone/Teeth (Human/Animal)	Human	Genomically Integrated
c-turkey			MAMS-48948	3383	25		Alalakh	settlement	Sk: 64.72 Locus 144 DNA id: ALA138.A			bone	human	Hatay	Turkey	36.23766318	36.38452688	Ingman et al., 2021	C-Turkey (Current Study)	Bone/Teeth (Human/Animal)	Human	Genomically Integrated
c-turkey			MAMS-38609	3416	30		Alalakh	settlement	Sk: 45.44, Locus 135, AT 17689 DNA id: ALA009.C			bone	human	Hatay	Turkey	36.23766318	36.38452688	Ingman et al., 2021	C-Turkey (Current Study)	Bone/Teeth (Human/Animal)	Human	Genomically Integrated
c-turkey			MAMS-48946	3438	25		Alalakh	settlement	Sk: 64.72 Locus 139 DNA id: ALA135.A			bone	human	Hatay	Turkey	36.23766318	36.38452688	Ingman et al., 2021	C-Turkey (Current Study)	Bone/Teeth (Human/Animal)	Human	Genomically Integrated
c-turkey			MAMS-48947	3440	25		Alalakh	settlement	Sk: 64.72 Locus 141 DNA id: ALA136.A			bone	human	Hatay	Turkey	36.23766318	36.38452688	Ingman et al., 2021	C-Turkey (Current Study)	Bone/Teeth (Human/Animal)	Human	Genomically Integrated
c-turkey			MAMS-38608	3552	23		Alalakh	settlement	Sk: 45.44, Locus 135, AT 17689 DNA id: ALA009.B			bone	human	Hatay	Turkey	36.23766318	36.38452688	Ingman et al., 2021	C-Turkey (Current Study)	Bone/Teeth (Human/Animal)	Human	Genomically Integrated
c-turkey			TUBITAK-0849	8454	35		Aşıklı Höyük	settlement	Sk: 2 DNA id: Ash002			bone	human	Aksaray	Turkey	38.34828603	34.22991895	Yaka et al., 2021	C-Turkey (Current Study)	Bone/Teeth (Human/Animal)	Human	Genomically Integrated
c-turkey			TUBITAK-0850	8698	39		Aşıklı Höyük	settlement	Sk: 40 DNA id: Ash040			bone	human	Aksaray	Turkey	38.34828603	34.22991895	Yaka et al., 2021	C-Turkey (Current Study)	Bone/Teeth (Human/Animal)	Human	Genomically Integrated
c-turkey			TUBITAK-0738	8727	42		Aşıklı Höyük	settlement	Sk: 33 DNA id: Ash033			bone	human	Aksaray	Turkey	38.34828603	34.22991895	Yaka et al., 2021	C-Turkey (Current Study)	Bone/Teeth (Human/Animal)	Human	Genomically Integrated
c-turkey			UA-57653	8773	37		Aşıklı Höyük	settlement	Sk: 129 DNA id: Ash129			bone	human	Aksaray	Turkey	38.34828603	34.22991895	Yaka et al., 2021	C-Turkey (Current Study)	Bone/Teeth (Human/Animal)	Human	Genomically Integrated
c-turkey			UA-57654	8789	38		Aşıklı Höyük	settlement	Sk: 133 DNA id: Ash133			bone	human	Aksaray	Turkey	38.34828603	34.22991895	Yaka et al., 2021	C-Turkey (Current Study)	Bone/Teeth (Human/Animal)	Human	Genomically Integrated
c-turkey			TUBITAK-0740	8794	40		Aşıklı Höyük	settlement	Sk: 136 DNA id: Ash136			bone	human	Aksaray	Turkey	38.34828603	34.22991895	Yaka et al., 2021	C-Turkey (Current Study)	Bone/Teeth (Human/Animal)	Human	Genomically Integrated
c-turkey			TUBITAK-0739	8820	40		Aşıklı Höyük	settlement	Sk: 131 DNA id: Ash131			bone	human	Aksaray	Turkey	38.34828603	34.22991895	Yaka et al., 2021	C-Turkey (Current Study)	Bone/Teeth (Human/Animal)	Human	Genomically Integrated
c-turkey			TUBITAK-0313	8828	42		Aşıklı Höyük	settlement	Sk: 133 DNA id: Ash133			bone	human	Aksaray	Turkey	38.34828603	34.22991895	Yaka et al., 2021	C-Turkey (Current Study)	Bone/Teeth (Human/Animal)	Human	Genomically Integrated
c-turkey			TUBITAK-0312	8840	40		Aşıklı Höyük	settlement	Sk: 129 DNA id: Ash129			bone	human	Aksaray	Turkey	38.34828603	34.22991895	Yaka et al., 2021	C-Turkey (Current Study)	Bone/Teeth (Human/Animal)	Human	Genomically Integrated
c-turkey			UA-57652	8894	38		Aşıklı Höyük	settlement	Sk: 128 DNA id: Ash128			bone	human	Aksaray	Turkey	38.34828603	34.22991895	Yaka et al., 2021	C-Turkey (Current Study)	Bone/Teeth (Human/Animal)	Human	Genomically Integrated
c-turkey			TUBITAK-0311	8895	39		Aşıklı Höyük	settlement	Sk: 128 DNA id: Ash128			bone	human	Aksaray	Turkey	38.34828603	34.22991895	Yaka et al., 2021	C-Turkey (Current Study)	Bone/Teeth (Human/Animal)	Human	Genomically Integrated
c-turkey		AMS	AYN-03	1842	25		Ayanis Kalesi	settlement	northern pit	Iron Age	Iron Age	bulk soil		Van	Turkey	38.70821829	43.21243866	Işıklı et al., 2021	C-Turkey (Current Study)	Environmental/Soil	Mollusc/Sediment/Soil	Chronometric Only
c-turkey		AMS	AYN-06	2404	29		Ayanis Kalesi	settlement	podium hall	Iron Age	Iron Age	charcoal		Van	Turkey	38.70821829	43.21243866	Işıklı et al., 2021	C-Turkey (Current Study)	Woody Plants (Charcoal)	Tree/Shrub	Chronometric Only
c-turkey			AYN-04	2519	25		Ayanis Kalesi	settlement	southern fortification wall surrounding the stadium	Iron Age	Iron Age	bone	human	Van	Turkey	38.70821829	43.21243866	Işıklı et al., 2021	C-Turkey (Current Study)	Bone/Teeth (Human/Animal)	Human	Chronometric Only
c-turkey		AMS	AYN-02	2793	26		Ayanis Kalesi	settlement	northern pit	Iron Age	Iron Age	bulk soil		Van	Turkey	38.70821829	43.21243866	Işıklı et al., 2021	C-Turkey (Current Study)	Environmental/Soil	Mollusc/Sediment/Soil	Chronometric Only
c-turkey		AMS	AYN-01	2799	25		Ayanis Kalesi	settlement	temple couryard	Iron Age	Iron Age	charcoal		Van	Turkey	38.70821829	43.21243866	Işıklı et al., 2021	C-Turkey (Current Study)	Woody Plants (Charcoal)	Tree/Shrub	Chronometric Only
c-turkey		AMS	AYN-05	2821	26		Ayanis Kalesi	settlement	temple couryard	Iron Age	Iron Age	charcoal		Van	Turkey	38.70821829	43.21243866	Işıklı et al., 2021	C-Turkey (Current Study)	Woody Plants (Charcoal)	Tree/Shrub	Chronometric Only
c-turkey		AMS	TUBITAK-2370	7438	33		Bademağacı	settlement	Sk: BH ENÇ ll/2 izole 1 DNA id: bad017	Neolithic	Neolithic	bone	human	Antalya	Turkey	37.21267081	30.48284955	Koptekin et al., 2024	C-Turkey (Current Study)	Bone/Teeth (Human/Animal)	Human	Genomically Integrated
c-turkey		AMS	TUBITAK-2371	7407	36		Bademağacı	settlement	Sk: BH'00 EN ll/3 SK 13 A DNA id: bad019	Neolithic	Neolithic	bone	human	Antalya	Turkey	37.21267081	30.48284955	Koptekin et al., 2024	C-Turkey (Current Study)	Bone/Teeth (Human/Animal)	Human	Genomically Integrated
c-turkey		AMS	TUBITAK-2146	7111	32		Bahçelievler	settlement	open space	Level 2	Neolithic	charcoal		Bilecik	Turkey	40.1629317	29.97527809	Fidan et al., 2022	C-Turkey (Current Study)	Woody Plants (Charcoal)	Tree/Shrub	Chronometric Only
c-turkey		AMS	TUBITAK-2151	7125	36		Bahçelievler	settlement	courtyard	Level 2	Neolithic	charcoal		Bilecik	Turkey	40.1629317	29.97527809	Fidan et al., 2022	C-Turkey (Current Study)	Woody Plants (Charcoal)	Tree/Shrub	Chronometric Only
c-turkey		AMS	TUBITAK-2150	7216	35		Bahçelievler	settlement	indoor	Level 2	Neolithic	charcoal		Bilecik	Turkey	40.1629317	29.97527809	Fidan et al., 2022	C-Turkey (Current Study)	Woody Plants (Charcoal)	Tree/Shrub	Chronometric Only
c-turkey		AMS	TUBITAK-2145	7225	31		Bahçelievler	settlement	open space	Level 3	Neolithic	charcoal		Bilecik	Turkey	40.1629317	29.97527809	Fidan et al., 2022	C-Turkey (Current Study)	Woody Plants (Charcoal)	Tree/Shrub	Chronometric Only
c-turkey		AMS	TUBITAK-2147	7248	31		Bahçelievler	settlement	indoor	Level 3	Neolithic	charcoal		Bilecik	Turkey	40.1629317	29.97527809	Fidan et al., 2022	C-Turkey (Current Study)	Woody Plants (Charcoal)	Tree/Shrub	Chronometric Only
c-turkey		AMS	TUBITAK-2148	7357	59		Bahçelievler	settlement	indoor	Level 3	Neolithic	charcoal		Bilecik	Turkey	40.1629317	29.97527809	Fidan et al., 2022	C-Turkey (Current Study)	Woody Plants (Charcoal)	Tree/Shrub	Chronometric Only
c-turkey		AMS	TUBITAK-2156	7433	33		Bahçelievler	settlement	indoor	Level 4	Neolithic	charcoal		Bilecik	Turkey	40.1629317	29.97527809	Fidan et al., 2022	C-Turkey (Current Study)	Woody Plants (Charcoal)	Tree/Shrub	Chronometric Only
c-turkey		AMS	TUBITAK-2149	7448	34		Bahçelievler	settlement	human skeleton	Level 5	Neolithic	bone	human	Bilecik	Turkey	40.1629317	29.97527809	Fidan et al., 2022	C-Turkey (Current Study)	Bone/Teeth (Human/Animal)	Human	Chronometric Only
c-turkey		AMS	TUBITAK-2144	7449	33		Bahçelievler	settlement	courtyard	Level 5	Neolithic	charcoal		Bilecik	Turkey	40.1629317	29.97527809	Fidan et al., 2022	C-Turkey (Current Study)	Woody Plants (Charcoal)	Tree/Shrub	Chronometric Only
c-turkey		AMS	TUBITAK-2152	7473	34		Bahçelievler	settlement	indoor	Level 5	Neolithic	charcoal		Bilecik	Turkey	40.1629317	29.97527809	Fidan et al., 2022	C-Turkey (Current Study)	Woody Plants (Charcoal)	Tree/Shrub	Chronometric Only
c-turkey		AMS	TUBITAK-0996	7660	37		Bahçelievler	settlement	open space	Level 6	Neolithic	sediment		Bilecik	Turkey	40.1629317	29.97527809	Fidan et al., 2022	C-Turkey (Current Study)	Environmental/Soil	Mollusc/Sediment/Soil	Chronometric Only
c-turkey		AMS	TUBITAK-2154	7669	35		Bahçelievler	settlement	human skeleton	Level 6	Neolithic	bone	human	Bilecik	Turkey	40.1629317	29.97527809	Fidan et al., 2022	C-Turkey (Current Study)	Bone/Teeth (Human/Animal)	Human	Chronometric Only
c-turkey		AMS	TUBITAK-1331	7715	34		Bahçelievler	settlement	human skeleton	Level 6	Neolithic	bone	human	Bilecik	Turkey	40.1629317	29.97527809	Fidan et al., 2022	C-Turkey (Current Study)	Bone/Teeth (Human/Animal)	Human	Chronometric Only
c-turkey		AMS	TUBITAK-0995	7772	43		Bahçelievler	settlement	courtyard	Level 6	Neolithic	sediment		Bilecik	Turkey	40.1629317	29.97527809	Fidan et al., 2022	C-Turkey (Current Study)	Environmental/Soil	Mollusc/Sediment/Soil	Chronometric Only
c-turkey		AMS	TUBITAK-2153	7840	34		Bahçelievler	settlement	courtyard	Level 7	Neolithic	charcoal		Bilecik	Turkey	40.1629317	29.97527809	Fidan et al., 2022	C-Turkey (Current Study)	Woody Plants (Charcoal)	Tree/Shrub	Chronometric Only
c-turkey		AMS	TUBITAK-0826	7843	32		Bahçelievler	settlement	indoor	Level 7	Neolithic	charcoal		Bilecik	Turkey	40.1629317	29.97527809	Fidan et al., 2022	C-Turkey (Current Study)	Woody Plants (Charcoal)	Tree/Shrub	Chronometric Only
c-turkey		AMS	TUBITAK-2143	7886	33		Bahçelievler	settlement	courtyard	Level 7	Neolithic	charcoal		Bilecik	Turkey	40.1629317	29.97527809	Fidan et al., 2022	C-Turkey (Current Study)	Woody Plants (Charcoal)	Tree/Shrub	Chronometric Only
c-turkey		AMS	TUBITAK-0998	7904	37		Bahçelievler	settlement	indoor	Level 7	Neolithic	charcoal		Bilecik	Turkey	40.1629317	29.97527809	Fidan et al., 2022	C-Turkey (Current Study)	Woody Plants (Charcoal)	Tree/Shrub	Chronometric Only
c-turkey		AMS	TUBITAK-0999	7944	38		Bahçelievler	settlement	courtyard	Level 8	Neolithic	charcoal		Bilecik	Turkey	40.1629317	29.97527809	Fidan et al., 2022	C-Turkey (Current Study)	Woody Plants (Charcoal)	Tree/Shrub	Chronometric Only
c-turkey		AMS	TUBITAK-2157	8147	35		Bahçelievler	settlement	courtyard	Level 8	Neolithic	charcoal		Bilecik	Turkey	40.1629317	29.97527809	Fidan et al., 2022	C-Turkey (Current Study)	Woody Plants (Charcoal)	Tree/Shrub	Chronometric Only
c-turkey		AMS	TUBITAK-2611	7449	29		Bahçelievler	settlement		Neolithic	Neolithic	bone	human	Bilecik	Turkey	40.16291257	29.97526479	Koptekin et al., 2024	C-Turkey (Current Study)	Bone/Teeth (Human/Animal)	Human	Chronometric Only
c-turkey		AMS	AA114115	8870	30		Balıklı	settlement		Neolithic	Neolithic	charcoal		Aksaray	Turkey	38.34243813	34.23338202	Goring-Morris et al., 2024	C-Turkey (Current Study)	Woody Plants (Charcoal)	Tree/Shrub	Chronometric Only
c-turkey		AMS	AA114118	8970	30		Balıklı	settlement		Neolithic	Neolithic	charcoal		Aksaray	Turkey	38.34243813	34.23338202	Goring-Morris et al., 2024	C-Turkey (Current Study)	Woody Plants (Charcoal)	Tree/Shrub	Chronometric Only
c-turkey		AMS	AA114114	8930	30		Balıklı	settlement		Neolithic	Neolithic	charcoal		Aksaray	Turkey	38.34243813	34.23338202	Goring-Morris et al., 2024	C-Turkey (Current Study)	Woody Plants (Charcoal)	Tree/Shrub	Chronometric Only
c-turkey		AMS	AA114123	8830	30		Balıklı	settlement		Neolithic	Neolithic	charcoal		Aksaray	Turkey	38.34243813	34.23338202	Goring-Morris et al., 2024	C-Turkey (Current Study)	Woody Plants (Charcoal)	Tree/Shrub	Chronometric Only
c-turkey		AMS	AA114116	8920	30		Balıklı	settlement		Neolithic	Neolithic	charcoal		Aksaray	Turkey	38.34243813	34.23338202	Goring-Morris et al., 2024	C-Turkey (Current Study)	Woody Plants (Charcoal)	Tree/Shrub	Chronometric Only
c-turkey		AMS	AA114097	8920	30		Balıklı	settlement		Neolithic	Neolithic	charcoal		Aksaray	Turkey	38.34243813	34.23338202	Goring-Morris et al., 2024	C-Turkey (Current Study)	Woody Plants (Charcoal)	Tree/Shrub	Chronometric Only
c-turkey		AMS	AA108885	8966	28		Balıklı	settlement		Neolithic	Neolithic	charcoal		Aksaray	Turkey	38.34243813	34.23338202	Goring-Morris et al., 2024	C-Turkey (Current Study)	Woody Plants (Charcoal)	Tree/Shrub	Chronometric Only
c-turkey		AMS	AA108886	8915	28		Balıklı	settlement		Neolithic	Neolithic	charcoal		Aksaray	Turkey	38.34243813	34.23338202	Goring-Morris et al., 2024	C-Turkey (Current Study)	Woody Plants (Charcoal)	Tree/Shrub	Chronometric Only
c-turkey		AMS	AA108887	8961	28		Balıklı	settlement		Neolithic	Neolithic	charcoal		Aksaray	Turkey	38.34243813	34.23338202	Goring-Morris et al., 2024	C-Turkey (Current Study)	Woody Plants (Charcoal)	Tree/Shrub	Chronometric Only
c-turkey		AMS	AA108888	8896	28		Balıklı	settlement		Neolithic	Neolithic	charcoal		Aksaray	Turkey	38.34243813	34.23338202	Goring-Morris et al., 2024	C-Turkey (Current Study)	Woody Plants (Charcoal)	Tree/Shrub	Chronometric Only
c-turkey		AMS	AA114119	8980	30		Balıklı	settlement		Neolithic	Neolithic	charcoal		Aksaray	Turkey	38.34243813	34.23338202	Goring-Morris et al., 2024	C-Turkey (Current Study)	Woody Plants (Charcoal)	Tree/Shrub	Chronometric Only
c-turkey		AMS	AA114121	8960	30		Balıklı	settlement		Neolithic	Neolithic	charcoal		Aksaray	Turkey	38.34243813	34.23338202	Goring-Morris et al., 2024	C-Turkey (Current Study)	Woody Plants (Charcoal)	Tree/Shrub	Chronometric Only
c-turkey		AMS	AA114120	8900	30		Balıklı	settlement		Neolithic	Neolithic	charcoal		Aksaray	Turkey	38.34243813	34.23338202	Goring-Morris et al., 2024	C-Turkey (Current Study)	Woody Plants (Charcoal)	Tree/Shrub	Chronometric Only
c-turkey		AMS	TUBITAK-2293	8932	42		Balıklı	settlement		Neolithic	Neolithic	bone	human	Aksaray	Turkey	38.34243813	34.23338202	Goring-Morris et al., 2024	C-Turkey (Current Study)	Bone/Teeth (Human/Animal)	Human	Chronometric Only
c-turkey		AMS	TUBITAK-2292	5478	32		Balıklı	settlement		chalcolithic	chalcolithic	bone	human	Aksaray	Turkey	38.34243813	34.23338202	Goring-Morris et al., 2024	C-Turkey (Current Study)	Bone/Teeth (Human/Animal)	Human	Chronometric Only
c-turkey		AMS	TUBITAK-2294	2135	30		Balıklı	settlement		post-Neolithic	post-Neolithic	bone	human	Aksaray	Turkey	38.34243813	34.23338202	Goring-Morris et al., 2024	C-Turkey (Current Study)	Bone/Teeth (Human/Animal)	Human	Chronometric Only
c-turkey			MAMS-25483	7245	29		Barcın Höyük	settlement	Sk: M10 / 115 DNA id: Bar15			bone	human	Bursa	Turkey	40.21	29.53	Hofmanova, 2016 (dissertation)	C-Turkey (Current Study)	Bone/Teeth (Human/Animal)	Human	Genomically Integrated
c-turkey			OxA-27880	7314	36		Barcın Höyük	settlement	Sk: M10-173 DNA id:			bone	human	Bursa	Turkey	40.21	29.53	Budd et al., 2020	C-Turkey (Current Study)	Bone/Teeth (Human/Animal)	Human	Genomically Integrated
c-turkey			MAMS-25484	7315	31		Barcın Höyük	settlement	Sk: L10 / 187 DNA id: Bar16			bone	human	Bursa	Turkey	40.21	29.53	Hofmanova, 2016 (dissertation)	C-Turkey (Current Study)	Bone/Teeth (Human/Animal)	Human	Genomically Integrated
c-turkey			MAMS-25485	7447	30		Barcın Höyük	settlement	Sk: L11 / 604 DNA id: Bar32			bone	human	Bursa	Turkey	40.21	29.53	Hofmanova, 2016 (dissertation)	C-Turkey (Current Study)	Bone/Teeth (Human/Animal)	Human	Genomically Integrated
c-turkey			MAMS-25479	7499	30		Barcın Höyük	settlement	Sk: M11S / 401 DNA id: Bar20			bone	human	Bursa	Turkey	40.21	29.53	Hofmanova, 2016 (dissertation)	C-Turkey (Current Study)	Bone/Teeth (Human/Animal)	Human	Genomically Integrated
c-turkey			OxA-27879	7692	40		Barcın Höyük	settlement	Sk: L13-166 DNA id:			bone	human	Bursa	Turkey	40.21	29.53	Budd et al., 2020	C-Turkey (Current Study)	Bone/Teeth (Human/Animal)	Human	Genomically Integrated
c-turkey		AMS	TUBITAK-1416	1217	24		Barcın Höyük	settlement	Sk: BH_L10_025, DNA id: bar021	Byzantine	Byzantine	bone	human	Bursa	Turkey	40.21	29.53	Özbal et al., 2026	C-Turkey (Current Study)	Bone/Teeth (Human/Animal)	Human	Genomically Integrated
c-turkey		AMS	TUBITAK-1346	3544	27	-18.6	Bayraklı Höyük	settlement	Trench H/ Level I	Early Bronze Age III	Early Bronze Age III	bone		İzmir	Turkey	38.4642534	27.16940201	Erdem et al.,2023	C-Turkey (Current Study)	Bone/Teeth (Human/Animal)	Indeterminate	Chronometric Only
c-turkey		AMS	TUBITAK-1347	3570	29	-19.6	Bayraklı Höyük	settlement	Western Trenches/Level II	Early Bronze Age III	Early Bronze Age III	bone		İzmir	Turkey	38.4642534	27.16940201	Erdem et al.,2023	C-Turkey (Current Study)	Bone/Teeth (Human/Animal)	Indeterminate	Chronometric Only
c-turkey		AMS	Beta-378064	3650	30	-21.7	Beycesultan Höyüğü	settlement	Level: 10			charcoal		Denizli	Turkey	38.25	29.7	Ergün, 2023	C-Turkey (Current Study)	Woody Plants (Charcoal)	Tree/Shrub	Chronometric Only
c-turkey		AMS	Beta-378066	3510	30	-21.7	Beycesultan Höyüğü	settlement	Level: 10			seed		Denizli	Turkey	38.25	29.7	Ergün, 2023	C-Turkey (Current Study)	Short-lived Plants	Cereal/Pulse/Seed	Chronometric Only
c-turkey		AMS	Beta-378065	3450	30	-22.2	Beycesultan Höyüğü	settlement	Level: 10			seed		Denizli	Turkey	38.25	29.7	Ergün, 2023	C-Turkey (Current Study)	Short-lived Plants	Cereal/Pulse/Seed	Chronometric Only
c-turkey		AMS	TUBITAK-0426	3586	29	-23.4	Beycesultan Höyüğü	settlement	Level: 9			charcoal		Denizli	Turkey	38.25	29.7	Ergün, 2023	C-Turkey (Current Study)	Woody Plants (Charcoal)	Tree/Shrub	Chronometric Only
c-turkey		AMS	TUBITAK-0424	3506	31	-17.7	Beycesultan Höyüğü	settlement	Level: 8			bone		Denizli	Turkey	38.25	29.7	Ergün, 2023	C-Turkey (Current Study)	Bone/Teeth (Human/Animal)	Indeterminate	Chronometric Only
c-turkey		AMS	TUBITAK-0329	3470	29	-24.9	Beycesultan Höyüğü	settlement	Level: 8			charcoal		Denizli	Turkey	38.25	29.7	Ergün, 2023	C-Turkey (Current Study)	Woody Plants (Charcoal)	Tree/Shrub	Chronometric Only
c-turkey		AMS	Beta-452528	3550	30	-25.5	Beycesultan Höyüğü	settlement	Level: 7			charcoal		Denizli	Turkey	38.25	29.7	Ergün, 2023	C-Turkey (Current Study)	Woody Plants (Charcoal)	Tree/Shrub	Chronometric Only
c-turkey		AMS	KIA-41843	3457	22		Boğazköy	settlement	floor	Karum	Karum	charcoal		Çorum	Turkey	40.019722	34.615278000000004	SCHACHNER, 2011	C-Turkey (Current Study)	Woody Plants (Charcoal)	Tree/Shrub	Chronometric Only
c-turkey		AMS	Hd-3441-2841	3545	60	-21.9	Boğazköy	settlement	Büyükkale - Haus 1/IVd, Raum 5 Find No: Bo64-1			charcoal		Çorum	Turkey	40.019722	34.615278000000004	Schachner 2022, §9-17 Abb. 8-12	C-Turkey (Current Study)	Woody Plants (Charcoal)	Tree/Shrub	Chronometric Only
c-turkey		AMS	Hd-3442-2842	3640	70	-22.5	Boğazköy	settlement	Büyükkale - Haus 1/IVd, Raum 3/4 Find No: Bo64-2			charcoal		Çorum	Turkey	40.019722	34.615278000000004	Schachner 2022, §9-17 Abb. 8-12	C-Turkey (Current Study)	Woody Plants (Charcoal)	Tree/Shrub	Chronometric Only
c-turkey		AMS	Hd-3456-2860	3620	60	-24.5	Boğazköy	settlement	Büyükkale - Haus 1/Vc, Raum 4 Find No: Bo64-6			charcoal		Çorum	Turkey	40.019722	34.615278000000004	Schachner 2022, §9-17 Abb. 8-12	C-Turkey (Current Study)	Woody Plants (Charcoal)	Tree/Shrub	Chronometric Only
c-turkey		AMS	TUBITAK-2092	3377	42		Boğazköy	settlement	Büyükkale - Gebäude E Find No: Bo21-6029-6032			charcoal		Çorum	Turkey	40.019722	34.615278000000004	Schachner 2022, §67-71 Abb. 41	C-Turkey (Current Study)	Woody Plants (Charcoal)	Tree/Shrub	Chronometric Only
c-turkey		AMS	MAMS29130	3376	28	-30.7	Boğazköy	settlement	Büyükkale - hethitische Schicht IVb Find No: Bo64-1a			bone		Çorum	Turkey	40.019722	34.615278000000004	Schachner 2023, §46-48 Abb. 41-42	C-Turkey (Current Study)	Bone/Teeth (Human/Animal)	Indeterminate	Chronometric Only
c-turkey		AMS	MAMS29131	3420	29	-21.5	Boğazköy	settlement	Büyükkale - hethitische Schicht IVb Find No: Bo64-2a			bone		Çorum	Turkey	40.019722	34.615278000000004	Schachner 2023, §46-48 Abb. 41-42	C-Turkey (Current Study)	Bone/Teeth (Human/Animal)	Indeterminate	Chronometric Only
c-turkey		AMS	MAMS29132	3309	29	-22.4	Boğazköy	settlement	Büyükkale hethitische Schicht IVb, auf jüngerem IVb Fussboden Find No: Bo64-3a			bone		Çorum	Turkey	40.019722	34.615278000000004	Schachner 2023, §46-48 Abb. 41-42	C-Turkey (Current Study)	Bone/Teeth (Human/Animal)	Indeterminate	Chronometric Only
c-turkey		AMS	MAMS29133	3393	29	-18.5	Boğazköy	settlement	Büyükkale - hethitische Schicht IVb Find No: Bo64-4a			bone		Çorum	Turkey	40.019722	34.615278000000004	Schachner 2023, §46-48 Abb. 41-42	C-Turkey (Current Study)	Bone/Teeth (Human/Animal)	Indeterminate	Chronometric Only
c-turkey		AMS	MAMS29134	3300	29	-22.8	Boğazköy	settlement	Büyükkale - hethitische Schicht IVb, über älteren IVb Fußböden Find No: Bo64-5a			bone		Çorum	Turkey	40.019722	34.615278000000004	Schachner 2023, §46-48 Abb. 41-42	C-Turkey (Current Study)	Bone/Teeth (Human/Animal)	Indeterminate	Chronometric Only
c-turkey		AMS	MAMS29135	3729	29	-25.3	Boğazköy	settlement	Büyükkale - unter dem Fußboden des Vc Gebäudes Find No: Bo64-6a			bone		Çorum	Turkey	40.019722	34.615278000000004	Schachner 2023, §46-48 Abb. 41-42	C-Turkey (Current Study)	Bone/Teeth (Human/Animal)	Indeterminate	Chronometric Only
c-turkey		AMS	Hd-3447-2861	3425	75	-21.4	Boğazköy	settlement	Unterstadt Tempel Magazin M26 Find No: Bo68-1			charcoal		Çorum	Turkey	40.019722	34.615278000000004	Schachner 2022, §16-17 Abb.14 Schachner 2024, 354-355 Abb. 356-357 Tab. 26	C-Turkey (Current Study)	Woody Plants (Charcoal)	Tree/Shrub	Chronometric Only
c-turkey		AMS	Hd-3447-2862	3135	80	-22.9	Boğazköy	settlement	Unterstadt Südareal J/18 - Raumgruppe XIII, Raum 9 Find No: Bo68-2			charcoal		Çorum	Turkey	40.019722	34.615278000000004	Schachner 2022, 19-20 Abb.12 Schachner 2024, 354-355 Abb. 356-357 Tab. 26	C-Turkey (Current Study)	Woody Plants (Charcoal)	Tree/Shrub	Chronometric Only
c-turkey		AMS	Hd-3449-2863	3320	80	-22.8	Boğazköy	settlement	Unterstadt Südareal J/18 - Raumgruppe XIII, Raum 7 Find No: Bo68-3			charcoal		Çorum	Turkey	40.019722	34.615278000000004	Schachner 2022, 19-20 Abb.12 Schachner 2024, 354-355 Abb. 356-357 Tab. 26	C-Turkey (Current Study)	Woody Plants (Charcoal)	Tree/Shrub	Chronometric Only
c-turkey		AMS	Hd-3450-2869	3210	65	-23	Boğazköy	settlement	Unterstadt Südareal J/18 - Raumgruppe XIII, Raum 9 Find No: Bo68-4			charcoal		Çorum	Turkey	40.019722	34.615278000000004	Schachner 2022, 19-20 Abb.12 Schachner 2024, 354-355 Abb. 356-357 Tab. 26	C-Turkey (Current Study)	Woody Plants (Charcoal)	Tree/Shrub	Chronometric Only
c-turkey		AMS	Hd-3453-2871	3925	80	-23.6	Boğazköy	settlement	Unterstadt Südareal J/17 - Suchschnitt 2 Find No: Bo68-5			charcoal		Çorum	Turkey	40.019722	34.615278000000004	Schachner 2022, 19-20 Abb.12 Schachner 2024, 354-355 Abb. 356-357 Tab. 26	C-Turkey (Current Study)	Woody Plants (Charcoal)	Tree/Shrub	Chronometric Only
c-turkey		AMS	ETH-56444	3306	29	-22.7	Boğazköy	settlement	Unterstadt Süd, Kesikkaya S Find No: Bo 10-18-422			charcoal		Çorum	Turkey	40.019722	34.615278000000004	unpublished	C-Turkey (Current Study)	Woody Plants (Charcoal)	Tree/Shrub	Chronometric Only
c-turkey		AMS	ETH-56445	3435	29	-21.5	Boğazköy	settlement	Unterstadt Süd, Kesikkaya S Find No: Bo 10-40-493			charcoal		Çorum	Turkey	40.019722	34.615278000000004	unpublished	C-Turkey (Current Study)	Woody Plants (Charcoal)	Tree/Shrub	Chronometric Only
c-turkey		AMS	ETH-56446	3452	29	-19.1	Boğazköy	settlement	Unterstadt Süd, Kesikkaya S Find No: Bo 10-48-552			charcoal		Çorum	Turkey	40.019722	34.615278000000004	unpublished	C-Turkey (Current Study)	Woody Plants (Charcoal)	Tree/Shrub	Chronometric Only
c-turkey		AMS	ETH-56447	3436	29	-21.6	Boğazköy	settlement	Unterstadt Süd, Kesikkaya S Find No: Bo 10-49-580			charcoal		Çorum	Turkey	40.019722	34.615278000000004	unpublished	C-Turkey (Current Study)	Woody Plants (Charcoal)	Tree/Shrub	Chronometric Only
c-turkey		AMS	ETH-56448	3478	29	-22.7	Boğazköy	settlement	Unterstadt Süd, Kesikkaya S Find No: Bo 10-59-603			charcoal		Çorum	Turkey	40.019722	34.615278000000004	unpublished	C-Turkey (Current Study)	Woody Plants (Charcoal)	Tree/Shrub	Chronometric Only
c-turkey		AMS	UCIAMS223184	3390	15		Boğazköy	settlement	Unterstadt Süd, Kesikkaya S - early Hittite remains Find No: Bo14-86-385			bone mule		Çorum	Turkey	40.019722	34.615278000000004	unpublished	C-Turkey (Current Study)	Bone/Teeth (Human/Animal)	Indeterminate	Chronometric Only
c-turkey		AMS	ETH-56452	3345	29	-19.4	Boğazköy	settlement	Untersadt Süd Kesikkaya S - Hittite building Find No: 10-725-872			charcoal		Çorum	Turkey	40.019722	34.615278000000004	Schachner 2015, 72	C-Turkey (Current Study)	Woody Plants (Charcoal)	Tree/Shrub	Chronometric Only
c-turkey		AMS	SUERC-50212(GU32532)	3318	42	-18.5	Boğazköy	settlement	Unterstadt zentral Find No: Bo 1975 O12			Bone Collagen: ?Dog	dog	Çorum	Turkey	40.019722	34.615278000000004	Schachner 2015, 68	C-Turkey (Current Study)	Bone/Teeth (Human/Animal)	Animal	Chronometric Only
c-turkey		AMS	SUERC-50213(GU32533)	3394	42	-19.6	Boğazköy	settlement	Unterstadt zentral Find No: Bo 1975 P5			Bone Collagen: Sheep	sheep	Çorum	Turkey	40.019722	34.615278000000004	Schachner 2015, 68	C-Turkey (Current Study)	Bone/Teeth (Human/Animal)	Animal	Chronometric Only
c-turkey		AMS	SUERC-50214(GU32534)	3366	42	-20.1	Boğazköy	settlement	Unterstadt zentral Find No: Bo 1976 A20			Bone Collagen: Horse	horse	Çorum	Turkey	40.019722	34.615278000000004	Schachner 2015, 68	C-Turkey (Current Study)	Bone/Teeth (Human/Animal)	Animal	Chronometric Only
c-turkey		AMS	SUERC-50215(GU32535)	3356	42	-19.3	Boğazköy	settlement	Unterstadt zentral Find No: Bo 1977 II / 1-19			Bone Collagen: Sheep	sheep	Çorum	Turkey	40.019722	34.615278000000004	Schachner 2015, 68	C-Turkey (Current Study)	Bone/Teeth (Human/Animal)	Animal	Chronometric Only
c-turkey		AMS	SUERC-50219(GU32536)	3367	42	-18.9	Boğazköy	settlement	Unterstadt zentral Find No: Bo 1977 IV / 4-12			Bone Collagen: Cattle	cattle	Çorum	Turkey	40.019722	34.615278000000004	Schachner 2015, 68	C-Turkey (Current Study)	Bone/Teeth (Human/Animal)	Animal	Chronometric Only
c-turkey		AMS	MAMS-unknown1	3484	25	-25.8	Boğazköy	settlement	Unterstadt Nord  Find No: Bo15-733-1424			charcoal		Çorum	Turkey	40.019722	34.615278000000004	unpublished	C-Turkey (Current Study)	Woody Plants (Charcoal)	Tree/Shrub	Chronometric Only
c-turkey		AMS	MAMS-unknown2	3403	25	-28.8	Boğazköy	settlement	Unterstadt Nord  Find No: Bo15-720-806			charcoal		Çorum	Turkey	40.019722	34.615278000000004	unpublished	C-Turkey (Current Study)	Woody Plants (Charcoal)	Tree/Shrub	Chronometric Only
c-turkey		AMS	MAMS-unknown3	3358	26	-26.6	Boğazköy	settlement	Unterstadt Nord  Find No: Bo15-508-560			charcoal		Çorum	Turkey	40.019722	34.615278000000004	unpublished	C-Turkey (Current Study)	Woody Plants (Charcoal)	Tree/Shrub	Chronometric Only
c-turkey		AMS	MAMS-33838	3303	26	-21.1	Boğazköy	settlement	Unterstadt Nord  Find No: Bo17-169-1530			charcoal		Çorum	Turkey	40.019722	34.615278000000004	Schachner - Strupler 2021, §15-24 Abb. 18-19	C-Turkey (Current Study)	Woody Plants (Charcoal)	Tree/Shrub	Chronometric Only
c-turkey		AMS	MAMS-33839	3328	26	-25.3	Boğazköy	settlement	Unterstadt Nord  Find No: Bo17-170-1470			charcoal		Çorum	Turkey	40.019722	34.615278000000004	Schachner - Strupler 2021, §15-24 Abb. 18-19	C-Turkey (Current Study)	Woody Plants (Charcoal)	Tree/Shrub	Chronometric Only
c-turkey		AMS	MAMS-33837	3607	26	-24.6	Boğazköy	settlement	Unterstadt Nord  Find No: Bo17-60-1412			charcoal		Çorum	Turkey	40.019722	34.615278000000004	Schachner - Strupler 2021, §15-24 Abb. 18-19	C-Turkey (Current Study)	Woody Plants (Charcoal)	Tree/Shrub	Chronometric Only
c-turkey		AMS	MAMS-33842	3512	24	-17.2	Boğazköy	settlement	Unterstadt Nord  Find No: Bo17-199-1723			charcoal		Çorum	Turkey	40.019722	34.615278000000004	Schachner - Strupler 2021, §15-24 Abb. 18-19	C-Turkey (Current Study)	Woody Plants (Charcoal)	Tree/Shrub	Chronometric Only
c-turkey		AMS	MAMS-33848	3493	25	-28.9	Boğazköy	settlement	Unterstadt Nord  Find No: Bo17-185-1577			charcoal		Çorum	Turkey	40.019722	34.615278000000004	Schachner - Strupler 2021, §15-24 Abb. 18-19	C-Turkey (Current Study)	Woody Plants (Charcoal)	Tree/Shrub	Chronometric Only
c-turkey		AMS	MAMS-38614	3567	24	-26	Boğazköy	settlement	Unterstadt Nord  Find No: Bo18-171-4821			charcoal		Çorum	Turkey	40.019722	34.615278000000004	Schachner - Strupler 2021, §15-24 Abb. 18-19	C-Turkey (Current Study)	Woody Plants (Charcoal)	Tree/Shrub	Chronometric Only
c-turkey		AMS	MAMS-38615	3508	24	-26.1	Boğazköy	settlement	Unterstadt Nord  Find No: Bo18-89-4773			charcoal		Çorum	Turkey	40.019722	34.615278000000004	Schachner - Strupler 2021, §15-24 Abb. 18-19	C-Turkey (Current Study)	Woody Plants (Charcoal)	Tree/Shrub	Chronometric Only
c-turkey		AMS	MAMS-38616	3340	24	-20.8	Boğazköy	settlement	Unterstadt Nord  Find No: Bo18-121-4828			charcoal		Çorum	Turkey	40.019722	34.615278000000004	Schachner - Strupler 2021, §15-24 Abb. 18-19	C-Turkey (Current Study)	Woody Plants (Charcoal)	Tree/Shrub	Chronometric Only
c-turkey		AMS	MAMS-38617	3536	24	-22.2	Boğazköy	settlement	Unterstadt Nord  Find No: Bo18-121-4826			charcoal		Çorum	Turkey	40.019722	34.615278000000004	Schachner - Strupler 2021, §15-24 Abb. 18-19	C-Turkey (Current Study)	Woody Plants (Charcoal)	Tree/Shrub	Chronometric Only
c-turkey		AMS	TUBITAK-920	3468	30	-24.7	Boğazköy	settlement	Unterstadt Nord  Find No: Bo19-2064-2372			charcoal		Çorum	Turkey	40.019722	34.615278000000004	Schachner - Strupler 2021, §15-24 Abb. 18-19	C-Turkey (Current Study)	Woody Plants (Charcoal)	Tree/Shrub	Chronometric Only
c-turkey		AMS	TUBITAK-921	3445	31	-21.5	Boğazköy	settlement	Unterstadt Nord  Find No: Bo19-2014-2207			charcoal		Çorum	Turkey	40.019722	34.615278000000004	Schachner - Strupler 2021, §15-24 Abb. 18-19	C-Turkey (Current Study)	Woody Plants (Charcoal)	Tree/Shrub	Chronometric Only
c-turkey		AMS	TUBITAK-922	3385	28	-22.5	Boğazköy	settlement	Unterstadt Nord  Find No: Bo19-137-744			charcoal		Çorum	Turkey	40.019722	34.615278000000004	Schachner - Strupler 2021, §15-24 Abb. 18-19	C-Turkey (Current Study)	Woody Plants (Charcoal)	Tree/Shrub	Chronometric Only
c-turkey		AMS	TUBITAK-923	3418	30	-22.7	Boğazköy	settlement	Unterstadt Nord  Find No: Bo19-1034-1320			charcoal		Çorum	Turkey	40.019722	34.615278000000004	Schachner - Strupler 2021, §15-24 Abb. 18-19	C-Turkey (Current Study)	Woody Plants (Charcoal)	Tree/Shrub	Chronometric Only
c-turkey		AMS	TUBITAK-924	3395	30	-24	Boğazköy	settlement	Unterstadt Nord  Find No: Bo19-132-714			charcoal		Çorum	Turkey	40.019722	34.615278000000004	Schachner - Strupler 2021, §15-24 Abb. 18-19	C-Turkey (Current Study)	Woody Plants (Charcoal)	Tree/Shrub	Chronometric Only
c-turkey		AMS	TUBITAK-925	3312	33	-23.9	Boğazköy	settlement	Unterstadt Nord  Find No: Bo19-1013-1146			charcoal		Çorum	Turkey	40.019722	34.615278000000004	Schachner - Strupler 2021, §15-24 Abb. 18-19	C-Turkey (Current Study)	Woody Plants (Charcoal)	Tree/Shrub	Chronometric Only
c-turkey		AMS	TUBITAK-926	3427	29	-22.2	Boğazköy	settlement	Unterstadt Nord  Find No: Bo19-119-613			charcoal		Çorum	Turkey	40.019722	34.615278000000004	Schachner - Strupler 2021, §15-24 Abb. 18-19	C-Turkey (Current Study)	Woody Plants (Charcoal)	Tree/Shrub	Chronometric Only
c-turkey		AMS	TUBITAK-927	3534	29	-21.2	Boğazköy	settlement	Unterstadt Nord  Find No: Bo19-154-977			charcoal		Çorum	Turkey	40.019722	34.615278000000004	Schachner - Strupler 2021, §15-24 Abb. 18-19	C-Turkey (Current Study)	Woody Plants (Charcoal)	Tree/Shrub	Chronometric Only
c-turkey		AMS	TUBITAK-928	3339	29	-24	Boğazköy	settlement	Unterstadt Nord  Find No: Bo19-20-195			charcoal		Çorum	Turkey	40.019722	34.615278000000004	Schachner - Strupler 2021, §15-24 Abb. 18-19	C-Turkey (Current Study)	Woody Plants (Charcoal)	Tree/Shrub	Chronometric Only
c-turkey		AMS	TUBITAK-929	3438	32	-22.6	Boğazköy	settlement	Unterstadt Nord  Find No: Bo19-159-6109			charcoal		Çorum	Turkey	40.019722	34.615278000000004	Schachner - Strupler 2021, §15-24 Abb. 18-19	C-Turkey (Current Study)	Woody Plants (Charcoal)	Tree/Shrub	Chronometric Only
c-turkey		AMS	TUBITAK-934	3399	30	-26.9	Boğazköy	settlement	Unterstadt Nord  Find No: Bo19-0167-6034			charcoal		Çorum	Turkey	40.019722	34.615278000000004	Schachner - Strupler 2021, §15-24 Abb. 18-19	C-Turkey (Current Study)	Woody Plants (Charcoal)	Tree/Shrub	Chronometric Only
c-turkey		AMS	TUBITAK-935	3331	30	-27	Boğazköy	settlement	Unterstadt Nord  Find No: Bo19-32-296			charcoal		Çorum	Turkey	40.019722	34.615278000000004	Schachner - Strupler 2021, §15-24 Abb. 18-19	C-Turkey (Current Study)	Woody Plants (Charcoal)	Tree/Shrub	Chronometric Only
c-turkey		AMS	TUBITAK-936	3327	32	-25.6	Boğazköy	settlement	Unterstadt Nord  Find No: Bo19-2055-2419			charcoal		Çorum	Turkey	40.019722	34.615278000000004	Schachner - Strupler 2021, §15-24 Abb. 18-19	C-Turkey (Current Study)	Woody Plants (Charcoal)	Tree/Shrub	Chronometric Only
c-turkey		AMS	TUBITAK-937	3376	30	-25.8	Boğazköy	settlement	Unterstadt Nord  Find No: Bo19-2016-2226			charcoal		Çorum	Turkey	40.019722	34.615278000000004	Schachner - Strupler 2021, §15-24 Abb. 18-19	C-Turkey (Current Study)	Woody Plants (Charcoal)	Tree/Shrub	Chronometric Only
c-turkey		AMS	TUBITAK-1601	3268	29	-26.2	Boğazköy	settlement	Unterstadt Nord  Find No: Bo20-96-496			charcoal		Çorum	Turkey	40.019722	34.615278000000004	Schachner - Strupler 2021, §15-24 Abb. 18-19	C-Turkey (Current Study)	Woody Plants (Charcoal)	Tree/Shrub	Chronometric Only
c-turkey		AMS	TUBITAK-1604	3351	29	-25.5	Boğazköy	settlement	Unterstadt Nord  Find No: Bo20-2063-2277			charcoal		Çorum	Turkey	40.019722	34.615278000000004	Schachner - Strupler 2021, §15-24 Abb. 18-19	C-Turkey (Current Study)	Woody Plants (Charcoal)	Tree/Shrub	Chronometric Only
c-turkey		AMS	TUBITAK-1608	3430	30	-24.5	Boğazköy	settlement	Unterstadt Nord  Find No: Bo20-83-352			charcoal		Çorum	Turkey	40.019722	34.615278000000004	Schachner - Strupler 2021, §15-24 Abb. 18-19	C-Turkey (Current Study)	Woody Plants (Charcoal)	Tree/Shrub	Chronometric Only
c-turkey		AMS	TUBITAK-1609	3543	30	-27.7	Boğazköy	settlement	Unterstadt Nord  Find No: Bo20-120-495			charcoal		Çorum	Turkey	40.019722	34.615278000000004	Schachner - Strupler 2021, §15-24 Abb. 18-19	C-Turkey (Current Study)	Woody Plants (Charcoal)	Tree/Shrub	Chronometric Only
c-turkey		AMS	TUBITAK-1610	3416	30	25.2	Boğazköy	settlement	Unterstadt Nord  Find No: Bo20-2055-2265			charcoal		Çorum	Turkey	40.019722	34.615278000000004	Schachner - Strupler 2021, §15-24 Abb. 18-19	C-Turkey (Current Study)	Woody Plants (Charcoal)	Tree/Shrub	Chronometric Only
c-turkey		AMS	TUBITAK-1611	3596	30	-23.7	Boğazköy	settlement	Unterstadt Nord  Find No: Bo20-102-421			charcoal		Çorum	Turkey	40.019722	34.615278000000004	Schachner - Strupler 2021, §15-24 Abb. 18-19	C-Turkey (Current Study)	Woody Plants (Charcoal)	Tree/Shrub	Chronometric Only
c-turkey		AMS	TUBITAK2449	3486	28		Boğazköy	settlement	Unterstadt Nord  Find No: Bo22-2157-2767			charcoal		Çorum	Turkey	40.019722	34.615278000000004	Schachner 2023, §7 Abb. 10-11	C-Turkey (Current Study)	Woody Plants (Charcoal)	Tree/Shrub	Chronometric Only
c-turkey		AMS	TUBITAK2450	3113	29		Boğazköy	settlement	Unterstadt Nord  Find No: Bo22-2013-2104			charcoal		Çorum	Turkey	40.019722	34.615278000000004	Schachner 2023, §7 Abb. 10-11	C-Turkey (Current Study)	Woody Plants (Charcoal)	Tree/Shrub	Chronometric Only
c-turkey		AMS	TUBITAK2453	3296	30		Boğazköy	settlement	Unterstadt Nord  Find No: Bo19-20-168			charcoal		Çorum	Turkey	40.019722	34.615278000000004	Schachner 2023, §7 Abb. 10-11	C-Turkey (Current Study)	Woody Plants (Charcoal)	Tree/Shrub	Chronometric Only
c-turkey		AMS	SUERC-47501	3314	26	-18.1	Boğazköy	settlement	Oberstadt Tal westl Sarikale - Quadratgebäude Find No: Bo 07-1216-3655			bone		Çorum	Turkey	40.019722	34.615278000000004	unpublished	C-Turkey (Current Study)	Bone/Teeth (Human/Animal)	Indeterminate	Chronometric Only
c-turkey		AMS	MAMAS27039	3329	26	-6.1	Boğazköy	settlement	Oberstadt, Tempel 8 Find No: Tempel 8			charcoal		Çorum	Turkey	40.019722	34.615278000000004	Schachner 2023, §21-23 Abb. 25-26	C-Turkey (Current Study)	Woody Plants (Charcoal)	Tree/Shrub	Chronometric Only
c-turkey		AMS	TUBITAK2539	3290	27		Boğazköy	settlement	Oberstadt Westhang Find No: Bo22-5024-5024			charcoal		Çorum	Turkey	40.019722	34.615278000000004	Gruber 2023, §82-84 Abb. 52	C-Turkey (Current Study)	Woody Plants (Charcoal)	Tree/Shrub	Chronometric Only
c-turkey		AMS	TUBITAK2540	3196	26		Boğazköy	settlement	Oberstadt Westhang Find No: Bo22-5024-5032			charcoal		Çorum	Turkey	40.019722	34.615278000000004	Gruber 2023, §82-84 Abb. 52	C-Turkey (Current Study)	Woody Plants (Charcoal)	Tree/Shrub	Chronometric Only
c-turkey		AMS	TUBITAK2541	3189	26		Boğazköy	settlement	Oberstadt Westhang Find No: Bo-22-5024-5035			charcoal		Çorum	Turkey	40.019722	34.615278000000004	Gruber 2023, §82-84 Abb. 52	C-Turkey (Current Study)	Woody Plants (Charcoal)	Tree/Shrub	Chronometric Only
c-turkey		AMS	TUBITAK2542	3268	28		Boğazköy	settlement	Oberstadt Westhang Find No: Bo22-5041-5077			charcoal		Çorum	Turkey	40.019722	34.615278000000004	Gruber 2023, §82-84 Abb. 52	C-Turkey (Current Study)	Woody Plants (Charcoal)	Tree/Shrub	Chronometric Only
c-turkey		AMS	TUBITAK2543	3252	27		Boğazköy	settlement	Oberstadt Westhang Find No: Bo22-5088-5155			charcoal		Çorum	Turkey	40.019722	34.615278000000004	Gruber 2023, §82-84 Abb. 52	C-Turkey (Current Study)	Woody Plants (Charcoal)	Tree/Shrub	Chronometric Only
c-turkey		AMS	KIA-40627	3510	20	-18.58	Boğazköy	settlement	Oberstadt - GAL.MEŠEDI Haus Find No: Bo08-815-879			charcoal - LR		Çorum	Turkey	40.019722	34.615278000000004	unpublished	C-Turkey (Current Study)	Woody Plants (Charcoal)	Tree/Shrub	Chronometric Only
c-turkey		AMS	KIA-40628	3130	25	-23.18	Boğazköy	settlement	Oberstadt - GAL.MEŠEDI Haus Find No: Bo08-808-861			charcoal - SE		Çorum	Turkey	40.019722	34.615278000000004	Schachner 2017, 300 Tab. 67	C-Turkey (Current Study)	Woody Plants (Charcoal)	Tree/Shrub	Chronometric Only
c-turkey		AMS	KIA-18915a	3340	25	-25.54	Boğazköy	settlement	Büyükkaya - Silo Find No: Bo 353/421.250			straw - LR		Çorum	Turkey	40.019722	34.615278000000004	unpublished	C-Turkey (Current Study)	Short-lived Plants	Cereal/Pulse/Seed	Chronometric Only
c-turkey		AMS	KIA-18915b	3345	30	-24.6	Boğazköy	settlement	Büyükkaya - Silo Find No: Bo 353/421.250			straw - HS		Çorum	Turkey	40.019722	34.615278000000004	unpublished	C-Turkey (Current Study)	Short-lived Plants	Cereal/Pulse/Seed	Chronometric Only
c-turkey		AMS	Hd-20065	2689	28	-24.4	Boğazköy	settlement	Büyükkaya - Dark Age Sequenz Find No: Bo BP 87a; 355/431.265			n.a.		Çorum	Turkey	40.019722	34.615278000000004	Seeher 2000, 373 Abb. 21        Schoop - Seeher 2006, Abb. 15	C-Turkey (Current Study)	Indeterminate/Other	Indeterminate	Chronometric Only
c-turkey		AMS	Hd-20066	2704	25	-24.4	Boğazköy	settlement	Büyükkaya - Dark Age Sequenz Find No: Bo BP 55; 355/430.194			n.a.		Çorum	Turkey	40.019722	34.615278000000004	Seeher 2000, 373 Abb. 21        Schoop - Seeher 2006, Abb. 15	C-Turkey (Current Study)	Indeterminate/Other	Indeterminate	Chronometric Only
c-turkey		AMS	Bln-4910	2708	34	-24.6	Boğazköy	settlement	Büyükkaya - Dark Age Sequenz Find No: 356/430.167			n.a.		Çorum	Turkey	40.019722	34.615278000000004	Seeher 2000, 373 Abb. 21        Schoop - Seeher 2006, Abb. 15	C-Turkey (Current Study)	Indeterminate/Other	Indeterminate	Chronometric Only
c-turkey		AMS	Hd-20693	2752	32	-24.4	Boğazköy	settlement	Büyükkaya - Dark Age Sequenz Find No: Bo BP 31; 356/430.183			n.a.		Çorum	Turkey	40.019722	34.615278000000004	Seeher 2000, 373 Abb. 21        Schoop - Seeher 2006, Abb. 15	C-Turkey (Current Study)	Indeterminate/Other	Indeterminate	Chronometric Only
c-turkey		AMS	Hd-20058	2768	27	-24	Boğazköy	settlement	Büyükkaya - Dark Age Sequenz Find No: Bo BP 26; 355/431.170			n.a.		Çorum	Turkey	40.019722	34.615278000000004	Seeher 2000, 373 Abb. 21        Schoop - Seeher 2006, Abb. 15	C-Turkey (Current Study)	Indeterminate/Other	Indeterminate	Chronometric Only
c-turkey		AMS	Hd-20062	2773	35	-24.9	Boğazköy	settlement	Büyükkaya - Dark Age Sequenz Find No: Bo BP 127; 356/427.116			n.a.		Çorum	Turkey	40.019722	34.615278000000004	Seeher 2000, 373 Abb. 21        Schoop - Seeher 2006, Abb. 15	C-Turkey (Current Study)	Indeterminate/Other	Indeterminate	Chronometric Only
c-turkey			PKUAMS-120539	8875	25		Boncuklu Höyük	settlement	Sk: ZHF DNA id: Bon001			bone	human	Konya	Turkey	38.2153	39.7526	Yaka et al. 2021; Supp Table Z2	C-Turkey (Current Study)	Bone/Teeth (Human/Animal)	Human	Genomically Integrated
c-turkey			Wk-29763	8965	37		Boncuklu Höyük	settlement	Sk: ZHB DNA id: Bon002			bone	human	Konya	Turkey	38.2153	39.7526	Yaka et al. 2021; Supp Table Z2	C-Turkey (Current Study)	Bone/Teeth (Human/Animal)	Human	Genomically Integrated
c-turkey			Wk-43898	9054	24		Boncuklu Höyük	settlement	Sk: ZHAF DNA id: Bon005			bone	human	Konya	Turkey	38.2153	39.7526	Yaka et al. 2021; Supp Table Z2	C-Turkey (Current Study)	Bone/Teeth (Human/Animal)	Human	Genomically Integrated
c-turkey			PKUAMS-120541	8980	25		Boncuklu Höyük	settlement	Sk: ZHJ DNA id: ZHJ_BON024			bone	human	Konya	Turkey	38.2153	39.7526	Yaka et al. 2021; Supp Table Z2	C-Turkey (Current Study)	Bone/Teeth (Human/Animal)	Human	Genomically Integrated
c-turkey		AMS	TUBITAK-1264	9147	39	-26.9	Boncuklu Tarla	settlement	Building BTD str 1, Sample no: J210005A			charcoal		Batman	Turkey	37.529444	41.832361	Cin, 2025	C-Turkey (Current Study)	Woody Plants (Charcoal)	Tree/Shrub	Chronometric Only
c-turkey		AMS	TUBITAK-3256	9194	35		Boncuklu Tarla	settlement	J21-K21 0003 A02			charcoal		Batman	Turkey	37.529444	41.832361	Cin, 2025	C-Turkey (Current Study)	Woody Plants (Charcoal)	Tree/Shrub	Chronometric Only
c-turkey		AMS	TUBITAK-3257	9139	34		Boncuklu Tarla	settlement	Building STR 14, Sample no: H21 002 A01			charcoal		Batman	Turkey	37.529444	41.832361	Cin, 2025	C-Turkey (Current Study)	Woody Plants (Charcoal)	Tree/Shrub	Chronometric Only
c-turkey		AMS	TUBITAK-1265	9045	35	-26.5	Boncuklu Tarla	settlement	Building 10, 0110008A			charcoal		Batman	Turkey	37.529444	41.832361	Cin, 2025	C-Turkey (Current Study)	Woody Plants (Charcoal)	Tree/Shrub	Chronometric Only
c-turkey		AMS	UCIAMS250208	2275	15		Çadır Höyük	settlement	DNA id: CD5041_Tur_m314	Iron Age	Iron Age	bone	horse	Yozgat	Turkey	39.676776	35.1436	Librado et al., 2024	C-Turkey (Current Study)	Bone/Teeth (Human/Animal)	Animal	Genomically Integrated
c-turkey		AMS	UCIAMS199641	3025	20		Çadır Höyük	settlement	DNA id: CD1819_Tur_m1299	Late Bronze Age	Late Bronze Age	bone	horse	Yozgat	Turkey	39.676776	35.1436	Librado et al., 2024	C-Turkey (Current Study)	Bone/Teeth (Human/Animal)	Animal	Genomically Integrated
c-turkey		AMS	UCIAMS199643	2835	20		Çadır Höyük	settlement	DNA id: CD5203_Tur_m985	Late Bronze Age	Late Bronze Age	bone	horse	Yozgat	Turkey	39.676776	35.1436	Librado et al., 2024	C-Turkey (Current Study)	Bone/Teeth (Human/Animal)	Animal	Genomically Integrated
c-turkey		AMS	UCIAMS229411	5700	25		Çadır Höyük	settlement	DNA id: CD2017_Tur_m4532	chalcolithic	chalcolithic	bone	horse	Yozgat	Turkey	39.676776	35.1436	Librado et al., 2024	C-Turkey (Current Study)	Bone/Teeth (Human/Animal)	Animal	Genomically Integrated
c-turkey		AMS	TUBITAK-1683	2801	47		Çadır Höyük	settlement	DNA id: cdh008	Iron Age	Iron Age	bone	donkey	Yozgat	Turkey	39.676776	35.1436	Özkan et al., 2024	C-Turkey (Current Study)	Bone/Teeth (Human/Animal)	Animal	Genomically Integrated
c-turkey		AMS	TUBITAK-1682	2820	28		Çadır Höyük	settlement	DNA id: cdh010	Iron Age	Iron Age	bone	donkey	Yozgat	Turkey	39.676776	35.1436	Özkan et al., 2024	C-Turkey (Current Study)	Bone/Teeth (Human/Animal)	Animal	Genomically Integrated
c-turkey		AMS	TUBITAK-0832	7102	30		Çatalhöyük	settlement	U.40062	chalcolithic	chalcolithic	charred seed		Konya	Turkey	37.65	32.81	Yüksel and Çilingiroğlu, 2021	C-Turkey (Current Study)	Short-lived Plants	Cereal/Pulse/Seed	Chronometric Only
c-turkey			TUBITAK-0685	7311	36		Çatalhöyük	settlement	Sk: 11739 DNA id: cth739			bone	human	Konya	Turkey	37.6661	32.8257	Yaka et al., 2021	C-Turkey (Current Study)	Bone/Teeth (Human/Animal)	Human	Genomically Integrated
c-turkey			TUBITAK-0686	7461	36		Çatalhöyük	settlement	Sk: 20217 DNA id: cth217			bone	human	Konya	Turkey	37.6661	32.8257	Yaka et al., 2021	C-Turkey (Current Study)	Bone/Teeth (Human/Animal)	Human	Genomically Integrated
c-turkey			OxA-33198	7685	45		Çatalhöyük	settlement	Sk: 5747 DNA id: cth747			bone	human	Konya	Turkey	37.6661	32.8257	Yaka et al., 2021	C-Turkey (Current Study)	Bone/Teeth (Human/Animal)	Human	Genomically Integrated
c-turkey			TUBITAK-0684	7710	36		Çatalhöyük	settlement	Sk: 30006 DNA id: cth006			bone	human	Konya	Turkey	37.6661	32.8257	Yaka et al., 2021	C-Turkey (Current Study)	Bone/Teeth (Human/Animal)	Human	Genomically Integrated
c-turkey			TUBITAK-0743	7770	37		Çatalhöyük	settlement	Sk: 5747 DNA id: cth747			bone	human	Konya	Turkey	37.6661	32.8257	Yaka et al., 2021	C-Turkey (Current Study)	Bone/Teeth (Human/Animal)	Human	Genomically Integrated
c-turkey			TUBITAK-0742	7792	40		Çatalhöyük	settlement	Sk: 2842 DNA id: cth842			bone	human	Konya	Turkey	37.6661	32.8257	Yaka et al., 2021	C-Turkey (Current Study)	Bone/Teeth (Human/Animal)	Human	Genomically Integrated
c-turkey			OxA-37143	7795	40		Çatalhöyük	settlement	Sk: 30006 DNA id: cth006			bone	human	Konya	Turkey	37.6661	32.8257	Yaka et al., 2021	C-Turkey (Current Study)	Bone/Teeth (Human/Animal)	Human	Genomically Integrated
c-turkey			TUBITAK-0741	7799	39		Çatalhöyük	settlement	Sk: 2728 DNA id: cth728			bone	human	Konya	Turkey	37.6661	32.8257	Yaka et al., 2021	C-Turkey (Current Study)	Bone/Teeth (Human/Animal)	Human	Genomically Integrated
c-turkey			UCIAMS-206232	7805	20		Çatalhöyük	settlement	Sk: 2033 DNA id: CCH290			bone	human	Konya	Turkey	37.6661	32.8257	Yaka et al., 2021	C-Turkey (Current Study)	Bone/Teeth (Human/Animal)	Human	Genomically Integrated
c-turkey			UCIAMS-143259	7850	30		Çatalhöyük	settlement	Sk: 2017 DNA id: CCH163			bone	human	Konya	Turkey	37.6661	32.8257	Yaka et al., 2021	C-Turkey (Current Study)	Bone/Teeth (Human/Animal)	Human	Genomically Integrated
c-turkey			UCIAMS-143258	7865	30		Çatalhöyük	settlement	Sk: 1885 DNA id: CCH289			bone	human	Konya	Turkey	37.6661	32.8257	Yaka et al., 2021	C-Turkey (Current Study)	Bone/Teeth (Human/Animal)	Human	Genomically Integrated
c-turkey			OxA-21263	7930	40		Çatalhöyük	settlement	Sk: 5357 DNA id: CCH144			bone	human	Konya	Turkey	37.6661	32.8257	Yaka et al., 2021	C-Turkey (Current Study)	Bone/Teeth (Human/Animal)	Human	Genomically Integrated
c-turkey		AMS	TUBITAK-1684	2435	28		Çatalhöyük	settlement	DNA id: cch003	Iron Age	Iron Age	bone	donkey	Konya	Turkey	37.6661	32.8257	Özkan et al., 2024	C-Turkey (Current Study)	Bone/Teeth (Human/Animal)	Animal	Genomically Integrated
c-turkey			TUBITAK-1355	8536	43		Çayönü	settlement	Sk: ÇT’78 S.7 DNA id: cay011			bone	human	Diyarbakır	Turkey	38.21761491	39.72558991	Altınışık et al., 2022	C-Turkey (Current Study)	Bone/Teeth (Human/Animal)	Human	Genomically Integrated
c-turkey			TUBITAK-0840	8573	37		Çayönü	settlement	Sk: ÇT’78 S.16 DNA id: cay004			bone	human	Diyarbakır	Turkey	38.21761491	39.72558991	Altınışık et al., 2022	C-Turkey (Current Study)	Bone/Teeth (Human/Animal)	Human	Genomically Integrated
c-turkey			TUBITAK-0838	8708	38		Çayönü	settlement	Sk: ÇT’86 S.2 DNA id: cay008			bone	human	Diyarbakır	Turkey	38.21761491	39.72558991	Altınışık et al., 2022	C-Turkey (Current Study)	Bone/Teeth (Human/Animal)	Human	Genomically Integrated
c-turkey			TUBITAK-1353	8728	40		Çayönü	settlement	Sk: ÇT’78 S.21 DNA id: cay013			bone	human	Diyarbakır	Turkey	38.21761491	39.72558991	Altınışık et al., 2022	C-Turkey (Current Study)	Bone/Teeth (Human/Animal)	Human	Genomically Integrated
c-turkey			TUBITAK-1357	8728	39		Çayönü	settlement	Sk: ÇT’81 S.8 DNA id: cay016			bone	human	Diyarbakır	Turkey	38.21761491	39.72558991	Altınışık et al., 2022	C-Turkey (Current Study)	Bone/Teeth (Human/Animal)	Human	Genomically Integrated
c-turkey			TUBITAK-1356	8852	42		Çayönü	settlement	Sk: ÇT’81 HB isolated DNA id: cay014			bone	human	Diyarbakır	Turkey	38.21761491	39.72558991	Altınışık et al., 2022	C-Turkey (Current Study)	Bone/Teeth (Human/Animal)	Human	Genomically Integrated
c-turkey			TUBITAK-1354	9049	37		Çayönü	settlement	Sk: ÇT’78 S.25 DNA id: cay022			bone	human	Diyarbakır	Turkey	38.21761491	39.72558991	Altınışık et al., 2022	C-Turkey (Current Study)	Bone/Teeth (Human/Animal)	Human	Genomically Integrated
c-turkey			TUBITAK-0839	9213	39		Çayönü	settlement	Sk: ÇT’81 S.2a DNA id: cay007			bone	human	Diyarbakır	Turkey	38.21761491	39.72558991	Altınışık et al., 2022	C-Turkey (Current Study)	Bone/Teeth (Human/Animal)	Human	Genomically Integrated
c-turkey		AMS	TUBITAK-1155	9970	38	-28	Çemka Höyük	settlement	Sector D16 Level 5	Neolithic	Neolithic	charcoal		Mardin	Turkey	37.52282302	41.84059794	Kodaş, 2022	C-Turkey (Current Study)	Woody Plants (Charcoal)	Tree/Shrub	Chronometric Only
c-turkey		AMS	TUBITAK-1156	9970	38	-27.6	Çemka Höyük	settlement	Sector D17 Level 2	Neolithic	Neolithic	charcoal		Mardin	Turkey	37.52282302	41.84059794	Kodaş, 2022	C-Turkey (Current Study)	Woody Plants (Charcoal)	Tree/Shrub	Chronometric Only
c-turkey			TUBITAK-0744	3551	31		Çine-Tepecik	settlement	Sk: g25 DNA id: CTG025			bone	human	Aydın	Turkey	37.6095279	28.01606152	Koptekin et al., 2023	C-Turkey (Current Study)	Bone/Teeth (Human/Animal)	Human	Genomically Integrated
c-turkey		AMS	TUBITAK-Samp3	837	34		Çobankale	settlement	walled city		Medieval	wood		Yalova	Turkey	40.65363206	29.49193985	Seçkin and Doğan, 2022	C-Turkey (Current Study)	Woody Plants (Charcoal)	Tree/Shrub	Chronometric Only
c-turkey		AMS	TUBITAK-Samp1	877	36		Çobankale	settlement	front of chapel		Medieval	kemik		Yalova	Turkey	40.65363206	29.49193985	Seçkin and Doğan, 2022	C-Turkey (Current Study)	Bone/Teeth (Human/Animal)	Indeterminate	Chronometric Only
c-turkey			P-1437	1156	44		Dereağzı	settlement	sample 1		Byzantine	wood		Antalya	Turkey	36.35677157	29.79799419	Lawn, 1970	C-Turkey (Current Study)	Woody Plants (Charcoal)	Tree/Shrub	Chronometric Only
c-turkey			P-1438	1236	43		Dereağzı	settlement	sample 2		Byzantine	wood		Antalya	Turkey	36.35677157	29.79799419	Lawn, 1970	C-Turkey (Current Study)	Woody Plants (Charcoal)	Tree/Shrub	Chronometric Only
c-turkey		AMS	TUBITAK-2029	5224	28		Dombalak Tepe	settlement	K14c3 Layer II/1a	chalcolithic	Chalcolithic	bone	animal	Samsun	Turkey	41.35086403	36.20389735	Türker et al., 2022	C-Turkey (Current Study)	Bone/Teeth (Human/Animal)	Animal	Chronometric Only
c-turkey		AMS	TUBITAK-2026	5286	28		Dombalak Tepe	settlement	K14d B9 Layer II/1b	chalcolithic	Chalcolithic	bone	animal	Samsun	Turkey	41.35086403	36.20389735	Türker et al., 2022	C-Turkey (Current Study)	Bone/Teeth (Human/Animal)	Animal	Chronometric Only
c-turkey		AMS	TUBITAK-2030	5317	28		Dombalak Tepe	settlement	K14c9 Layer II/1a	chalcolithic	Chalcolithic	bone	animal	Samsun	Turkey	41.35086403	36.20389735	Türker et al., 2022	C-Turkey (Current Study)	Bone/Teeth (Human/Animal)	Animal	Chronometric Only
c-turkey		AMS	TUBITAK-2031	5338	28		Dombalak Tepe	settlement	K14c14 Layer II/1b	chalcolithic	Chalcolithic	bone	animal	Samsun	Turkey	41.35086403	36.20389735	Türker et al., 2022	C-Turkey (Current Study)	Bone/Teeth (Human/Animal)	Animal	Chronometric Only
c-turkey		AMS	TUBITAK-2027	5349	28		Dombalak Tepe	settlement	K14d B24 Layer II/2a	chalcolithic	Chalcolithic	bone	animal	Samsun	Turkey	41.35086403	36.20389735	Türker et al., 2022	C-Turkey (Current Study)	Bone/Teeth (Human/Animal)	Animal	Chronometric Only
c-turkey		AMS	TUBITAK-2028	5604	28		Dombalak Tepe	settlement	K14d B26 Layer II/4c	chalcolithic	Chalcolithic	bone	animal	Samsun	Turkey	41.35086403	36.20389735	Türker et al., 2022	C-Turkey (Current Study)	Bone/Teeth (Human/Animal)	Animal	Chronometric Only
c-turkey		AMS	TUBITAK-0427	6865	34	-21.9	Ekşi Höyük	settlement	courtyard-platform	Level 4a	Neolithic	charred material		Denizli	Turkey	38.08471462	29.40034127	Dedeoğlu et al., 2023	C-Turkey (Current Study)	Indeterminate/Other	Indeterminate	Chronometric Only
c-turkey		AMS	TUBITAK-2406	7021	34		Ekşi Höyük	settlement	indoor	Level 4a	Neolithic	bone		Denizli	Turkey	38.08471462	29.40034127	Dedeoğlu et al., 2023	C-Turkey (Current Study)	Bone/Teeth (Human/Animal)	Indeterminate	Chronometric Only
c-turkey		AMS	TUBITAK-0429	7131	35	-19.8	Ekşi Höyük	settlement	indoor	Level 4a	Neolithic	bone		Denizli	Turkey	38.08471462	29.40034127	Dedeoğlu et al., 2023	C-Turkey (Current Study)	Bone/Teeth (Human/Animal)	Indeterminate	Chronometric Only
c-turkey		AMS	TUBITAK-2405	7193	34		Ekşi Höyük	settlement	indoor	Level 4a	Neolithic	bone		Denizli	Turkey	38.08471462	29.40034127	Dedeoğlu et al., 2023	C-Turkey (Current Study)	Bone/Teeth (Human/Animal)	Indeterminate	Chronometric Only
c-turkey		AMS	TUBITAK-0702	7238	34	-18.3	Ekşi Höyük	settlement	indoor	Level 4a	Neolithic	bone		Denizli	Turkey	38.08471462	29.40034127	Dedeoğlu et al., 2023	C-Turkey (Current Study)	Bone/Teeth (Human/Animal)	Indeterminate	Chronometric Only
c-turkey		AMS	TUBITAK-0059	7250	35	-22.5	Ekşi Höyük	settlement	courtyard	Level 4a	Neolithic	charred material		Denizli	Turkey	38.08471462	29.40034127	Dedeoğlu et al., 2023	C-Turkey (Current Study)	Indeterminate/Other	Indeterminate	Chronometric Only
c-turkey		AMS	TUBITAK-0058	7329	34	-22	Ekşi Höyük	settlement	courtyard-hearth	Level 4a	Neolithic	charred material		Denizli	Turkey	38.08471462	29.40034127	Dedeoğlu et al., 2023	C-Turkey (Current Study)	Indeterminate/Other	Indeterminate	Chronometric Only
c-turkey		AMS	TUBITAK-0325	7646	38	-21.7	Ekşi Höyük	settlement	indoor-hearth	Level 7	Neolithic	bone		Denizli	Turkey	38.08471462	29.40034127	Dedeoğlu et al., 2023	C-Turkey (Current Study)	Bone/Teeth (Human/Animal)	Indeterminate	Chronometric Only
c-turkey		AMS	Beta-454516	7800	30	-19.9	Ekşi Höyük	settlement	indoor	Level 6	Neolithic	bone		Denizli	Turkey	38.08471462	29.40034127	Dedeoğlu et al., 2023	C-Turkey (Current Study)	Bone/Teeth (Human/Animal)	Indeterminate	Chronometric Only
c-turkey		AMS	TUBITAK-0327	7838	38	-26.6	Ekşi Höyük	settlement	open space	Level 7	Neolithic	charred material		Denizli	Turkey	38.08471462	29.40034127	Dedeoğlu et al., 2023	C-Turkey (Current Study)	Indeterminate/Other	Indeterminate	Chronometric Only
c-turkey		AMS	DSH5321	1633	25	-13	Elaiussa Sebaste	settlement	Sample ID: TS_2, Core level: ELA2.5, Depth: 1.2			charcoal		Mersin	Turkey	36.48355	34.17683	Melis et al., 2025	C-Turkey (Current Study)	Woody Plants (Charcoal)	Tree/Shrub	Chronometric Only
c-turkey		AMS	DSH5320	1820	30	-28	Elaiussa Sebaste	settlement	Sample ID: TS_1, Core level: ELA2.13, Depth: 10.2			charcoal		Mersin	Turkey	36.48355	34.17683	Melis et al., 2025	C-Turkey (Current Study)	Woody Plants (Charcoal)	Tree/Shrub	Chronometric Only
c-turkey		AMS	DSH5322	1771	35	-36	Elaiussa Sebaste	settlement	Sample ID: TS_3, Core level: ELA3.8, Depth: 4.8			charcoal		Mersin	Turkey	36.48355	34.17683	Melis et al., 2025	C-Turkey (Current Study)	Woody Plants (Charcoal)	Tree/Shrub	Chronometric Only
c-turkey		AMS	DSH5324	1663	43	-24	Elaiussa Sebaste	settlement	Sample ID: TS_5, Core level: ELA4.9, Depth: 6.4			charcoal		Mersin	Turkey	36.48355	34.17683	Melis et al., 2025	C-Turkey (Current Study)	Woody Plants (Charcoal)	Tree/Shrub	Chronometric Only
c-turkey		AMS	DSH5325	1742	34	-33	Elaiussa Sebaste	settlement	Sample ID: TS_6, Core level: ELA5.6, Depth: 2.4			charcoal		Mersin	Turkey	36.48355	34.17683	Melis et al., 2025	C-Turkey (Current Study)	Woody Plants (Charcoal)	Tree/Shrub	Chronometric Only
c-turkey		AMS	DSH5326	1770	56	-24	Elaiussa Sebaste	settlement	Sample ID: TS_7, Core level: ELA5.12, Depth: 2.5			charcoal		Mersin	Turkey	36.48355	34.17683	Melis et al., 2025	C-Turkey (Current Study)	Woody Plants (Charcoal)	Tree/Shrub	Chronometric Only
c-turkey		AMS	DSH5323	1771	36	-29	Elaiussa Sebaste	settlement	Sample ID: TS_4, Core level: ELA5.15, Depth: 4.0			charcoal		Mersin	Turkey	36.48355	34.17683	Melis et al., 2025	C-Turkey (Current Study)	Woody Plants (Charcoal)	Tree/Shrub	Chronometric Only
c-turkey		AMS	DSH5327	1679	34	-33	Elaiussa Sebaste	settlement	Sample ID: TS_8, Core level: ELA6, Depth: 2.2			charcoal		Mersin	Turkey	36.48355	34.17683	Melis et al., 2025	C-Turkey (Current Study)	Woody Plants (Charcoal)	Tree/Shrub	Chronometric Only
c-turkey		AMS	DSH5329	1834	27	-27	Elaiussa Sebaste	settlement	Sample ID: TS_10, Core level: ELA6.13, Depth: 6.2			charcoal		Mersin	Turkey	36.48355	34.17683	Melis et al., 2025	C-Turkey (Current Study)	Woody Plants (Charcoal)	Tree/Shrub	Chronometric Only
c-turkey		AMS	DSH5330	1820	27	-32	Elaiussa Sebaste	settlement	Sample ID: TS_11, Core level: ELA6.19, Depth: 9.1			charcoal		Mersin	Turkey	36.48355	34.17683	Melis et al., 2025	C-Turkey (Current Study)	Woody Plants (Charcoal)	Tree/Shrub	Chronometric Only
c-turkey		AMS	DSH5331	2064	33	-23	Elaiussa Sebaste	settlement	Sample ID: TS_12, Core level: ELA6.23, Depth: 11.2			charcoal		Mersin	Turkey	36.48355	34.17683	Melis et al., 2025	C-Turkey (Current Study)	Woody Plants (Charcoal)	Tree/Shrub	Chronometric Only
c-turkey		AMS	DSH5328	1877	53	-29	Elaiussa Sebaste	settlement	Sample ID: TS_9, Core level: ELA7.3, Depth: 3.3			charcoal		Mersin	Turkey	36.48355	34.17683	Melis et al., 2025	C-Turkey (Current Study)	Woody Plants (Charcoal)	Tree/Shrub	Chronometric Only
c-turkey		AMS	DSH5332	2071	33	-27	Elaiussa Sebaste	settlement	Sample ID: TS_13, Core level: ELA7.7, Depth: 8.2			charcoal		Mersin	Turkey	36.48355	34.17683	Melis et al., 2025	C-Turkey (Current Study)	Woody Plants (Charcoal)	Tree/Shrub	Chronometric Only
c-turkey		AMS	Poz‐158887	3075	35		Elaiussa Sebaste	settlement	Sample ID: ELA7, Core level: ELA7.10, Depth: 13.5			Foraminifers		Mersin	Turkey	36.48355	34.17683	Melis et al., 2025	C-Turkey (Current Study)	Environmental/Soil	Mollusc/Sediment/Soil	Chronometric Only
c-turkey		AMS	DSH5334	1876	30	-35	Elaiussa Sebaste	settlement	Sample ID: TS_15, Core level: ELA9.7, Depth: 6.1			charcoal		Mersin	Turkey	36.48355	34.17683	Melis et al., 2025	C-Turkey (Current Study)	Woody Plants (Charcoal)	Tree/Shrub	Chronometric Only
c-turkey		AMS	UGAM-11437	2100	40	-14.9	Ephesus	settlement	Eph 250/10F			olive stone		İzmir	Turkey	37.9498	27.3636	Stock et al. 2013	C-Turkey (Current Study)	Short-lived Plants	Cereal/Pulse/Seed	Chronometric Only
c-turkey		AMS	UGAM-11436	3570	25	-26.5	Ephesus	settlement	Eph 250/22Sg			seagrass		İzmir	Turkey	37.9498	27.3636	Stock et al. 2013	C-Turkey (Current Study)	Environmental/Soil	Mollusc/Sediment/Soil	Chronometric Only
c-turkey		AMS	UGAM-11438	6940	30	-25.3	Ephesus	settlement	Eph 250/29P			plant remain		İzmir	Turkey	37.9498	27.3636	Stock et al. 2013	C-Turkey (Current Study)	Short-lived Plants	Cereal/Pulse/Seed	Chronometric Only
c-turkey		AMS	UGAM-11082	140	20	-27.3	Ephesus	settlement	Eph 266/4P			plant remain		İzmir	Turkey	37.9498	27.3636	Stock et al. 2013	C-Turkey (Current Study)	Short-lived Plants	Cereal/Pulse/Seed	Chronometric Only
c-turkey		AMS	UGAM-11086	2060	20	-27.4	Ephesus	settlement	Eph 266/10H			plant remain		İzmir	Turkey	37.9498	27.3636	Stock et al. 2013	C-Turkey (Current Study)	Short-lived Plants	Cereal/Pulse/Seed	Chronometric Only
c-turkey		AMS	UGAM-11084	2160	20	-26.9	Ephesus	settlement	Eph 266/15H			grape seeds		İzmir	Turkey	37.9498	27.3636	Stock et al. 2013	C-Turkey (Current Study)	Short-lived Plants	Cereal/Pulse/Seed	Chronometric Only
c-turkey		AMS	UGAM-11085	5680	25	-16.9	Ephesus	settlement	Eph 266/21Sg			seagrass		İzmir	Turkey	37.9498	27.3636	Stock et al. 2013	C-Turkey (Current Study)	Environmental/Soil	Mollusc/Sediment/Soil	Chronometric Only
c-turkey		AMS	UGAM-11089	2030	25	-24.8	Ephesus	settlement	Eph 268/2HK			charcoal		İzmir	Turkey	37.9498	27.3636	Stock et al. 2013	C-Turkey (Current Study)	Woody Plants (Charcoal)	Tree/Shrub	Chronometric Only
c-turkey		AMS	UGAM-11088	2050	20	-27.2	Ephesus	settlement	Eph 268/14H			plant remain		İzmir	Turkey	37.9498	27.3636	Stock et al. 2013	C-Turkey (Current Study)	Short-lived Plants	Cereal/Pulse/Seed	Chronometric Only
c-turkey		AMS	UGAM-11083	2110	20	-26.3	Ephesus	settlement	Eph 268/15H			charcoal		İzmir	Turkey	37.9498	27.3636	Stock et al. 2013	C-Turkey (Current Study)	Woody Plants (Charcoal)	Tree/Shrub	Chronometric Only
c-turkey		AMS	UGAM-11087	2000	25	-26.9	Ephesus	settlement	Eph 268/24K			olive stone		İzmir	Turkey	37.9498	27.3636	Stock et al. 2013	C-Turkey (Current Study)	Short-lived Plants	Cereal/Pulse/Seed	Chronometric Only
c-turkey		AMS	UGAM-6026	950	25	–19.9	Ephesus	settlement	Eph 210/07			olive stone		İzmir	Turkey	37.9498	27.3636	Stock et al. 2015	C-Turkey (Current Study)	Short-lived Plants	Cereal/Pulse/Seed	Chronometric Only
c-turkey		AMS	UGAM-6025	1160	25	–21.8	Ephesus	settlement	Eph 210/08			charcoal		İzmir	Turkey	37.9498	27.3636	Stock et al. 2015	C-Turkey (Current Study)	Woody Plants (Charcoal)	Tree/Shrub	Chronometric Only
c-turkey		AMS	UGAM-6024	2730	25	–25.2	Ephesus	settlement	Eph 210/18			olive stone		İzmir	Turkey	37.9498	27.3636	Stock et al. 2015	C-Turkey (Current Study)	Short-lived Plants	Cereal/Pulse/Seed	Chronometric Only
c-turkey		AMS	UGAM-6023	5950	30	–24.6	Ephesus	settlement	Eph 210/23			charcoal		İzmir	Turkey	37.9498	27.3636	Stock et al. 2015	C-Turkey (Current Study)	Woody Plants (Charcoal)	Tree/Shrub	Chronometric Only
c-turkey		AMS	UGAM-6021	2470	25	–25.3	Ephesus	settlement	Eph 212/08			charcoal		İzmir	Turkey	37.9498	27.3636	Stock et al. 2015	C-Turkey (Current Study)	Woody Plants (Charcoal)	Tree/Shrub	Chronometric Only
c-turkey		AMS	UGAM-6020	5980	30	0.5	Ephesus	settlement	Eph 212/18			marine shell		İzmir	Turkey	37.9498	27.3636	Stock et al. 2015	C-Turkey (Current Study)	Environmental/Soil	Mollusc/Sediment/Soil	Chronometric Only
c-turkey		AMS	UGAM-6019	2460	25	–23.1	Ephesus	settlement	Eph 218/09			charcoal		İzmir	Turkey	37.9498	27.3636	Stock et al. 2015	C-Turkey (Current Study)	Woody Plants (Charcoal)	Tree/Shrub	Chronometric Only
c-turkey		AMS	UGAM-6018	5650	25	–14.9	Ephesus	settlement	Eph 218/26			seagrass		İzmir	Turkey	37.9498	27.3636	Stock et al. 2015	C-Turkey (Current Study)	Environmental/Soil	Mollusc/Sediment/Soil	Chronometric Only
c-turkey		AMS	UGAM-6017	1210	25	–23.7	Ephesus	settlement	Eph 222/06			charcoal		İzmir	Turkey	37.9498	27.3636	Stock et al. 2015	C-Turkey (Current Study)	Woody Plants (Charcoal)	Tree/Shrub	Chronometric Only
c-turkey		AMS	UGAM-6016	2310	25	–23.1	Ephesus	settlement	Eph 222/10			wood		İzmir	Turkey	37.9498	27.3636	Stock et al. 2015	C-Turkey (Current Study)	Woody Plants (Charcoal)	Tree/Shrub	Chronometric Only
c-turkey		AMS	UGAM-6015	3040	25	–26.1	Ephesus	settlement	Eph 222/12I			charcoal		İzmir	Turkey	37.9498	27.3636	Stock et al. 2015	C-Turkey (Current Study)	Woody Plants (Charcoal)	Tree/Shrub	Chronometric Only
c-turkey		AMS	UGAM-13061	3770	25	–27.3	Ephesus	settlement	Eph 339/40H			charcoal		İzmir	Turkey	37.9498	27.3636	Stock et al. 2015	C-Turkey (Current Study)	Woody Plants (Charcoal)	Tree/Shrub	Chronometric Only
c-turkey		AMS	OxA-20593	3267	31		Gavur Lake Swamp	Fossil gallery				animal bone	E. maximus	Kahramanmaraş	Turkey	37.42456804	36.87307585	Albayrak, 2012	C-Turkey (Current Study)	Bone/Teeth (Human/Animal)	Animal	Chronometric Only
c-turkey		AMS	OxA-20592	3297	29		Gavur Lake Swamp	Fossil gallery				animal bone	E. maximus	Kahramanmaraş	Turkey	37.42456804	36.87307585	Albayrak, 2012	C-Turkey (Current Study)	Bone/Teeth (Human/Animal)	Animal	Chronometric Only
c-turkey		AMS	TUBITAK-2178	5711	31		Gedikkaya	cave	Excavation Code:E11.13/7	chalcolithic	chalcolithic	charcoal		Bilecik	Turkey	40.04296719	30.3905631	Sarı, 2023	C-Turkey (Current Study)	Woody Plants (Charcoal)	Tree/Shrub	Chronometric Only
c-turkey		AMS	TUBITAK-2179	5817	29		Gedikkaya	cave	Excavation Code:E11.7/5	chalcolithic	chalcolithic	charcoal		Bilecik	Turkey	40.04296719	30.3905631	Sarı, 2023	C-Turkey (Current Study)	Woody Plants (Charcoal)	Tree/Shrub	Chronometric Only
c-turkey		AMS	TUBITAK-2177	6054	31		Gedikkaya	cave	Excavation Code:CD8.41B	chalcolithic	chalcolithic	bone	animal	Bilecik	Turkey	40.04296719	30.3905631	Sarı, 2023	C-Turkey (Current Study)	Bone/Teeth (Human/Animal)	Animal	Chronometric Only
c-turkey		AMS	TUBITAK-2609	6287	27		Gedikkaya	cave	Sk. Number:CD8.41/2A	chalcolithic	chalcolithic	bone	human	Bilecik	Turkey	40.04296719	30.3905631	Sarı, 2023	C-Turkey (Current Study)	Bone/Teeth (Human/Animal)	Human	Chronometric Only
c-turkey		AMS	TUBITAK-2176	7023	33		Gedikkaya	cave	Excavation Code:CD8.40	Neolithic	Neolithic	bone	animal	Bilecik	Turkey	40.04296719	30.3905631	Sarı, 2023	C-Turkey (Current Study)	Bone/Teeth (Human/Animal)	Animal	Chronometric Only
c-turkey		AMS	TUBITAK-2180	7339	32		Gedikkaya	cave	Excavation Code:D7.9	Neolithic	Neolithic	charcoal		Bilecik	Turkey	40.04296719	30.3905631	Sarı, 2023	C-Turkey (Current Study)	Woody Plants (Charcoal)	Tree/Shrub	Chronometric Only
c-turkey		AMS	TUBITAK-2365	7666	35		Gedikkaya	cave	Sk. Number:GMK'19.41	Neolithic	Neolithic	bone	human	Bilecik	Turkey	40.04296719	30.3905631	Sarı, 2023	C-Turkey (Current Study)	Bone/Teeth (Human/Animal)	Human	Chronometric Only
c-turkey		AMS	TUBITAK-2366	7675	34		Gedikkaya	cave	Sk. Number:GMK'19.42	Neolithic	Neolithic	bone	human	Bilecik	Turkey	40.04296719	30.3905631	Sarı, 2023	C-Turkey (Current Study)	Bone/Teeth (Human/Animal)	Human	Chronometric Only
c-turkey		AMS	TUBITAK-1789	8129	35		Gedikkaya	cave	Excavation Code:D7.1/1	Neolithic	Neolithic	charcoal		Bilecik	Turkey	40.04296719	30.3905631	Sarı, 2023	C-Turkey (Current Study)	Woody Plants (Charcoal)	Tree/Shrub	Chronometric Only
c-turkey		AMS	TUBITAK-1790	8336	36		Gedikkaya	cave	Excavation Code:D8.25	Neolithic	Neolithic	charcoal		Bilecik	Turkey	40.04296719	30.3905631	Sarı, 2023	C-Turkey (Current Study)	Woody Plants (Charcoal)	Tree/Shrub	Chronometric Only
c-turkey		AMS	TUBITAK-1788	8750	37		Gedikkaya	cave	Excavation Code:CD6.2/2	Neolithic	Neolithic	charcoal		Bilecik	Turkey	40.04296719	30.3905631	Sarı, 2023	C-Turkey (Current Study)	Woody Plants (Charcoal)	Tree/Shrub	Chronometric Only
c-turkey		AMS	TUBITAK-2175	12677	43		Gedikkaya	cave	Excavation Code:D7.8	Epi-palaeolithic	Epi-palaeolithic	bone	animal	Bilecik	Turkey	40.04296719	30.3905631	Sarı, 2023	C-Turkey (Current Study)	Bone/Teeth (Human/Animal)	Animal	Chronometric Only
c-turkey		AMS	TUBITAK-1791	13493	49		Gedikkaya	cave	Excavation Code:D9.8/1	Epi-palaeolithic	Epi-palaeolithic	bone	animal	Bilecik	Turkey	40.04296719	30.3905631	Sarı, 2023	C-Turkey (Current Study)	Bone/Teeth (Human/Animal)	Animal	Chronometric Only
c-turkey		AMS	TUBITAK-1527	10928	32		Girmeler	cave	Trench E, sounding layer 6	Epi-palaeolithic	Epi-palaeolithic	bone	animal	Muğla	Turkey	36.58845051	29.37895319	Erdoğu et al., 2021	C-Turkey (Current Study)	Bone/Teeth (Human/Animal)	Animal	Chronometric Only
c-turkey		AMS	Beta-539762	8670	30		Girmeler	cave	Sk: S1 DNA id: gir001	Neolithic	Neolithic	bone	human	Muğla	Turkey	36.58850583	29.38266382	Koptekin et al., 2024	C-Turkey (Current Study)	Bone/Teeth (Human/Animal)	Human	Genomically Integrated
c-turkey		AMS	TUBITAK-1970	11918	44		Girmeler	cave	Trench E	Epi-palaeolithic	Epi-palaeolithic	charcoal		Muğla	Turkey	36.58850583	29.38266382	Erdoğu et al., 2024	C-Turkey (Current Study)	Woody Plants (Charcoal)	Tree/Shrub	Chronometric Only
c-turkey		AMS	TUBITAK-extra1	10654	38		Girmeler	cave	Trench E	Epi-palaeolithic	Epi-palaeolithic	bone	animal	Muğla	Turkey	36.58850583	29.38266382	Erdoğu et al., 2024	C-Turkey (Current Study)	Bone/Teeth (Human/Animal)	Animal	Chronometric Only
c-turkey		AMS	TUBITAK-extra2	9631	38		Girmeler	cave	Trench E	Epi-palaeolithic	Epi-palaeolithic	bone	animal	Muğla	Turkey	36.58850583	29.38266382	Erdoğu et al., 2024	C-Turkey (Current Study)	Bone/Teeth (Human/Animal)	Animal	Chronometric Only
c-turkey		AMS	TUBITAK-3098	9615	37		Girmeler	cave	Trench E	Epi-palaeolithic	Epi-palaeolithic	charcoal		Muğla	Turkey	36.58850583	29.38266382	Erdoğu et al., 2024	C-Turkey (Current Study)	Woody Plants (Charcoal)	Tree/Shrub	Chronometric Only
c-turkey		AMS	TUBITAK-3077	8744	36		Girmeler	cave	Trench E	Neolithic	Neolithic	charcoal		Muğla	Turkey	36.58850583	29.38266382	Erdoğu et al., 2024	C-Turkey (Current Study)	Woody Plants (Charcoal)	Tree/Shrub	Chronometric Only
c-turkey		AMS	TUBITAK-3096	7788	33		Girmeler	cave	Trench E	Neolithic	Neolithic	sediment		Muğla	Turkey	36.58850583	29.38266382	Erdoğu et al., 2024	C-Turkey (Current Study)	Environmental/Soil	Mollusc/Sediment/Soil	Chronometric Only
c-turkey		AMS	TUBITAK-3097	7130	32		Girmeler	cave	Trench E	Neolithic	Neolithic	charcoal		Muğla	Turkey	36.58850583	29.38266382	Erdoğu et al., 2024	C-Turkey (Current Study)	Woody Plants (Charcoal)	Tree/Shrub	Chronometric Only
c-turkey		AMS	TUBITAK-1293	9762	43	-27.6	Gre fılla	settlement		Neolithic	Neolithic	sediment		Diyarbakır	Turkey	38.26287024	40.45790539	Muşkara et al., 2025	C-Turkey (Current Study)	Environmental/Soil	Mollusc/Sediment/Soil	Chronometric Only
c-turkey		AMS	TUBITAK-1282	9005	38	-29.6	Gre fılla	settlement		Neolithic	Neolithic	adobe		Diyarbakır	Turkey	38.26287024	40.45790539	Muşkara et al., 2025	C-Turkey (Current Study)	Anthropic/Residues	Organic Residue/Artifact	Chronometric Only
c-turkey		AMS	TUBITAK-1284	9338	39	-29.4	Gre fılla	settlement		Neolithic	Neolithic	soil		Diyarbakır	Turkey	38.26287024	40.45790539	Muşkara et al., 2025	C-Turkey (Current Study)	Environmental/Soil	Mollusc/Sediment/Soil	Chronometric Only
c-turkey		AMS	TUBITAK-1295	9366	38	-27.5	Gre fılla	settlement		Neolithic	Neolithic	adobe		Diyarbakır	Turkey	38.26287024	40.45790539	Muşkara et al., 2025	C-Turkey (Current Study)	Anthropic/Residues	Organic Residue/Artifact	Chronometric Only
c-turkey		AMS	TUBITAK-1296	9064	38	-26.2	Gre fılla	settlement		Neolithic	Neolithic	adobe		Diyarbakır	Turkey	38.26287024	40.45790539	Muşkara et al., 2025	C-Turkey (Current Study)	Anthropic/Residues	Organic Residue/Artifact	Chronometric Only
c-turkey		AMS	TUBITAK-1297	8839	36	-25.3	Gre fılla	settlement		Neolithic	Neolithic	soil		Diyarbakır	Turkey	38.26287024	40.45790539	Muşkara et al., 2025	C-Turkey (Current Study)	Environmental/Soil	Mollusc/Sediment/Soil	Chronometric Only
c-turkey		AMS	TUBITAK-1298	9459	37	-26.5	Gre fılla	settlement		Neolithic	Neolithic	soil		Diyarbakır	Turkey	38.26287024	40.45790539	Muşkara et al., 2025	C-Turkey (Current Study)	Environmental/Soil	Mollusc/Sediment/Soil	Chronometric Only
c-turkey		AMS	TUBITAK-1299	8479	35	-26.4	Gre fılla	settlement		Neolithic	Neolithic	adobe		Diyarbakır	Turkey	38.26287024	40.45790539	Muşkara et al., 2025	C-Turkey (Current Study)	Anthropic/Residues	Organic Residue/Artifact	Chronometric Only
c-turkey		AMS	TUBITAK-1300	8536	37	-28	Gre fılla	settlement		Neolithic	Neolithic	adobe		Diyarbakır	Turkey	38.26287024	40.45790539	Muşkara et al., 2025	C-Turkey (Current Study)	Anthropic/Residues	Organic Residue/Artifact	Chronometric Only
c-turkey		AMS	TUBITAK-1305	9372	38	-27.7	Gre fılla	settlement		Neolithic	Neolithic	charcoal		Diyarbakır	Turkey	38.26287024	40.45790539	Muşkara et al., 2025	C-Turkey (Current Study)	Woody Plants (Charcoal)	Tree/Shrub	Chronometric Only
c-turkey		AMS	TUBITAK-1306	9179	37	-27.1	Gre fılla	settlement		Neolithic	Neolithic	charcoal		Diyarbakır	Turkey	38.26287024	40.45790539	Muşkara et al., 2025	C-Turkey (Current Study)	Woody Plants (Charcoal)	Tree/Shrub	Chronometric Only
c-turkey		AMS	TUBITAK-1307	8714	39	-29.2	Gre fılla	settlement		Neolithic	Neolithic	soil		Diyarbakır	Turkey	38.26287024	40.45790539	Muşkara et al., 2025	C-Turkey (Current Study)	Environmental/Soil	Mollusc/Sediment/Soil	Chronometric Only
c-turkey		AMS	TUBITAK-1308	9093	37	-26.6	Gre fılla	settlement		Neolithic	Neolithic	charcoal		Diyarbakır	Turkey	38.26287024	40.45790539	Muşkara et al., 2025	C-Turkey (Current Study)	Woody Plants (Charcoal)	Tree/Shrub	Chronometric Only
c-turkey		AMS	TUBITAK-3042	5396	34		İkiztepe	settlement	C 20/IV 6 - D 1/IV 6 (area b. 4256)			wood		Samsun	Turkey	41.6136944	35.8711361	Beyazıt, 2025	C-Turkey (Current Study)	Woody Plants (Charcoal)	Tree/Shrub	Chronometric Only
c-turkey		AMS	TUBITAK-3041	5027	33		İkiztepe	settlement	C 20/IV 6 - D 1/IV 6 (area b. 4256)			wood		Samsun	Turkey	41.6136944	35.8711361	Beyazıt, 2025	C-Turkey (Current Study)	Woody Plants (Charcoal)	Tree/Shrub	Chronometric Only
c-turkey		AMS	TUBITAK-3040	4948	31		İkiztepe	settlement						Samsun	Turkey	41.6136944	35.8711361	Beyazıt, 2025	C-Turkey (Current Study)	Indeterminate/Other	Indeterminate	Chronometric Only
c-turkey		AMS	TUBITAK-3048	4784	32		İkiztepe	settlement						Samsun	Turkey	41.6136944	35.8711361	Beyazıt, 2025	C-Turkey (Current Study)	Indeterminate/Other	Indeterminate	Chronometric Only
c-turkey		AMS	TUBITAK-3043	4731	31		İkiztepe	settlement						Samsun	Turkey	41.6136944	35.8711361	Beyazıt, 2025	C-Turkey (Current Study)	Indeterminate/Other	Indeterminate	Chronometric Only
c-turkey		AMS	TUBITAK-3044	4711	31		İkiztepe	settlement						Samsun	Turkey	41.6136944	35.8711361	Beyazıt, 2025	C-Turkey (Current Study)	Indeterminate/Other	Indeterminate	Chronometric Only
c-turkey		AMS	TUBITAK-3045	4584	31		İkiztepe	settlement						Samsun	Turkey	41.6136944	35.8711361	Beyazıt, 2025	C-Turkey (Current Study)	Indeterminate/Other	Indeterminate	Chronometric Only
c-turkey		AMS	TUBITAK-3046	4521	34		İkiztepe	settlement						Samsun	Turkey	41.6136944	35.8711361	Beyazıt, 2025	C-Turkey (Current Study)	Indeterminate/Other	Indeterminate	Chronometric Only
c-turkey		AMS	TUBITAK-3047	4562	33		İkiztepe	settlement						Samsun	Turkey	41.6136944	35.8711361	Beyazıt, 2025	C-Turkey (Current Study)	Indeterminate/Other	Indeterminate	Chronometric Only
c-turkey		AMS	TUBITAK-3297	7839	33		İnboğazı-Andık	cave	Entrance gallery			bone	animal	Balıkesir	Turkey	39.57791161	27.17492388	Yalçıklı, 2024	C-Turkey (Current Study)	Bone/Teeth (Human/Animal)	Animal	Chronometric Only
c-turkey		AMS	TUBITAK-0025	3775	29		İnönü Mağarası	cave	Layer IV H/7	Early Iron Age	Early Iron Age	wood		Zonguldak	Turkey	41.25801271	31.71066193	Ekmen, 2021	C-Turkey (Current Study)	Woody Plants (Charcoal)	Tree/Shrub	Chronometric Only
c-turkey		AMS	TUBITAK-0414	5250	32		İnönü Mağarası	cave	Layer V	chalcolithic	chalcolithic			Zonguldak	Turkey	41.25801271	31.71066193	Ekmen, 2020	C-Turkey (Current Study)	Indeterminate/Other	Indeterminate	Chronometric Only
c-turkey		AMS	TUBITAK-0409	5263	31		İnönü Mağarası	cave	Layer V	chalcolithic	chalcolithic			Zonguldak	Turkey	41.25801271	31.71066193	Ekmen, 2020	C-Turkey (Current Study)	Indeterminate/Other	Indeterminate	Chronometric Only
c-turkey		AMS	TUBITAK-0400	5301	40		İnönü Mağarası	cave	Layer V	chalcolithic	chalcolithic			Zonguldak	Turkey	41.25801271	31.71066193	Ekmen, 2020	C-Turkey (Current Study)	Indeterminate/Other	Indeterminate	Chronometric Only
c-turkey		AMS	TUBITAK-0402	5319	30		İnönü Mağarası	cave	Layer V	chalcolithic	chalcolithic			Zonguldak	Turkey	41.25801271	31.71066193	Ekmen, 2020	C-Turkey (Current Study)	Indeterminate/Other	Indeterminate	Chronometric Only
c-turkey		AMS	TUBITAK-0405	5324	30		İnönü Mağarası	cave	Layer V	chalcolithic	chalcolithic			Zonguldak	Turkey	41.25801271	31.71066193	Ekmen, 2020	C-Turkey (Current Study)	Indeterminate/Other	Indeterminate	Chronometric Only
c-turkey		AMS	TUBITAK-0764	5331	32		İnönü Mağarası	cave	Layer V	chalcolithic	chalcolithic			Zonguldak	Turkey	41.25801271	31.71066193	Ekmen, 2020	C-Turkey (Current Study)	Indeterminate/Other	Indeterminate	Chronometric Only
c-turkey		AMS	TUBITAK-0411	5335	31		İnönü Mağarası	cave	Layer V	chalcolithic	chalcolithic			Zonguldak	Turkey	41.25801271	31.71066193	Ekmen, 2020	C-Turkey (Current Study)	Indeterminate/Other	Indeterminate	Chronometric Only
c-turkey		AMS	TUBITAK-2923	2922	25		İnönü Mağarası	cave	B01-I/8	Late Bronze Age	Late Bronze Age	wood	Taxus baccata	Zonguldak	Turkey	41.25801271	31.71066193	Ekmen et al., 2025	C-Turkey (Current Study)	Woody Plants (Charcoal)	Tree/Shrub	Chronometric Only
c-turkey		AMS	TUBITAK-0413	2968	36		İnönü Mağarası	cave	Level III	Late Bronze Age	Late Bronze Age	charcoal		Zonguldak	Turkey	41.25801271	31.71066193	Ekmen et al., 2025	C-Turkey (Current Study)	Woody Plants (Charcoal)	Tree/Shrub	Chronometric Only
c-turkey		AMS	TUBITAK-0399	2991	27		İnönü Mağarası	cave	Level III	Late Bronze Age	Late Bronze Age	charcoal		Zonguldak	Turkey	41.25801271	31.71066193	Ekmen et al., 2025	C-Turkey (Current Study)	Woody Plants (Charcoal)	Tree/Shrub	Chronometric Only
c-turkey		AMS	TUBITAK-0765	2998	28		İnönü Mağarası	cave	Level III	Late Bronze Age	Late Bronze Age	charcoal		Zonguldak	Turkey	41.25801271	31.71066193	Ekmen et al., 2025	C-Turkey (Current Study)	Woody Plants (Charcoal)	Tree/Shrub	Chronometric Only
c-turkey		AMS	TUBITAK-0403	3007	29		İnönü Mağarası	cave	Level III	Late Bronze Age	Late Bronze Age	charcoal		Zonguldak	Turkey	41.25801271	31.71066193	Ekmen et al., 2025	C-Turkey (Current Study)	Woody Plants (Charcoal)	Tree/Shrub	Chronometric Only
c-turkey		AMS	TUBITAK-0501	3023	28		İnönü Mağarası	cave	Level III	Late Bronze Age	Late Bronze Age	charcoal		Zonguldak	Turkey	41.25801271	31.71066193	Ekmen et al., 2025	C-Turkey (Current Study)	Woody Plants (Charcoal)	Tree/Shrub	Chronometric Only
c-turkey		AMS	TUBITAK-0763	3041	27		İnönü Mağarası	cave	Level III	Late Bronze Age	Late Bronze Age	charcoal		Zonguldak	Turkey	41.25801271	31.71066193	Ekmen et al., 2025	C-Turkey (Current Study)	Woody Plants (Charcoal)	Tree/Shrub	Chronometric Only
c-turkey		AMS	TUBITAK-0762	3049	28		İnönü Mağarası	cave	Level III	Late Bronze Age	Late Bronze Age	charcoal		Zonguldak	Turkey	41.25801271	31.71066193	Ekmen et al., 2025	C-Turkey (Current Study)	Woody Plants (Charcoal)	Tree/Shrub	Chronometric Only
c-turkey		AMS	TUBITAK-1600	3050	30		İnönü Mağarası	cave	Level III	Late Bronze Age	Late Bronze Age	charcoal		Zonguldak	Turkey	41.25801271	31.71066193	Ekmen et al., 2025	C-Turkey (Current Study)	Woody Plants (Charcoal)	Tree/Shrub	Chronometric Only
c-turkey		AMS	TUBITAK-0412	3100	29		İnönü Mağarası	cave	Level III	Late Bronze Age	Late Bronze Age	charcoal		Zonguldak	Turkey	41.25801271	31.71066193	Ekmen et al., 2025	C-Turkey (Current Study)	Woody Plants (Charcoal)	Tree/Shrub	Chronometric Only
c-turkey		AMS	TUBITAK-1720	141	24		İsa Sofi Türbesi	Tomb		Ottoman	Ottoman	animal fur		Bilecik	Turkey	40.04428872	30.21655478	Dalgıç et al. 2023	C-Turkey (Current Study)	Bone/Teeth (Human/Animal)	Indeterminate	Chronometric Only
c-turkey		AMS	TUBITAK-1380	2103	26		Juliopolis	settlement	sample no: SP 467, cist grave M 467			bone	human	Ankara	Turkey	40.07360046	31.67008207	Vorobyeva, 2025	C-Turkey (Current Study)	Bone/Teeth (Human/Animal)	Human	Chronometric Only
c-turkey		AMS	TUBITAK-1378	1682	25		Juliopolis	settlement	sample no: SP 447, cist grave M 447			bone	human	Ankara	Turkey	40.07360046	31.67008207	Vorobyeva, 2026	C-Turkey (Current Study)	Bone/Teeth (Human/Animal)	Human	Chronometric Only
c-turkey		AMS	TUBITAK-1536	1688	21		Juliopolis	settlement	sample no: M 207, cist grave M 207			bone	human	Ankara	Turkey	40.07360046	31.67008207	Vorobyeva, 2027	C-Turkey (Current Study)	Bone/Teeth (Human/Animal)	Human	Chronometric Only
c-turkey		AMS	TUBITAK-1537	1593	22		Juliopolis	settlement	sample no: M 397, cist grave M 397			bone	human	Ankara	Turkey	40.07360046	31.67008207	Vorobyeva, 2028	C-Turkey (Current Study)	Bone/Teeth (Human/Animal)	Human	Chronometric Only
c-turkey		AMS	TUBITAK-1379	1499	23		Juliopolis	settlement	sample no: M 452, cist grave M 452			bone	human	Ankara	Turkey	40.07360046	31.67008207	Vorobyeva, 2029	C-Turkey (Current Study)	Bone/Teeth (Human/Animal)	Human	Chronometric Only
c-turkey			NUTA2-10594	348	23		Kaman-Kalehöyük	settlement	Sk: Stratum I P1156 DNA id: MA2198			bone	human	Kırşehir	Turkey	39.362778	33.786667	Omori and Nakamura 2006 and 2007	C-Turkey (Current Study)	Bone/Teeth (Human/Animal)	Human	Genomically Integrated
c-turkey			NUTA2-10598	364	23		Kaman-Kalehöyük	settlement	Stratum I G21			bone	human	Kırşehir	Turkey	39.362778	33.786667	Omori and Nakamura 2006 and 2007	C-Turkey (Current Study)	Bone/Teeth (Human/Animal)	Human	Chronometric Only
c-turkey			NUTA2-11002	943	20		Kaman-Kalehöyük	settlement	Stratum I P1167, G29			bone	human	Kırşehir	Turkey	39.362778	33.786667	Omori and Nakamura 2006 and 2007; replicate of NUTA2-10599	C-Turkey (Current Study)	Bone/Teeth (Human/Animal)	Human	Chronometric Only
c-turkey			NUTA2-10599	994	24		Kaman-Kalehöyük	settlement	Stratum I P1167, G29			bone	human	Kırşehir	Turkey	39.362778	33.786667	Omori and Nakamura 2006 and 2007; replicate of NUTA2-11002	C-Turkey (Current Study)	Bone/Teeth (Human/Animal)	Human	Chronometric Only
c-turkey			NUTA2-10595	2205	20		Kaman-Kalehöyük	settlement	Stratum 2a Pit			bone	human	Kırşehir	Turkey	39.362778	33.786667	Omori and Nakamura 2006 and 2007	C-Turkey (Current Study)	Bone/Teeth (Human/Animal)	Human	Chronometric Only
c-turkey		AMS	UCIAMS199247	3905	15		Kanlıgeçit	settlement	DNA id: Kan22_Tur_m2386	Bronze Age	Bronze Age	bone	horse	Kırklareli	Turkey	41.721357	27.225306	Librado et al., 2024	C-Turkey (Current Study)	Bone/Teeth (Human/Animal)	Animal	Genomically Integrated
c-turkey		AMS	TUBITAK-KN1	3665	26		Karaağaç	tumulus	Sample KN1	Early Bronze Age	EBA	bone	human	Bilecik	Turkey	39.84361142	30.01652548	Erpehlivan et al., 2026	C-Turkey (Current Study)	Bone/Teeth (Human/Animal)	Human	Chronometric Only
c-turkey		AMS	TUBITAK-KN2	3907	28		Karaağaç	tumulus	Sample KN2	Early Bronze Age	EBA	bone	human	Bilecik	Turkey	39.84361142	30.01652548	Erpehlivan et al., 2026	C-Turkey (Current Study)	Bone/Teeth (Human/Animal)	Human	Chronometric Only
c-turkey		AMS	TUBITAK-KN3	3927	27		Karaağaç	tumulus	Sample KN3	Early Bronze Age	EBA	bone	human	Bilecik	Turkey	39.84361142	30.01652548	Erpehlivan et al., 2026	C-Turkey (Current Study)	Bone/Teeth (Human/Animal)	Human	Chronometric Only
c-turkey			OxA-8407	15860	100		Karain B	cave	KB98-F12-16		Epi-Palaeolithic	charcoal		Antalya	Turkey	37.0778	30.5708	Ramsey et al., 2002	C-Turkey (Current Study)	Woody Plants (Charcoal)	Tree/Shrub	Chronometric Only
c-turkey			OxA-9264	15920	100		Karain B	cave	KB99 F14/AH19, Layer P.I		Epi-Palaeolithic	charcoal		Antalya	Turkey	37.0778	30.5708	Ramsey et al., 2002	C-Turkey (Current Study)	Woody Plants (Charcoal)	Tree/Shrub	Chronometric Only
c-turkey			OxA-9265	16740	100		Karain B	cave	KB99 F14/AH18, Layer P.II.1		Epi-Palaeolithic	charcoal		Antalya	Turkey	37.0778	30.5708	Ramsey et al., 2002	C-Turkey (Current Study)	Woody Plants (Charcoal)	Tree/Shrub	Chronometric Only
c-turkey			OxA-9266	16750	90		Karain B	cave	KB99 F14/AH19, Layer P.II.1		Epi-Palaeolithic	charcoal		Antalya	Turkey	37.0778	30.5708	Ramsey et al., 2002	C-Turkey (Current Study)	Woody Plants (Charcoal)	Tree/Shrub	Chronometric Only
c-turkey			OxA-9267	17025	80		Karain B	cave	KB99 F14/AH21, Layer P.III		Epi-Palaeolithic	charcoal		Antalya	Turkey	37.0778	30.5708	Ramsey et al., 2002	C-Turkey (Current Study)	Woody Plants (Charcoal)	Tree/Shrub	Chronometric Only
c-turkey			OxA-9268	18360	90		Karain B	cave	KB99 F14/AH22, Layer P.III		Epi-Palaeolithic	charcoal		Antalya	Turkey	37.0778	30.5708	Ramsey et al., 2002	C-Turkey (Current Study)	Woody Plants (Charcoal)	Tree/Shrub	Chronometric Only
c-turkey			OxA-8446	18960	180		Karain B	cave	KB98-F13-22		Epi-Palaeolithic	bone		Antalya	Turkey	37.0778	30.5708	Ramsey et al., 2002	C-Turkey (Current Study)	Bone/Teeth (Human/Animal)	Indeterminate	Chronometric Only
c-turkey		AMS	BETA-574748	3750	30		Kaymakçı	settlement	Sample no: KAP 108.522.52.1	Bronze Age	Bronze Age	seeds	Vicia ervilia	Manisa	Turkey	38.70842024	27.91075987	Irvine et al., 2023	C-Turkey (Current Study)	Short-lived Plants	Cereal/Pulse/Seed	Chronometric Only
c-turkey		AMS	BETA-574749	3340	30		Kaymakçı	settlement	Sample no: KAP 108.522.69.1	Bronze Age	Bronze Age	seeds	Hordeum vulgare	Manisa	Turkey	38.70842024	27.91075987	Irvine et al., 2023	C-Turkey (Current Study)	Short-lived Plants	Cereal/Pulse/Seed	Chronometric Only
c-turkey		AMS	BETA-574750	3320	30		Kaymakçı	settlement	Sample no: KAP 108.522.72.1	Bronze Age	Bronze Age	seeds	Vicia ervilia	Manisa	Turkey	38.70842024	27.91075987	Irvine et al., 2023	C-Turkey (Current Study)	Short-lived Plants	Cereal/Pulse/Seed	Chronometric Only
c-turkey		AMS	BETA-574751	3200	30		Kaymakçı	settlement	Sample no: KAP 108.522.78.1	Bronze Age	Bronze Age	seeds	cf. Hordeum vulgare	Manisa	Turkey	38.70842024	27.91075987	Irvine et al., 2023	C-Turkey (Current Study)	Short-lived Plants	Cereal/Pulse/Seed	Chronometric Only
c-turkey		AMS	BETA-574752	2590	30		Kaymakçı	settlement	Sample no: KAP 81.551.15.5	Bronze Age	Bronze Age	seeds	Triticum aestivum/durum	Manisa	Turkey	38.70842024	27.91075987	Irvine et al., 2023	C-Turkey (Current Study)	Short-lived Plants	Cereal/Pulse/Seed	Chronometric Only
c-turkey		AMS	BETA-574753	3210	30		Kaymakçı	settlement	Sample no: KAP 97.541.388.4	Bronze Age	Bronze Age	seeds	Triticum monococcum	Manisa	Turkey	38.70842024	27.91075987	Irvine et al., 2023	C-Turkey (Current Study)	Short-lived Plants	Cereal/Pulse/Seed	Chronometric Only
c-turkey		AMS	BETA-574754	3130	30		Kaymakçı	settlement	Sample no: KAP 98.537.26.3	Bronze Age	Bronze Age	seeds	Vicia ervilia	Manisa	Turkey	38.70842024	27.91075987	Irvine et al., 2023	C-Turkey (Current Study)	Short-lived Plants	Cereal/Pulse/Seed	Chronometric Only
c-turkey		AMS	BETA-574755	3250	30		Kaymakçı	settlement	Sample no: KAP 98.537.36.2	Bronze Age	Bronze Age	seeds	Triticum aestivum/durum	Manisa	Turkey	38.70842024	27.91075987	Irvine et al., 2023	C-Turkey (Current Study)	Short-lived Plants	Cereal/Pulse/Seed	Chronometric Only
c-turkey		AMS	BETA-574756	3270	30		Kaymakçı	settlement	Sample no: KAP 98.537.46.1	Bronze Age	Bronze Age	seeds	Lens culinaris	Manisa	Turkey	38.70842024	27.91075987	Irvine et al., 2023	C-Turkey (Current Study)	Short-lived Plants	Cereal/Pulse/Seed	Chronometric Only
c-turkey		AMS	BETA-574757	3260	30		Kaymakçı	settlement	Sample no: KAP 98.537.53.2	Bronze Age	Bronze Age	seeds	Lens culinaris	Manisa	Turkey	38.70842024	27.91075987	Irvine et al., 2023	C-Turkey (Current Study)	Short-lived Plants	Cereal/Pulse/Seed	Chronometric Only
c-turkey		AMS	BETA-574758	3170	30		Kaymakçı	settlement	Sample no: KAP 98.537.63.3	Bronze Age	Bronze Age	seeds	Vicia ervilia	Manisa	Turkey	38.70842024	27.91075987	Irvine et al., 2023	C-Turkey (Current Study)	Short-lived Plants	Cereal/Pulse/Seed	Chronometric Only
c-turkey		AMS	BETA-574759	3130	30		Kaymakçı	settlement	Sample no: KAP 98.537.74.2	Bronze Age	Bronze Age	seeds	Hordeum vulgare	Manisa	Turkey	38.70842024	27.91075987	Irvine et al., 2023	C-Turkey (Current Study)	Short-lived Plants	Cereal/Pulse/Seed	Chronometric Only
c-turkey		AMS	BETA-574760	3280	30		Kaymakçı	settlement	Sample no: KAP 99.526.39.4	Bronze Age	Bronze Age	seeds	Triticum aestivum/durum	Manisa	Turkey	38.70842024	27.91075987	Irvine et al., 2023	C-Turkey (Current Study)	Short-lived Plants	Cereal/Pulse/Seed	Chronometric Only
c-turkey		AMS	BETA-574761	3390	30		Kaymakçı	settlement	Sample no: KAP 99.526.47.3	Bronze Age	Bronze Age	seeds	Lens culinaris	Manisa	Turkey	38.70842024	27.91075987	Irvine et al., 2023	C-Turkey (Current Study)	Short-lived Plants	Cereal/Pulse/Seed	Chronometric Only
c-turkey		AMS	BETA-574762	3400	30		Kaymakçı	settlement	Sample no: KAP 99.526.52.2	Bronze Age	Bronze Age	seeds	Lens culinaris	Manisa	Turkey	38.70842024	27.91075987	Irvine et al., 2023	C-Turkey (Current Study)	Short-lived Plants	Cereal/Pulse/Seed	Chronometric Only
c-turkey		AMS	BETA-574763	3370	30		Kaymakçı	settlement	Sample no: KAP 99.526.56.1	Bronze Age	Bronze Age	seeds	Lens culinaris	Manisa	Turkey	38.70842024	27.91075987	Irvine et al., 2023	C-Turkey (Current Study)	Short-lived Plants	Cereal/Pulse/Seed	Chronometric Only
c-turkey		AMS	BETA-574764	3360	30		Kaymakçı	settlement	Sample no: KAP 99.526.62.3	Bronze Age	Bronze Age	seeds	Lens culinaris	Manisa	Turkey	38.70842024	27.91075987	Irvine et al., 2023	C-Turkey (Current Study)	Short-lived Plants	Cereal/Pulse/Seed	Chronometric Only
c-turkey		AMS	BETA-574765	3350	30		Kaymakçı	settlement	Sample no: KAP 99.526.67.3	Bronze Age	Bronze Age	seeds	Triticum aestivum/durum	Manisa	Turkey	38.70842024	27.91075987	Irvine et al., 2023	C-Turkey (Current Study)	Short-lived Plants	Cereal/Pulse/Seed	Chronometric Only
c-turkey		AMS	BETA-574766	3400	30		Kaymakçı	settlement	Sample no: KAP 99.526.69.3	Bronze Age	Bronze Age	seeds	Triticum aestivum/durum	Manisa	Turkey	38.70842024	27.91075987	Irvine et al., 2023	C-Turkey (Current Study)	Short-lived Plants	Cereal/Pulse/Seed	Chronometric Only
c-turkey		AMS	BETA-574767	3420	30		Kaymakçı	settlement	Sample no: KAP 99.526.73.4	Bronze Age	Bronze Age	seeds		Manisa	Turkey	38.70842024	27.91075987	Irvine et al., 2023	C-Turkey (Current Study)	Short-lived Plants	Cereal/Pulse/Seed	Chronometric Only
c-turkey		AMS	TUBITAK-1286	5925	32		Kendale Hecala	settlement	Period II-Level I, Building 7	Neolithic	Neolithic	charcoal		Diyarbakır	Turkey	38.25822885	40.46151382	Can and Çiftçi, 2023	C-Turkey (Current Study)	Woody Plants (Charcoal)	Tree/Shrub	Chronometric Only
c-turkey		AMS	TUBITAK-1288	6186	31		Kendale Hecala	settlement	Period II-Level 2-3, Building 16	Neolithic	Neolithic	charcoal		Diyarbakır	Turkey	38.25822885	40.46151382	Can and Çiftçi, 2023	C-Turkey (Current Study)	Woody Plants (Charcoal)	Tree/Shrub	Chronometric Only
c-turkey			OxA-8944	857	35	-18	Kilise Tepe	settlement	above the robbed wall of the early church and outside the smaller later church			bone	human	Mersin	Turkey	36.480495	33.54787		C-Turkey (Current Study)	Bone/Teeth (Human/Animal)	Human	Chronometric Only
c-turkey			OxA-24507	998	26	-23.755	Kilise Tepe	settlement	KT 65 (K15/161)			bone	human	Mersin	Turkey	36.480495	33.54787		C-Turkey (Current Study)	Bone/Teeth (Human/Animal)	Human	Chronometric Only
c-turkey		AMS	TUBITAK-0393	2889	27		Kınık Höyük	settlement	KIN18C3403s43	C-3403	Bronze Age	seed	cerealia	Niğde	Turkey	37.93755593	34.38000602	D'Alfonso et al., 2020	C-Turkey (Current Study)	Short-lived Plants	Cereal/Pulse/Seed	Chronometric Only
c-turkey		AMS	TUBITAK-0395	3009	27		Kınık Höyük	settlement	KIN18D3260s144	D-3260	Bronze Age	charcoal		Niğde	Turkey	37.93755593	34.38000602	D'Alfonso et al., 2020	C-Turkey (Current Study)	Woody Plants (Charcoal)	Tree/Shrub	Chronometric Only
c-turkey		AMS	TUBITAK-0394	3017	29		Kınık Höyük	settlement	KIN18C3411s49	C-3411	Bronze Age	seed	cerealia	Niğde	Turkey	37.93755593	34.38000602	D'Alfonso et al., 2020	C-Turkey (Current Study)	Short-lived Plants	Cereal/Pulse/Seed	Chronometric Only
c-turkey		AMS	TUBITAK-0396	4180	30		Kınık Höyük	settlement	KIN18D3279s175	D-3279	Bronze Age	charcoal		Niğde	Turkey	37.93755593	34.38000602	D'Alfonso et al., 2020	C-Turkey (Current Study)	Woody Plants (Charcoal)	Tree/Shrub	Chronometric Only
c-turkey		AMS	TUBITAK-3741	2618	23		Kınık Höyük	settlement	sample no: KIN23D5203S32, context: SU 5203	Phase 4		seeds	Triticum aestivum/durum	Niğde	Turkey	37.93755593	34.38000602	D'Alfonso et al., 2024	C-Turkey (Current Study)	Short-lived Plants	Cereal/Pulse/Seed	Chronometric Only
c-turkey		AMS	TUBITAK-0837	14956	52		Kızılin	cave	Level 9	Epi-palaeolithic	Epi-palaeolithic	shell	freshwater mollusc	Antalya	Turkey	37.05605217	30.54619038	Erbil et al., 2021	C-Turkey (Current Study)	Environmental/Soil	Mollusc/Sediment/Soil	Chronometric Only
c-turkey		AMS	UCIAMS199646	7455	25		Köşk Höyük	settlement	DNA id: KSK16232_Tur_m6319	Neolithic	Neolithic	bone	horse	Niğde	Turkey	37.847803	34.611841	Librado et al., 2024	C-Turkey (Current Study)	Bone/Teeth (Human/Animal)	Animal	Genomically Integrated
c-turkey		AMS	TUBITAK-0688	5448	31		Kulaksızlar	settlement	Structure A	Middle Chalcolithic	Middle Chalcolithic			Manisa	Turkey	38.81360504	27.90164402	Takaoğlu, 2021	C-Turkey (Current Study)	Indeterminate/Other	Indeterminate	Chronometric Only
c-turkey		AMS	TUBITAK-1341	5609	31		Kulaksızlar	settlement	Structure C	Middle Chalcolithic	Middle Chalcolithic			Manisa	Turkey	38.81360504	27.90164402	Takaoğlu, 2021	C-Turkey (Current Study)	Indeterminate/Other	Indeterminate	Chronometric Only
c-turkey		AMS	TUBITAK-T8-50/2	4385	34		Küllüoba	settlement	bread, T8-50/2	Early Bronze Age	Early Bronze Age	bread		Eskişehir	Turkey	39.57065716	30.74084273	Kavak et al., 2026	C-Turkey (Current Study)	Anthropic/Residues	Organic Residue/Artifact	Chronometric Only
c-turkey			Hd-17073	3351	97		Kumtepe	settlement	IB2; F28.105			charcoal		Çanakkale	Turkey	39.96	26.22	Pernicka et al., 2014; https://tobias-lib.ub.uni-tuebingen.de/xmlui/bitstream/handle/10900/73627/StTrMonograph5_Bertram_Karul.pdf?sequence=1&isAllowed=y	C-Turkey (Current Study)	Woody Plants (Charcoal)	Tree/Shrub	Chronometric Only
c-turkey			Hd-21629	4195	54		Kumtepe	settlement	IB3; F29.434			charcoal		Çanakkale	Turkey	39.96	26.22	Pernicka et al., 2014; https://tobias-lib.ub.uni-tuebingen.de/xmlui/bitstream/handle/10900/73627/StTrMonograph5_Bertram_Karul.pdf?sequence=1&isAllowed=y	C-Turkey (Current Study)	Woody Plants (Charcoal)	Tree/Shrub	Chronometric Only
c-turkey			Hd-18713	4211	42		Kumtepe	settlement	IB2; F29.461			charcoal		Çanakkale	Turkey	39.96	26.22	Pernicka et al., 2014; https://tobias-lib.ub.uni-tuebingen.de/xmlui/bitstream/handle/10900/73627/StTrMonograph5_Bertram_Karul.pdf?sequence=1&isAllowed=y	C-Turkey (Current Study)	Woody Plants (Charcoal)	Tree/Shrub	Chronometric Only
c-turkey			Hd-18344	4298	62		Kumtepe	settlement	IB2; F29.463			charcoal		Çanakkale	Turkey	39.96	26.22	Pernicka et al., 2014; https://tobias-lib.ub.uni-tuebingen.de/xmlui/bitstream/handle/10900/73627/StTrMonograph5_Bertram_Karul.pdf?sequence=1&isAllowed=y	C-Turkey (Current Study)	Woody Plants (Charcoal)	Tree/Shrub	Chronometric Only
c-turkey			Hd-17062	5111	60		Kumtepe	settlement	IA1; F28.713, Probe identisch mit F28.714			charcoal		Çanakkale	Turkey	39.96	26.22	Pernicka et al., 2014; https://tobias-lib.ub.uni-tuebingen.de/xmlui/bitstream/handle/10900/73627/StTrMonograph5_Bertram_Karul.pdf?sequence=1&isAllowed=y	C-Turkey (Current Study)	Woody Plants (Charcoal)	Tree/Shrub	Chronometric Only
c-turkey			kum9-unknown	5893	38		Kumtepe	settlement	Sk: Grave 9 (F28.1046) DNA id: kum9			bone	human	Çanakkale	Turkey	39.96	26.22	Omrak et al., 2016	C-Turkey (Current Study)	Bone/Teeth (Human/Animal)	Human	Genomically Integrated
c-turkey			kum6-unknown	5880	41		Kumtepe	settlement	Sk: Grave 6 (F28.1044) DNA id: kum6			bone	human	Çanakkale	Turkey	39.96	26.22	Omrak et al., 2016	C-Turkey (Current Study)	Bone/Teeth (Human/Animal)	Human	Genomically Integrated
c-turkey			Hd-21633	5643	29		Kumtepe	settlement	Sk: Grave 7 (F28.1045) DNA id: kum7			bone	human	Çanakkale	Turkey	39.96	26.22	Omrak et al., 2016	C-Turkey (Current Study)	Bone/Teeth (Human/Animal)	Human	Genomically Integrated
c-turkey			Hd-21631	5839	88		Kumtepe	settlement	IA1; F28.1039			charcoal		Çanakkale	Turkey	39.96	26.22	Pernicka et al., 2014; https://tobias-lib.ub.uni-tuebingen.de/xmlui/bitstream/handle/10900/73627/StTrMonograph5_Bertram_Karul.pdf?sequence=1&isAllowed=y	C-Turkey (Current Study)	Woody Plants (Charcoal)	Tree/Shrub	Chronometric Only
c-turkey			Hd-17705	6240	170		Kumtepe	settlement	IA1; F28.671			charcoal		Çanakkale	Turkey	39.96	26.22	Pernicka et al., 2014; https://tobias-lib.ub.uni-tuebingen.de/xmlui/bitstream/handle/10900/73627/StTrMonograph5_Bertram_Karul.pdf?sequence=1&isAllowed=y	C-Turkey (Current Study)	Woody Plants (Charcoal)	Tree/Shrub	Chronometric Only
c-turkey			Hd-18050-17515	6253	105		Kumtepe	settlement	IA1; F28.714, Probe identisch mit F28.713			charcoal		Çanakkale	Turkey	39.96	26.22	Pernicka et al., 2014; https://tobias-lib.ub.uni-tuebingen.de/xmlui/bitstream/handle/10900/73627/StTrMonograph5_Bertram_Karul.pdf?sequence=1&isAllowed=y	C-Turkey (Current Study)	Woody Plants (Charcoal)	Tree/Shrub	Chronometric Only
c-turkey		AMS	TUBITAK-1971	1436	34		Lake Burdur	lake	depth: 70-72			pollen		Burdur	Turkey	37.73774386	30.19321299	Biltekin et al., 2026	C-Turkey (Current Study)	Environmental/Soil	Mollusc/Sediment/Soil	Chronometric Only
c-turkey		AMS	TUBITAK-1972	1997	25		Lake Burdur	lake	depth: 99-101			pollen		Burdur	Turkey	37.73774386	30.19321299	Biltekin et al., 2027	C-Turkey (Current Study)	Environmental/Soil	Mollusc/Sediment/Soil	Chronometric Only
c-turkey		AMS	TUBITAK-2257	2834	28		Lake Burdur	lake	depth: 120-123			pollen		Burdur	Turkey	37.73774386	30.19321299	Biltekin et al., 2028	C-Turkey (Current Study)	Environmental/Soil	Mollusc/Sediment/Soil	Chronometric Only
c-turkey		AMS	TUBITAK-2258	4077	24		Lake Burdur	lake	depth: 140-142			pollen		Burdur	Turkey	37.73774386	30.19321299	Biltekin et al., 2029	C-Turkey (Current Study)	Environmental/Soil	Mollusc/Sediment/Soil	Chronometric Only
c-turkey		AMS	TUBITAK-0679	1146	26		Murat Höyük	settlement	Layer I	Medieval	Medieval	charcoal		Bingöl	Turkey	38.89171155	40.97253538	Bamyacı and Özdemir, 2022	C-Turkey (Current Study)	Woody Plants (Charcoal)	Tree/Shrub	Chronometric Only
c-turkey		AMS	Beta-538434	2440	30		Murat Höyük	settlement	Layer II - MH-19	Middle Iron Age	Middle Iron Age	bone and tooth	animal	Bingöl	Turkey	38.89171155	40.97253538	Bamyacı and Özdemir, 2022	C-Turkey (Current Study)	Bone/Teeth (Human/Animal)	Animal	Chronometric Only
c-turkey		AMS	TUBITAK-0835	2528	28		Murat Höyük	settlement	Layer II	Middle Iron Age	Middle Iron Age	charred seed		Bingöl	Turkey	38.89171155	40.97253538	Bamyacı and Özdemir, 2022	C-Turkey (Current Study)	Short-lived Plants	Cereal/Pulse/Seed	Chronometric Only
c-turkey		AMS	Beta-538433	2560	30		Murat Höyük	settlement	Layer II	Middle Iron Age	Middle Iron Age	bone and tooth	animal	Bingöl	Turkey	38.89171155	40.97253538	Bamyacı and Özdemir, 2022	C-Turkey (Current Study)	Bone/Teeth (Human/Animal)	Animal	Chronometric Only
c-turkey		AMS	Beta-538435	2800	30		Murat Höyük	settlement	Layer III	Early Iron Age	Early Iron Age	charcoal		Bingöl	Turkey	38.89171155	40.97253538	Bamyacı and Özdemir, 2022	C-Turkey (Current Study)	Woody Plants (Charcoal)	Tree/Shrub	Chronometric Only
c-turkey		AMS	TUBITAK-0843	2869	29		Murat Höyük	settlement	Layer III	Early Iron Age	Early Iron Age	charcoal		Bingöl	Turkey	38.89171155	40.97253538	Bamyacı and Özdemir, 2022	C-Turkey (Current Study)	Woody Plants (Charcoal)	Tree/Shrub	Chronometric Only
c-turkey		AMS	TUBITAK-0836	2884	28		Murat Höyük	settlement	Layer III	Early Iron Age	Early Iron Age	charred seed		Bingöl	Turkey	38.89171155	40.97253538	Bamyacı and Özdemir, 2022	C-Turkey (Current Study)	Short-lived Plants	Cereal/Pulse/Seed	Chronometric Only
c-turkey		AMS	Beta-538437	3760	30		Murat Höyük	settlement	Layer IV	Early Bronze Age III	Early Bronze Age III	bone		Bingöl	Turkey	38.89171155	40.97253538	Bamyacı and Özdemir, 2022	C-Turkey (Current Study)	Bone/Teeth (Human/Animal)	Indeterminate	Chronometric Only
c-turkey		AMS	TUBITAK-0834	3812	30		Murat Höyük	settlement	Layer IV	Early Bronze Age III	Early Bronze Age III	charred seed		Bingöl	Turkey	38.89171155	40.97253538	Bamyacı and Özdemir, 2022	C-Turkey (Current Study)	Short-lived Plants	Cereal/Pulse/Seed	Chronometric Only
c-turkey		AMS	TUBITAK-0833	3867	29		Murat Höyük	settlement	Layer IV	Early Bronze Age III	Early Bronze Age III	charred seed		Bingöl	Turkey	38.89171155	40.97253538	Bamyacı and Özdemir, 2022	C-Turkey (Current Study)	Short-lived Plants	Cereal/Pulse/Seed	Chronometric Only
c-turkey		AMS	Beta-538438	3950	30		Murat Höyük	settlement	Layer IV	Early Bronze Age III	Early Bronze Age III	charcoal		Bingöl	Turkey	38.89171155	40.97253538	Bamyacı and Özdemir, 2022	C-Turkey (Current Study)	Woody Plants (Charcoal)	Tree/Shrub	Chronometric Only
c-turkey		AMS	TUBITAK-0842	3951	27		Murat Höyük	settlement	Layer IV	Early Bronze Age III	Early Bronze Age III	charcoal		Bingöl	Turkey	38.89171155	40.97253538	Bamyacı and Özdemir, 2022	C-Turkey (Current Study)	Woody Plants (Charcoal)	Tree/Shrub	Chronometric Only
c-turkey			TUBITAK-0671	8104	35		Musular	settlement	Sk: SK6 DNA id: mus006			bone	human	Aksaray	Turkey	38.35728208	34.23243011	Koptekin et al., 2023	C-Turkey (Current Study)	Bone/Teeth (Human/Animal)	Human	Genomically Integrated
c-turkey			TUBITAK-1151	8250	35		Musular	settlement	Sk: SK5 DNA id: mus005			bone	human	Aksaray	Turkey	38.35728208	34.23243011	Koptekin et al., 2023	C-Turkey (Current Study)	Bone/Teeth (Human/Animal)	Human	Genomically Integrated
c-turkey			MAM-50455	1889	25		Nevali Çori	settlement	Sk: Burial 33 DNA id: NEV020			bone	human	Urfa	Turkey	37.5183	38.6056	Wang et al., 2023	C-Turkey (Current Study)	Bone/Teeth (Human/Animal)	Human	Genomically Integrated
c-turkey			MAM-50457	2477	24		Nevali Çori	settlement	Sk: Burial 13 DNA id: NEV030			bone	human	Urfa	Turkey	37.5183	38.6056	Wang et al., 2023	C-Turkey (Current Study)	Bone/Teeth (Human/Animal)	Human	Genomically Integrated
c-turkey			MAMS-50451	8915	54		Nevali Çori	settlement	Sk: Burial 84 DNA id: NEV007			bone	human	Urfa	Turkey	37.5183	38.6056	Wang et al., 2023	C-Turkey (Current Study)	Bone/Teeth (Human/Animal)	Human	Genomically Integrated
c-turkey			MAMS-50452	9134	34		Nevali Çori	settlement	Sk: Burial 91 DNA id: NEV014			bone	human	Urfa	Turkey	37.5183	38.6056	Wang et al., 2023	C-Turkey (Current Study)	Bone/Teeth (Human/Animal)	Human	Genomically Integrated
c-turkey		AMS	TUBITAK-3927	3132	26		Ortaköy-Şapinuva	settlement	workshop 1			charcoal		Çorum	Turkey	40.25496572	35.23634641	Süel et al, 2025	C-Turkey (Current Study)	Woody Plants (Charcoal)	Tree/Shrub	Chronometric Only
c-turkey		AMS	TUBITAK-2037	2761	27		Ovaören	settlement	Level YH7	Early Iron Age		charcoal		Nevşehir	Turkey	38.63183372	34.29197809	Kara, 2025	C-Turkey (Current Study)	Woody Plants (Charcoal)	Tree/Shrub	Chronometric Only
c-turkey			MKL-A4999	3329	22		Oymaağaç-Nerik	settlement	NER01 (slice from lower block)	Late Bronze Age	Late Bronze Age	wood	pine	Samsun	Turkey	41.20768224	35.43032949	Özarslan et al., 2025	C-Turkey (Current Study)	Woody Plants (Charcoal)	Tree/Shrub	Chronometric Only
c-turkey			MKL-A5031	3310	24		Oymaağaç-Nerik	settlement	NER02 (core from upper block)	Late Bronze Age	Late Bronze Age	wood	pine	Samsun	Turkey	41.20768224	35.43032949	Özarslan et al., 2025	C-Turkey (Current Study)	Woody Plants (Charcoal)	Tree/Shrub	Chronometric Only
c-turkey			MKL-A5000	3273	22		Oymaağaç-Nerik	settlement	NER03 (core from trunk)	Late Bronze Age	Late Bronze Age	wood	pine	Samsun	Turkey	41.20768224	35.43032949	Özarslan et al., 2025	C-Turkey (Current Study)	Woody Plants (Charcoal)	Tree/Shrub	Chronometric Only
c-turkey		AMS	RH1	1493	67		Parion Roman Bath	settlement	firing chamber of the kiln	Roman Era	Roman Era	wood		Çanakkale	Turkey	40.41678938	27.06614181	Yılmaz and Yılmaz, 2023	C-Turkey (Current Study)	Woody Plants (Charcoal)	Tree/Shrub	Chronometric Only
c-turkey		AMS	TUBITAK-2851	7424	33		Pendik Höyük	settlement	Sk: Pendik-Fikirtepe'81 123-6 DNA id: pft004	Neolithic	Neolithic	bone	human	İstanbul	Turkey	40.86492278	29.25974974	Koptekin et al., 2024	C-Turkey (Current Study)	Bone/Teeth (Human/Animal)	Human	Genomically Integrated
c-turkey		AMS	TUBITAK-3063	1552	32		Pompeiopolis	settlement	Sample 5			charcoal		Kastamonu	Turkey	41.50653943	34.22311784	Uzundurum et al., 2026	C-Turkey (Current Study)	Woody Plants (Charcoal)	Tree/Shrub	Chronometric Only
c-turkey		AMS	TUBITAK-3064	1432	31		Pompeiopolis	settlement	Sample 6			charcoal		Kastamonu	Turkey	41.50653943	34.22311784	Uzundurum et al., 2026	C-Turkey (Current Study)	Woody Plants (Charcoal)	Tree/Shrub	Chronometric Only
c-turkey		AMS	TUBITAK-3065	1353	27		Pompeiopolis	settlement	Sample 7			charcoal		Kastamonu	Turkey	41.50653943	34.22311784	Uzundurum et al., 2026	C-Turkey (Current Study)	Woody Plants (Charcoal)	Tree/Shrub	Chronometric Only
c-turkey		AMS	TUBITAK-3066	1378	28		Pompeiopolis	settlement	Sample 8			charcoal		Kastamonu	Turkey	41.50653943	34.22311784	Uzundurum et al., 2026	C-Turkey (Current Study)	Woody Plants (Charcoal)	Tree/Shrub	Chronometric Only
c-turkey		AMS	GrN-19894	2080	50		Sagalassos	settlement	PQ1	Roman Era	Roman Era	charcoal		Burdur	Turkey	37.67687032	30.5163972	Vermoere et al., 2003	C-Turkey (Current Study)	Woody Plants (Charcoal)	Tree/Shrub	Chronometric Only
c-turkey		AMS	GrN-19899	2210	50		Sagalassos	settlement	PQ1	Roman Era	Roman Era	charcoal		Burdur	Turkey	37.67687032	30.5163972	Vermoere et al., 2003	C-Turkey (Current Study)	Woody Plants (Charcoal)	Tree/Shrub	Chronometric Only
c-turkey		AMS	TUBITAK-3056	9340	39		Sayburç	settlement		Neolithic	Neolithic	charcoal		Şanlıurfa	Turkey	37.11044005	38.62160838	Özdoğan, 2024	C-Turkey (Current Study)	Woody Plants (Charcoal)	Tree/Shrub	Chronometric Only
c-turkey		AMS	TUBITAK-2464	9312	40		Sayburç	settlement		Neolithic	Neolithic	charcoal		Şanlıurfa	Turkey	37.11044005	38.62160838	Özdoğan, 2024	C-Turkey (Current Study)	Woody Plants (Charcoal)	Tree/Shrub	Chronometric Only
c-turkey		AMS	TUBITAK-3052	9280	37		Sayburç	settlement		Neolithic	Neolithic	charcoal		Şanlıurfa	Turkey	37.11044005	38.62160838	Özdoğan, 2024	C-Turkey (Current Study)	Woody Plants (Charcoal)	Tree/Shrub	Chronometric Only
c-turkey		AMS	TUBITAK-3050	9274	38		Sayburç	settlement		Neolithic	Neolithic	charcoal		Şanlıurfa	Turkey	37.11044005	38.62160838	Özdoğan, 2024	C-Turkey (Current Study)	Woody Plants (Charcoal)	Tree/Shrub	Chronometric Only
c-turkey		AMS	TUBITAK-3054	9269	38		Sayburç	settlement		Neolithic	Neolithic	charcoal		Şanlıurfa	Turkey	37.11044005	38.62160838	Özdoğan, 2024	C-Turkey (Current Study)	Woody Plants (Charcoal)	Tree/Shrub	Chronometric Only
c-turkey		AMS	TUBITAK-3055	9246	37		Sayburç	settlement		Neolithic	Neolithic	charcoal		Şanlıurfa	Turkey	37.11044005	38.62160838	Özdoğan, 2024	C-Turkey (Current Study)	Woody Plants (Charcoal)	Tree/Shrub	Chronometric Only
c-turkey		AMS	TUBITAK-3057	9240	40		Sayburç	settlement		Neolithic	Neolithic	charcoal		Şanlıurfa	Turkey	37.11044005	38.62160838	Özdoğan, 2024	C-Turkey (Current Study)	Woody Plants (Charcoal)	Tree/Shrub	Chronometric Only
c-turkey		AMS	TUBITAK-3051	9238	37		Sayburç	settlement		Neolithic	Neolithic	charcoal		Şanlıurfa	Turkey	37.11044005	38.62160838	Özdoğan, 2024	C-Turkey (Current Study)	Woody Plants (Charcoal)	Tree/Shrub	Chronometric Only
c-turkey		AMS	TUBITAK-3049	9173	37		Sayburç	settlement		Neolithic	Neolithic	charcoal		Şanlıurfa	Turkey	37.11044005	38.62160838	Özdoğan, 2024	C-Turkey (Current Study)	Woody Plants (Charcoal)	Tree/Shrub	Chronometric Only
c-turkey		AMS	TUBITAK-3053	9152	37		Sayburç	settlement		Neolithic	Neolithic	charcoal		Şanlıurfa	Turkey	37.11044005	38.62160838	Özdoğan, 2024	C-Turkey (Current Study)	Woody Plants (Charcoal)	Tree/Shrub	Chronometric Only
c-turkey		AMS	TUBITAK-2463	9116	39		Sayburç	settlement		Neolithic	Neolithic	charcoal		Şanlıurfa	Turkey	37.11044005	38.62160838	Özdoğan, 2024	C-Turkey (Current Study)	Woody Plants (Charcoal)	Tree/Shrub	Chronometric Only
c-turkey		AMS	TUBITAK-2097	3290	26		Seyitömer Höyük	settlement	1- OTÇ (IV/A)			charcoal		Kütahya	Turkey	39.581	29.8635	Ünan, 2023	C-Turkey (Current Study)	Woody Plants (Charcoal)	Tree/Shrub	Chronometric Only
c-turkey		AMS	TUBITAK-2098	3505	28		Seyitömer Höyük	settlement	2- OTÇ (IV C/D)			charcoal		Kütahya	Turkey	39.581	29.8635	Ünan, 2023	C-Turkey (Current Study)	Woody Plants (Charcoal)	Tree/Shrub	Chronometric Only
c-turkey		AMS	TUBITAK-2099	3788	29		Seyitömer Höyük	settlement	3- ETÇ III (V/A)			charcoal		Kütahya	Turkey	39.581	29.8635	Ünan, 2023	C-Turkey (Current Study)	Woody Plants (Charcoal)	Tree/Shrub	Chronometric Only
c-turkey		AMS	TUBITAK-2100	3840	30		Seyitömer Höyük	settlement	4- ETÇ III (V/B)			charcoal		Kütahya	Turkey	39.581	29.8635	Ünan, 2023	C-Turkey (Current Study)	Woody Plants (Charcoal)	Tree/Shrub	Chronometric Only
c-turkey		AMS	TUBITAK-2101	3946	28		Seyitömer Höyük	settlement	5- ETÇ III (V/C)			charcoal		Kütahya	Turkey	39.581	29.8635	Ünan, 2023	C-Turkey (Current Study)	Woody Plants (Charcoal)	Tree/Shrub	Chronometric Only
c-turkey		AMS	TUBITAK-2102	3908	29		Seyitömer Höyük	settlement	6- ETÇ III (V/D)			charcoal		Kütahya	Turkey	39.581	29.8635	Ünan, 2023	C-Turkey (Current Study)	Woody Plants (Charcoal)	Tree/Shrub	Chronometric Only
c-turkey		AMS	TUBITAK-2103	3771	32		Seyitömer Höyük	settlement	7- ETÇ III (V/D)			charcoal		Kütahya	Turkey	39.581	29.8635	Ünan, 2023	C-Turkey (Current Study)	Woody Plants (Charcoal)	Tree/Shrub	Chronometric Only
c-turkey		AMS	TUBITAK-2104	3985	25		Seyitömer Höyük	settlement	8- ETÇ IIIA (VI)			charcoal		Kütahya	Turkey	39.581	29.8635	Ünan, 2023	C-Turkey (Current Study)	Woody Plants (Charcoal)	Tree/Shrub	Chronometric Only
c-turkey		AMS	TUBITAK-2105	4065	26		Seyitömer Höyük	settlement	9- ETÇ IIIA (VI)			charcoal		Kütahya	Turkey	39.581	29.8635	Ünan, 2023	C-Turkey (Current Study)	Woody Plants (Charcoal)	Tree/Shrub	Chronometric Only
c-turkey		AMS	TUBITAK-2106	4014	28		Seyitömer Höyük	settlement	10- ETÇ II (VI/A)			charcoal		Kütahya	Turkey	39.581	29.8635	Ünan, 2023	C-Turkey (Current Study)	Woody Plants (Charcoal)	Tree/Shrub	Chronometric Only
c-turkey		AMS	TUBITAK-2107	4011	31		Seyitömer Höyük	settlement	11- ETÇ II (VI/A)			charcoal		Kütahya	Turkey	39.581	29.8635	Ünan, 2023	C-Turkey (Current Study)	Woody Plants (Charcoal)	Tree/Shrub	Chronometric Only
c-turkey		AMS	TUBITAK-2108	4050	31		Seyitömer Höyük	settlement	12- ETÇ II (VI/B)			charcoal		Kütahya	Turkey	39.581	29.8635	Ünan, 2023	C-Turkey (Current Study)	Woody Plants (Charcoal)	Tree/Shrub	Chronometric Only
c-turkey		AMS	TUBITAK-2109	4030	26		Seyitömer Höyük	settlement	13- ETÇ II (VI/B)			charcoal		Kütahya	Turkey	39.581	29.8635	Ünan, 2023	C-Turkey (Current Study)	Woody Plants (Charcoal)	Tree/Shrub	Chronometric Only
c-turkey		AMS	TUBITAK-2110	4070	28		Seyitömer Höyük	settlement	14- ETÇ II (VI/C)			charcoal		Kütahya	Turkey	39.581	29.8635	Ünan, 2023	C-Turkey (Current Study)	Woody Plants (Charcoal)	Tree/Shrub	Chronometric Only
c-turkey			Poz-66780	2945	35		Sos Höyük	settlement	SOS26. M16 36 86 81 S.192		Middle Bronze Age II	seed	panicum	Erzurum	Turkey	39.9954	41.5285	Martin et al. 2021	C-Turkey (Current Study)	Short-lived Plants	Cereal/Pulse/Seed	Chronometric Only
c-turkey			Beta-107910	4910	170		Sos Höyük	settlement	L17b, locus 1593, basket 307; 2nd plaster floor.	Vb	Early Bronze Age I	charcoal		Erzurum	Turkey	39.9954	41.5285	Sagona 2000	C-Turkey (Current Study)	Woody Plants (Charcoal)	Tree/Shrub	Chronometric Only
c-turkey		AMS	LTL13309A 	8127	50		Sumaki Höyük	settlement	Level N7					Batman	Turkey	37.9292091	41.3328539	Sarıaltun, 2021	C-Turkey (Current Study)	Indeterminate/Other	Indeterminate	Chronometric Only
c-turkey		AMS	LTL15188A 	7871	50		Sumaki Höyük	settlement	Level N6					Batman	Turkey	37.9292091	41.3328539	Sarıaltun, 2022	C-Turkey (Current Study)	Indeterminate/Other	Indeterminate	Chronometric Only
c-turkey		AMS	LTL15191A 	7859	60		Sumaki Höyük	settlement	Level N6					Batman	Turkey	37.9292091	41.3328539	Sarıaltun, 2023	C-Turkey (Current Study)	Indeterminate/Other	Indeterminate	Chronometric Only
c-turkey		AMS	LTL15189A 	7821	60		Sumaki Höyük	settlement	Level N6					Batman	Turkey	37.9292091	41.3328539	Sarıaltun, 2024	C-Turkey (Current Study)	Indeterminate/Other	Indeterminate	Chronometric Only
c-turkey		AMS	LTL14407A 	7810	50		Sumaki Höyük	settlement	Level N6					Batman	Turkey	37.9292091	41.3328539	Sarıaltun, 2025	C-Turkey (Current Study)	Indeterminate/Other	Indeterminate	Chronometric Only
c-turkey		AMS	LTL15186A 	7752	60		Sumaki Höyük	settlement	Level N5					Batman	Turkey	37.9292091	41.3328539	Sarıaltun, 2026	C-Turkey (Current Study)	Indeterminate/Other	Indeterminate	Chronometric Only
c-turkey		AMS	LTL15190A 	7741	50		Sumaki Höyük	settlement	Level N5					Batman	Turkey	37.9292091	41.3328539	Sarıaltun, 2027	C-Turkey (Current Study)	Indeterminate/Other	Indeterminate	Chronometric Only
c-turkey		AMS	LTL14408A 	7712	60		Sumaki Höyük	settlement	Level N5					Batman	Turkey	37.9292091	41.3328539	Sarıaltun, 2028	C-Turkey (Current Study)	Indeterminate/Other	Indeterminate	Chronometric Only
c-turkey		AMS	LTL15192A 	7700	50		Sumaki Höyük	settlement	Level N5					Batman	Turkey	37.9292091	41.3328539	Sarıaltun, 2029	C-Turkey (Current Study)	Indeterminate/Other	Indeterminate	Chronometric Only
c-turkey		AMS	LTL14406A 	7647	50		Sumaki Höyük	settlement	Level N4					Batman	Turkey	37.9292091	41.3328539	Sarıaltun, 2030	C-Turkey (Current Study)	Indeterminate/Other	Indeterminate	Chronometric Only
c-turkey		AMS	LTL15194A	7645	50		Sumaki Höyük	settlement	Level N4					Batman	Turkey	37.9292091	41.3328539	Sarıaltun, 2031	C-Turkey (Current Study)	Indeterminate/Other	Indeterminate	Chronometric Only
c-turkey		AMS	LTL15187A	7613	60		Sumaki Höyük	settlement	Level N4					Batman	Turkey	37.9292091	41.3328539	Sarıaltun, 2032	C-Turkey (Current Study)	Indeterminate/Other	Indeterminate	Chronometric Only
c-turkey		AMS	LTL15193A	7584	50		Sumaki Höyük	settlement	Level N3					Batman	Turkey	37.9292091	41.3328539	Sarıaltun, 2033	C-Turkey (Current Study)	Indeterminate/Other	Indeterminate	Chronometric Only
c-turkey		AMS	LTL15185A	1186	52		Sumaki Höyük	settlement	Level Middle Ages					Batman	Turkey	37.9292091	41.3328539	Sarıaltun, 2034	C-Turkey (Current Study)	Indeterminate/Other	Indeterminate	Chronometric Only
c-turkey			Beta-410035	7280	30		Tepecik-Çiftlik	settlement	Sk: TP’10 SK 21 DNA id: Tep006			bone	human	Niğde	Turkey	38.1722	34.4939	Kılınç et al., 2016	C-Turkey (Current Study)	Bone/Teeth (Human/Animal)	Human	Genomically Integrated
c-turkey			Beta-410033	7400	30		Tepecik-Çiftlik	settlement	Sk: TP’10 SK 37 DNA id: Tep004			bone	human	Niğde	Turkey	38.1722	34.4939	Kılınç et al., 2016	C-Turkey (Current Study)	Bone/Teeth (Human/Animal)	Human	Genomically Integrated
c-turkey			Beta-410032	7630	30		Tepecik-Çiftlik	settlement	Sk: TP’09 16 K DNA id: Tep003			bone	human	Niğde	Turkey	38.1722	34.4939	Kılınç et al., 2016	C-Turkey (Current Study)	Bone/Teeth (Human/Animal)	Human	Genomically Integrated
c-turkey			Beta-410031	7710	30		Tepecik-Çiftlik	settlement	Sk: TP’10 SK 40 DNA id: Tep002			bone	human	Niğde	Turkey	38.1722	34.4939	Kılınç et al., 2016	C-Turkey (Current Study)	Bone/Teeth (Human/Animal)	Human	Genomically Integrated
c-turkey			Beta-373270	7200	30		Tepecik-Çiftlik	settlement	sample code: 994	Level 2	Neolithic	bone	animal (Ovis)	Niğde	Turkey	38.1722	34.4939	Çakan, 2025	C-Turkey (Current Study)	Bone/Teeth (Human/Animal)	Animal	Chronometric Only
c-turkey			TUBITAK-2492	7349	37		Tepecik-Çiftlik	settlement	sample code: 1964	Level 3	Neolithic	bone	animal	Niğde	Turkey	38.1722	34.4939	Çakan, 2025	C-Turkey (Current Study)	Bone/Teeth (Human/Animal)	Animal	Chronometric Only
c-turkey			TUBITAK-3788	7403	30		Tepecik-Çiftlik	settlement	sample code: TP12SK67	Level 3	Neolithic	bone	human	Niğde	Turkey	38.1722	34.4939	Çakan, 2025	C-Turkey (Current Study)	Bone/Teeth (Human/Animal)	Human	Chronometric Only
c-turkey			TUBITAK-3789	7423	32		Tepecik-Çiftlik	settlement	sample code: TP12SK71	Level 3	Neolithic	bone	human	Niğde	Turkey	38.1722	34.4939	Çakan, 2025	C-Turkey (Current Study)	Bone/Teeth (Human/Animal)	Human	Chronometric Only
c-turkey			TUBITAK-2491	7430	35		Tepecik-Çiftlik	settlement	sample code: 1959	Level 2	Neolithic	bone	animal (Ovis/Capra)	Niğde	Turkey	38.1722	34.4939	Çakan, 2025	C-Turkey (Current Study)	Bone/Teeth (Human/Animal)	Animal	Chronometric Only
c-turkey			Col-1771	7428	49		Tepecik-Çiftlik	settlement	sample code: 450	Level 3	Neolithic	burnt seed		Niğde	Turkey	38.1722	34.4939	Çakan, 2025	C-Turkey (Current Study)	Short-lived Plants	Cereal/Pulse/Seed	Chronometric Only
c-turkey			Erl-14833	7451	39		Tepecik-Çiftlik	settlement	sample code: 327	Level 3	Neolithic	burnt seed		Niğde	Turkey	38.1722	34.4939	Çakan, 2025	C-Turkey (Current Study)	Short-lived Plants	Cereal/Pulse/Seed	Chronometric Only
c-turkey			TUBITAK-3787	7460	30		Tepecik-Çiftlik	settlement	sample code: TP12SK53	Level 3	Neolithic	bone	human	Niğde	Turkey	38.1722	34.4939	Çakan, 2025	C-Turkey (Current Study)	Bone/Teeth (Human/Animal)	Human	Chronometric Only
c-turkey			TUBITAK-2489	7457	37		Tepecik-Çiftlik	settlement	sample code: 719	Level 4	Neolithic	burnt seed		Niğde	Turkey	38.1722	34.4939	Çakan, 2025	C-Turkey (Current Study)	Short-lived Plants	Cereal/Pulse/Seed	Chronometric Only
c-turkey			Col-1769	7460	46		Tepecik-Çiftlik	settlement	sample code: 429	Level 3	Neolithic	charcoal		Niğde	Turkey	38.1722	34.4939	Çakan, 2025	C-Turkey (Current Study)	Woody Plants (Charcoal)	Tree/Shrub	Chronometric Only
c-turkey			TUBITAK-1677	7476	37		Tepecik-Çiftlik	settlement	sample code: 1553	Level 3	Neolithic	bone	animal (Equid)	Niğde	Turkey	38.1722	34.4939	Çakan, 2025	C-Turkey (Current Study)	Bone/Teeth (Human/Animal)	Animal	Chronometric Only
c-turkey			TUBITAK-3246	7495	32		Tepecik-Çiftlik	settlement	sample code: 1971	Level 4-3	Neolithic	bone	animal (Equid)	Niğde	Turkey	38.1722	34.4939	Çakan, 2025	C-Turkey (Current Study)	Bone/Teeth (Human/Animal)	Animal	Chronometric Only
c-turkey			TUBITAK-0273	7502	38		Tepecik-Çiftlik	settlement	sample code: 1601	Level 4-3	Neolithic	burnt seed		Niğde	Turkey	38.1722	34.4939	Çakan, 2025	C-Turkey (Current Study)	Short-lived Plants	Cereal/Pulse/Seed	Chronometric Only
c-turkey			TUBITAK-3791	7497	30		Tepecik-Çiftlik	settlement	sample code: TP12SK75	Level 3	Neolithic	bone	human	Niğde	Turkey	38.1722	34.4939	Çakan, 2025	C-Turkey (Current Study)	Bone/Teeth (Human/Animal)	Human	Chronometric Only
c-turkey			TUBITAK-696	7545	37		Tepecik-Çiftlik	settlement	sample code: 1373	Level 5-4	Neolithic	bone	animal (Ovis/Capra)	Niğde	Turkey	38.1722	34.4939	Çakan, 2025	C-Turkey (Current Study)	Bone/Teeth (Human/Animal)	Animal	Chronometric Only
c-turkey			TUBITAK-3245	7571	31		Tepecik-Çiftlik	settlement	sample code: 1970	Level 2	Neolithic	bone	animal (Capra)	Niğde	Turkey	38.1722	34.4939	Çakan, 2025	C-Turkey (Current Study)	Bone/Teeth (Human/Animal)	Animal	Chronometric Only
c-turkey			TUBITAK-3244	7597	32		Tepecik-Çiftlik	settlement	sample code: 1968	Level 3	Neolithic	bone	animal (Bos)	Niğde	Turkey	38.1722	34.4939	Çakan, 2025	C-Turkey (Current Study)	Bone/Teeth (Human/Animal)	Animal	Chronometric Only
c-turkey			SacA 32317	7615	35		Tepecik-Çiftlik	settlement	sample code: 768	Level 4-3	Neolithic	charcoal		Niğde	Turkey	38.1722	34.4939	Çakan, 2025	C-Turkey (Current Study)	Woody Plants (Charcoal)	Tree/Shrub	Chronometric Only
c-turkey			TUBITAK-3790	7618	32		Tepecik-Çiftlik	settlement	sample code: TP12SK72	Level 3	Neolithic	bone	human	Niğde	Turkey	38.1722	34.4939	Çakan, 2025	C-Turkey (Current Study)	Bone/Teeth (Human/Animal)	Human	Chronometric Only
c-turkey			TUBITAK-2490	7643	41		Tepecik-Çiftlik	settlement	sample code: 1942	Level 3	Neolithic	bone	animal	Niğde	Turkey	38.1722	34.4939	Çakan, 2025	C-Turkey (Current Study)	Bone/Teeth (Human/Animal)	Animal	Chronometric Only
c-turkey			TUBITAK-3243	7694	32		Tepecik-Çiftlik	settlement	sample code: 1967	Level 3	Neolithic	bone	human	Niğde	Turkey	38.1722	34.4939	Çakan, 2025	C-Turkey (Current Study)	Bone/Teeth (Human/Animal)	Human	Chronometric Only
c-turkey			TUBITAK-2773	7710	34		Tepecik-Çiftlik	settlement	sample code: TP19SK106C	Level 3	Neolithic	bone	human	Niğde	Turkey	38.1722	34.4939	Çakan, 2025	C-Turkey (Current Study)	Bone/Teeth (Human/Animal)	Human	Chronometric Only
c-turkey			TUBITAK-2772	7712	36		Tepecik-Çiftlik	settlement	sample code: TP19SK105C	Level 3	Neolithic	bone	human	Niğde	Turkey	38.1722	34.4939	Çakan, 2025	C-Turkey (Current Study)	Bone/Teeth (Human/Animal)	Human	Chronometric Only
c-turkey			TUBITAK-1056	7752	37		Tepecik-Çiftlik	settlement	sample code: 1916	Level 3	Neolithic	bone	human	Niğde	Turkey	38.1722	34.4939	Çakan, 2025	C-Turkey (Current Study)	Bone/Teeth (Human/Animal)	Human	Chronometric Only
c-turkey			Col-1770	7758	46		Tepecik-Çiftlik	settlement	sample code: 435	Level 4	Neolithic	charcoal		Niğde	Turkey	38.1722	34.4939	Çakan, 2025	C-Turkey (Current Study)	Woody Plants (Charcoal)	Tree/Shrub	Chronometric Only
c-turkey			Beta-373271	7760	30		Tepecik-Çiftlik	settlement	sample code: 995	Level 7/6	Neolithic	bone	animal (Ovis)	Niğde	Turkey	38.1722	34.4939	Çakan, 2025	C-Turkey (Current Study)	Bone/Teeth (Human/Animal)	Animal	Chronometric Only
c-turkey			Erl-14832	7778	36		Tepecik-Çiftlik	settlement	sample code: 353	Level 4	Neolithic	charcoal		Niğde	Turkey	38.1722	34.4939	Çakan, 2025	C-Turkey (Current Study)	Woody Plants (Charcoal)	Tree/Shrub	Chronometric Only
c-turkey			Erl-14831	7779	40		Tepecik-Çiftlik	settlement	sample code: 360	Level 4	Neolithic	charcoal		Niğde	Turkey	38.1722	34.4939	Çakan, 2025	C-Turkey (Current Study)	Woody Plants (Charcoal)	Tree/Shrub	Chronometric Only
c-turkey			Beta-410034	7820	30		Tepecik-Çiftlik	settlement	sample code: 1422	Level 5	Neolithic	bone	human	Niğde	Turkey	38.1722	34.4939	Çakan, 2025	C-Turkey (Current Study)	Bone/Teeth (Human/Animal)	Human	Chronometric Only
c-turkey			SacA 32316	7860	35		Tepecik-Çiftlik	settlement	sample code: 767	Level 5	Neolithic	charcoal		Niğde	Turkey	38.1722	34.4939	Çakan, 2025	C-Turkey (Current Study)	Woody Plants (Charcoal)	Tree/Shrub	Chronometric Only
c-turkey			TUBITAK-0495	7875	35		Tepecik-Çiftlik	settlement	sample code: 1832	Level 6	Neolithic	bone	human	Niğde	Turkey	38.1722	34.4939	Çakan, 2025	C-Turkey (Current Study)	Bone/Teeth (Human/Animal)	Human	Chronometric Only
c-turkey			Col-1773	7880	49		Tepecik-Çiftlik	settlement	sample code: 329	Level 6-5	Neolithic	charcoal		Niğde	Turkey	38.1722	34.4939	Çakan, 2025	C-Turkey (Current Study)	Woody Plants (Charcoal)	Tree/Shrub	Chronometric Only
c-turkey			Col-1774	7902	50		Tepecik-Çiftlik	settlement	sample code: 345	Level 6-5	Neolithic	charcoal		Niğde	Turkey	38.1722	34.4939	Çakan, 2025	C-Turkey (Current Study)	Woody Plants (Charcoal)	Tree/Shrub	Chronometric Only
c-turkey			TUBITAK-695	7934	37		Tepecik-Çiftlik	settlement	sample code: 1838	Level 9-7	Neolithic	bone	animal (Ovis/Capra)	Niğde	Turkey	38.1722	34.4939	Çakan, 2025	C-Turkey (Current Study)	Bone/Teeth (Human/Animal)	Animal	Chronometric Only
c-turkey			TUBITAK-3242	7986	32		Tepecik-Çiftlik	settlement	sample code: 1966	Level 10	Neolithic	bone	animal (Ovis/Capra)	Niğde	Turkey	38.1722	34.4939	Çakan, 2025	C-Turkey (Current Study)	Bone/Teeth (Human/Animal)	Animal	Chronometric Only
c-turkey			TUBITAK-694	7994	41		Tepecik-Çiftlik	settlement	sample code: 780	Level 10	Neolithic	bone	animal (Ovis/Capra)	Niğde	Turkey	38.1722	34.4939	Çakan, 2025	C-Turkey (Current Study)	Bone/Teeth (Human/Animal)	Animal	Chronometric Only
c-turkey			Col-1772	8021	50		Tepecik-Çiftlik	settlement	sample code: 472	Level 6-5	Neolithic	charcoal		Niğde	Turkey	38.1722	34.4939	Çakan, 2025	C-Turkey (Current Study)	Woody Plants (Charcoal)	Tree/Shrub	Chronometric Only
c-turkey			SacA 32318	8050	35		Tepecik-Çiftlik	settlement	sample code: 757	Level 10	Neolithic	charcoal		Niğde	Turkey	38.1722	34.4939	Çakan, 2025	C-Turkey (Current Study)	Woody Plants (Charcoal)	Tree/Shrub	Chronometric Only
c-turkey		AMS	TPH-894	3678	21		Toprakhisar Höyük	settlement	Local Phase 4a	Middle Bronze Age	Middle Bronze Age	wood		Hatay	Turkey	36.15898195	36.31851925	Akar et al., 2024	C-Turkey (Current Study)	Woody Plants (Charcoal)	Tree/Shrub	Chronometric Only
c-turkey		AMS	TUBITAK-3088	5378	29		Tozkoparan Höyük	settlement	N11-b child			bone	human	Tunceli	Turkey	38.927837	39.437393	Şahin, 2024	C-Turkey (Current Study)	Bone/Teeth (Human/Animal)	Human	Chronometric Only
c-turkey		AMS	TUBITAK-2862	7853	33		Ulucak	settlement	Sk: B259/JDR DNA id: ulu008	Neolithic	Neolithic	bone	human	İzmir	Turkey	38.46670498	27.35203671	Koptekin et al., 2024	C-Turkey (Current Study)	Bone/Teeth (Human/Animal)	Human	Genomically Integrated
c-turkey			P-1395	333	44		Yassı Ada Shipwreck	shipwreck				wood		İstanbul	Turkey	40.86495991	28.99338753	Lawn, 1970	C-Turkey (Current Study)	Woody Plants (Charcoal)	Tree/Shrub	Chronometric Only
c-turkey			P-220	2750	49		Yassı Höyük (Gordion)	settlement	Tumulus J			wood		Ankara	Turkey	39.655	31.994167	Kohler and Ralph, 1961	C-Turkey (Current Study)	Woody Plants (Charcoal)	Tree/Shrub	Chronometric Only
c-turkey			P-358	2890	87		Yassı Höyük (Gordion)	settlement	Tumulus N			charcoal		Ankara	Turkey	39.655	31.994167	Kohler and Ralph, 1961	C-Turkey (Current Study)	Woody Plants (Charcoal)	Tree/Shrub	Chronometric Only
c-turkey			P-356	2920	49		Yassı Höyük (Gordion)	settlement	Tumulus S2			wood		Ankara	Turkey	39.655	31.994167	Kohler and Ralph, 1961	C-Turkey (Current Study)	Woody Plants (Charcoal)	Tree/Shrub	Chronometric Only
c-turkey			YEN1	7745	25		Yenikapı	settlement	depth: 2930–2950 mm			clay		İstanbul	Turkey	41.1	28.95	Konak and Yalçın, 2025	C-Turkey (Current Study)	Anthropic/Residues	Organic Residue/Artifact	Chronometric Only
c-turkey			YEN2	8095	25		Yenikapı	settlement	depth: 2848–2850 mm			clay		İstanbul	Turkey	41.1	28.95	Konak and Yalçın, 2025	C-Turkey (Current Study)	Anthropic/Residues	Organic Residue/Artifact	Chronometric Only
c-turkey			YEN3	8570	25		Yenikapı	settlement	depth: 4398–4400 mm			clay		İstanbul	Turkey	41.1	28.95	Konak and Yalçın, 2025	C-Turkey (Current Study)	Anthropic/Residues	Organic Residue/Artifact	Chronometric Only
c-turkey			YEN4	8405	25		Yenikapı	settlement	depth: 5348–5350 mm			clay		İstanbul	Turkey	41.1	28.95	Konak and Yalçın, 2025	C-Turkey (Current Study)	Anthropic/Residues	Organic Residue/Artifact	Chronometric Only
c-turkey			YEN5	9820	30		Yenikapı	settlement	depth: 6998–7000 mm			clay		İstanbul	Turkey	41.1	28.95	Konak and Yalçın, 2025	C-Turkey (Current Study)	Anthropic/Residues	Organic Residue/Artifact	Chronometric Only
c-turkey		AMS	UCIAMS199615	1210	20		Yenikapı	settlement	DNA id: KSK11b_Tur_829	Byzantine	Byzantine	bone	horse	İstanbul	Turkey	41.00521	28.95172	Librado et al., 2024	C-Turkey (Current Study)	Bone/Teeth (Human/Animal)	Animal	Genomically Integrated
c-turkey		AMS	UCIAMS250287	1480	20		Yenikapı	settlement	DNA id: Tur170_Tur_601	Byzantine	Byzantine	bone	horse	İstanbul	Turkey	41.00521	28.95172	Librado et al., 2024	C-Turkey (Current Study)	Bone/Teeth (Human/Animal)	Animal	Genomically Integrated
c-turkey		AMS	UCIAMS250289	1030	20		Yenikapı	settlement	DNA id: Tur175_Tur_1011	Byzantine	Byzantine	bone	horse	İstanbul	Turkey	41.00521	28.95172	Librado et al., 2024	C-Turkey (Current Study)	Bone/Teeth (Human/Animal)	Animal	Genomically Integrated
c-turkey		AMS	UCIAMS250356	1215	15		Yenikapı	settlement	DNA id: Tur229_Tur_827	Byzantine	Byzantine	bone	horse	İstanbul	Turkey	41.00521	28.95172	Librado et al., 2024	C-Turkey (Current Study)	Bone/Teeth (Human/Animal)	Animal	Genomically Integrated
c-turkey		AMS	UCIAMS182731	1485	20		Yenikapı	settlement	DNA id: Tur141_Tur_596	Byzantine	Byzantine	bone	horse	İstanbul	Turkey	41.00521	28.95172	Librado et al., 2024	C-Turkey (Current Study)	Bone/Teeth (Human/Animal)	Animal	Genomically Integrated
c-turkey		AMS	UCIAMS182874	1370	15		Yenikapı	settlement	DNA id: Tur194_Tur_657	Byzantine	Byzantine	bone	horse	İstanbul	Turkey	41.00521	28.95172	Librado et al., 2024	C-Turkey (Current Study)	Bone/Teeth (Human/Animal)	Animal	Genomically Integrated
c-turkey		AMS	UCIAMS182876	1440	15		Yenikapı	settlement	DNA id: Tur142_Tur_624	Byzantine	Byzantine	bone	horse	İstanbul	Turkey	41.00521	28.95172	Librado et al., 2024	C-Turkey (Current Study)	Bone/Teeth (Human/Animal)	Animal	Genomically Integrated
c-turkey		AMS	UCIAMS250293	1205	20		Yenikapı	settlement	DNA id: Tur181_Tur_829	Byzantine	Byzantine	bone	horse	İstanbul	Turkey	41.00521	28.95172	Librado et al., 2024	C-Turkey (Current Study)	Bone/Teeth (Human/Animal)	Animal	Genomically Integrated
c-turkey		AMS	UCIAMS182739	1755	15		Yenikapı	settlement	DNA id: Tur146_Tur_296	Byzantine	Byzantine	bone	horse	İstanbul	Turkey	41.00521	28.95172	Librado et al., 2024	C-Turkey (Current Study)	Bone/Teeth (Human/Animal)	Animal	Genomically Integrated
c-turkey		AMS	UCIAMS250357	1580	15		Yenikapı	settlement	DNA id: Tur243_Tur_488	Byzantine	Byzantine	bone	horse	İstanbul	Turkey	41.00521	28.95172	Librado et al., 2024	C-Turkey (Current Study)	Bone/Teeth (Human/Animal)	Animal	Genomically Integrated
c-turkey		AMS	UCIAMS182872	1700	15		Yenikapı	settlement	DNA id: Tur171_Tur_336	Byzantine	Byzantine	bone	horse	İstanbul	Turkey	41.00521	28.95172	Librado et al., 2024	C-Turkey (Current Study)	Bone/Teeth (Human/Animal)	Animal	Genomically Integrated
c-turkey		AMS	UCIAMS182875	1165	15		Yenikapı	settlement	DNA id: Tur145_Tur_862	Byzantine	Byzantine	bone	horse	İstanbul	Turkey	41.00521	28.95172	Librado et al., 2024	C-Turkey (Current Study)	Bone/Teeth (Human/Animal)	Animal	Genomically Integrated
c-turkey		AMS	UCIAMS250290	1095	20		Yenikapı	settlement	DNA id: Tur176_Tur_944	Byzantine	Byzantine	bone	horse	İstanbul	Turkey	41.00521	28.95172	Librado et al., 2024	C-Turkey (Current Study)	Bone/Teeth (Human/Animal)	Animal	Genomically Integrated
c-turkey		AMS	UCIAMS250288	1025	20		Yenikapı	settlement	DNA id: Tur173_Tur_1012	Byzantine	Byzantine	bone	horse	İstanbul	Turkey	41.00521	28.95172	Librado et al., 2024	C-Turkey (Current Study)	Bone/Teeth (Human/Animal)	Animal	Genomically Integrated
c-turkey		AMS	UCIAMS250354	1230	15		Yenikapı	settlement	DNA id: Tur193_Tur_792	Byzantine	Byzantine	bone	horse	İstanbul	Turkey	41.00521	28.95172	Librado et al., 2024	C-Turkey (Current Study)	Bone/Teeth (Human/Animal)	Animal	Genomically Integrated
c-turkey		AMS	UCIAMS250281	1065	20		Yenikapı	settlement	DNA id: Tur150_Tur_961	Byzantine	Byzantine	bone	horse	İstanbul	Turkey	41.00521	28.95172	Librado et al., 2024	C-Turkey (Current Study)	Bone/Teeth (Human/Animal)	Animal	Genomically Integrated
c-turkey		AMS	UCIAMS182866	1265	15		Yenikapı	settlement	DNA id: Tur140_Tur_726	Byzantine	Byzantine	bone	horse	İstanbul	Turkey	41.00521	28.95172	Librado et al., 2024	C-Turkey (Current Study)	Bone/Teeth (Human/Animal)	Animal	Genomically Integrated
c-turkey		AMS	UCIAMS182868	1715	15		Yenikapı	settlement	DNA id: Tur172_Tur_331	Byzantine	Byzantine	bone	horse	İstanbul	Turkey	41.00521	28.95172	Librado et al., 2024	C-Turkey (Current Study)	Bone/Teeth (Human/Animal)	Animal	Genomically Integrated
c-turkey		AMS	AA114592	4518	28		Ziyaret Tepe	settlement	Locus: E-614	Late EBA	Late EBA	seeds	Hordeum vulgare	Diyarbakır	Turkey	37.79037048	40.55258809	Proctor et al., 2024	C-Turkey (Current Study)	Short-lived Plants	Cereal/Pulse/Seed	Chronometric Only
c-turkey		AMS	AA64767	4134	42		Ziyaret Tepe	settlement	Locus: E-382	Mid EBA	Mid EBA	wood		Diyarbakır	Turkey	37.79037048	40.55258809	Proctor et al., 2024	C-Turkey (Current Study)	Woody Plants (Charcoal)	Tree/Shrub	Chronometric Only
c-turkey		AMS	AA64762	4131	55		Ziyaret Tepe	settlement	Locus: E-336	Mid EBA	Mid EBA	wood		Diyarbakır	Turkey	37.79037048	40.55258809	Proctor et al., 2024	C-Turkey (Current Study)	Woody Plants (Charcoal)	Tree/Shrub	Chronometric Only
c-turkey		AMS	AA64760	3336	44		Ziyaret Tepe	settlement	Locus: E-183	Middle Bronze Age	Middle Bronze Age	wood		Diyarbakır	Turkey	37.79037048	40.55258809	Proctor et al., 2024	C-Turkey (Current Study)	Woody Plants (Charcoal)	Tree/Shrub	Chronometric Only
c-turkey		AMS	AA64766	3335	55		Ziyaret Tepe	settlement	Locus: E-124	Middle Bronze Age	Middle Bronze Age	wood		Diyarbakır	Turkey	37.79037048	40.55258809	Proctor et al., 2024	C-Turkey (Current Study)	Woody Plants (Charcoal)	Tree/Shrub	Chronometric Only
c-turkey		AMS	AA64770	3325	41		Ziyaret Tepe	settlement	Locus: E-123	Middle Bronze Age	Middle Bronze Age	wood		Diyarbakır	Turkey	37.79037048	40.55258809	Proctor et al., 2024	C-Turkey (Current Study)	Woody Plants (Charcoal)	Tree/Shrub	Chronometric Only
c-turkey		AMS	AA64768	3243	44		Ziyaret Tepe	settlement	Locus: E-171	Mitanni	Mitanni	wood		Diyarbakır	Turkey	37.79037048	40.55258809	Proctor et al., 2024	C-Turkey (Current Study)	Woody Plants (Charcoal)	Tree/Shrub	Chronometric Only
c-turkey		AMS	AA64763	3235	44		Ziyaret Tepe	settlement	Locus: E-180	Middle Bronze Age	Middle Bronze Age	wood		Diyarbakır	Turkey	37.79037048	40.55258809	Proctor et al., 2024	C-Turkey (Current Study)	Woody Plants (Charcoal)	Tree/Shrub	Chronometric Only
c-turkey		AMS	AA64759	2683	43		Ziyaret Tepe	settlement	Locus: G-325	Late Assyrian	Late Assyrian	wood		Diyarbakır	Turkey	37.79037048	40.55258809	Proctor et al., 2024	C-Turkey (Current Study)	Woody Plants (Charcoal)	Tree/Shrub	Chronometric Only
c-turkey		AMS	AA114796	2670	35		Ziyaret Tepe	settlement	Locus: L-245	Late Iron Age/Hellenistic	Late Iron Age/Hellenistic	seeds	Hordeum vulgare	Diyarbakır	Turkey	37.79037048	40.55258809	Proctor et al., 2024	C-Turkey (Current Study)	Short-lived Plants	Cereal/Pulse/Seed	Chronometric Only
c-turkey		AMS	AA114597	2550	26		Ziyaret Tepe	settlement	Locus: G-963	Late Assyrian	Late Assyrian	seeds	Hordeum vulgare	Diyarbakır	Turkey	37.79037048	40.55258809	Proctor et al., 2024	C-Turkey (Current Study)	Short-lived Plants	Cereal/Pulse/Seed	Chronometric Only
c-turkey		AMS	AA114594	2545	26		Ziyaret Tepe	settlement	Locus: N-519	Late Assyrian	Late Assyrian	seeds	Hordeum vulgare	Diyarbakır	Turkey	37.79037048	40.55258809	Proctor et al., 2024	C-Turkey (Current Study)	Short-lived Plants	Cereal/Pulse/Seed	Chronometric Only
c-turkey		AMS	AA114797	2520	37		Ziyaret Tepe	settlement	Locus: L-272	Late Iron Age/Hellenistic	Late Iron Age/Hellenistic	seeds	Hordeum vulgare	Diyarbakır	Turkey	37.79037048	40.55258809	Proctor et al., 2024	C-Turkey (Current Study)	Short-lived Plants	Cereal/Pulse/Seed	Chronometric Only
c-turkey		AMS	AA114593	2516	26		Ziyaret Tepe	settlement	Locus: G-962	Late Assyrian	Late Assyrian	seeds	Hordeum vulgare	Diyarbakır	Turkey	37.79037048	40.55258809	Proctor et al., 2024	C-Turkey (Current Study)	Short-lived Plants	Cereal/Pulse/Seed	Chronometric Only
c-turkey		AMS	AA114599	2476	26		Ziyaret Tepe	settlement	Locus: G-224	Late Assyrian	Late Assyrian	seeds	Hordeum vulgare	Diyarbakır	Turkey	37.79037048	40.55258809	Proctor et al., 2024	C-Turkey (Current Study)	Short-lived Plants	Cereal/Pulse/Seed	Chronometric Only
c-turkey		AMS	AA114598	2462	26		Ziyaret Tepe	settlement	Locus: G-495	Late Assyrian	Late Assyrian	seeds	Hordeum vulgare	Diyarbakır	Turkey	37.79037048	40.55258809	Proctor et al., 2024	C-Turkey (Current Study)	Short-lived Plants	Cereal/Pulse/Seed	Chronometric Only
c-turkey		AMS	AA114596	1854	26		Ziyaret Tepe	settlement	Locus: A-804	Parthian	Parthian	seeds	Hordeum vulgare	Diyarbakır	Turkey	37.79037048	40.55258809	Proctor et al., 2024	C-Turkey (Current Study)	Short-lived Plants	Cereal/Pulse/Seed	Chronometric Only
c-turkey		AMS	AA114798	1508	33		Ziyaret Tepe	settlement	Locus: L-348	Medieval	Medieval	seeds	Hordeum vulgare	Diyarbakır	Turkey	37.79037048	40.55258809	Proctor et al., 2024	C-Turkey (Current Study)	Short-lived Plants	Cereal/Pulse/Seed	Chronometric Only
c-turkey		AMS	AA114595	426	25		Ziyaret Tepe	settlement	Locus: L-254	Medieval	Medieval	seeds	Hordeum vulgare	Diyarbakır	Turkey	37.79037048	40.55258809	Proctor et al., 2024	C-Turkey (Current Study)	Short-lived Plants	Cereal/Pulse/Seed	Chronometric Only
present datasets	25.04.2025		Beta-305368	3580	30		Acemhöyük	settlement	AC2009, DB48-49, IV level	Assyrian Colony Period		bone (collagen)	animal	Aksaray	Turkey	38.4112	33.8357	Arbuckle 2013	Global Repositories	Bone/Teeth (Human/Animal)	Animal	Chronometric Only
present datasets	25.04.2025		Beta-305369	3650	30		Acemhöyük	settlement	AC2010, DB48, IV level	Assyrian Colony Period		bone (collagen)	animal	Aksaray	Turkey	38.4112	33.8357	Arbuckle 2013	Global Repositories	Bone/Teeth (Human/Animal)	Animal	Chronometric Only
present datasets	25.04.2025		Beta-305370	3650	30		Acemhöyük	settlement	AC2010, DB48cc, IV level	Assyrian Colony Period		bone (collagen)	animal	Aksaray	Turkey	38.4112	33.8357	Arbuckle 2013	Global Repositories	Bone/Teeth (Human/Animal)	Animal	Chronometric Only
present datasets	25.04.2025		Beta-305371	3560	30		Acemhöyük	settlement	AC2010, DB48, IV-V level	Assyrian Colony Period		bone (collagen)	animal	Aksaray	Turkey	38.4112	33.8357	Arbuckle 2013	Global Repositories	Bone/Teeth (Human/Animal)	Animal	Chronometric Only
present datasets	25.04.2025		P-1555	3611	49		Acemhöyük	settlement	large palace		Bronze Age	charred material		Aksaray	Turkey	38.4112	33.8357	Lawn 1971	Global Repositories	Indeterminate/Other	Indeterminate	Chronometric Only
present datasets	25.04.2025		P-1595	3391	58		Acemhöyük	settlement	from jar on floor of magazine in large burnt palace		Bronze Age	seeds	Malus	Aksaray	Turkey	38.4112	33.8357	Lawn 1971	Global Repositories	Short-lived Plants	Cereal/Pulse/Seed	Chronometric Only
present datasets	25.04.2025		P-2041	3500	50		Acemhöyük	settlement	storage building contemporary with palace		Bronze Age	charcoal		Aksaray	Turkey	38.4112	33.8357	Lawn 1975	Global Repositories	Woody Plants (Charcoal)	Tree/Shrub	Chronometric Only
present datasets	25.04.2025		Beta-138548	8750	40		Akarçay Tepe	settlement	phase V	PPNB	Neolithic	charcoal		Urfa	Turkey	36.9191	38.0257	Arimura et al. 2000; CalPal	Global Repositories	Woody Plants (Charcoal)	Tree/Shrub	Chronometric Only
present datasets	25.04.2025		Beta-138582	7470	80		Akarçay Tepe	settlement	Phase II; Square 20M, feature 21	PPNB	Neolithic	charcoal		Urfa	Turkey	36.9191	38.0257	Arimura et al. 2000; Özbasaran and Duru 2011; CalPal; Flohr et al. 2016; TAY Project	Global Repositories	Woody Plants (Charcoal)	Tree/Shrub	Chronometric Only
present datasets	25.04.2025		Beta-138583	8390	110		Akarçay Tepe	settlement	late middle PPNB;phase IV; Square 20P, feature 24	PPNB	Neolithic	charcoal		Urfa	Turkey	36.9191	38.0257	Arimura et al. 2000; Özbasaran and Duru 2011; CalPal; Flohr et al. 2016	Global Repositories	Woody Plants (Charcoal)	Tree/Shrub	Chronometric Only
present datasets	25.04.2025		Beta-138584	8750	40		Akarçay Tepe	settlement	Phase V; Square 27 U, feature C.2	PPNB	Neolithic	charcoal		Urfa	Turkey	36.9191	38.0257	Arimura et al. 2000; Özbasaran and Duru 2011; CalPal; Flohr et al. 2016; TAY Project	Global Repositories	Woody Plants (Charcoal)	Tree/Shrub	Chronometric Only
present datasets	25.04.2025		Beta-138585	7280	50		Akarçay Tepe	settlement	Phase I; Square 19K, feature 9	PPNB	Neolithic	charcoal		Urfa	Turkey	36.9191	38.0257	Arimura et al. 2000; Özbasaran and Duru 2011; CalPal; Flohr et al. 2016; TAY Project	Global Repositories	Woody Plants (Charcoal)	Tree/Shrub	Chronometric Only
present datasets	25.04.2025		Beta-138586	7970	120		Akarçay Tepe	settlement	Phase III; Square 20N, feature 6	PPNB	Neolithic	charcoal		Urfa	Turkey	36.9191	38.0257	Arimura et al. 2000; Özbasaran and Duru 2011; CalPal; Flohr et al. 2016; TAY Project	Global Repositories	Woody Plants (Charcoal)	Tree/Shrub	Chronometric Only
present datasets	25.04.2025		Beta-173036	8260	40		Akarçay Tepe	settlement	Phase IV-VI; Square 27X, feature 42	PPNB	Neolithic			Urfa	Turkey	36.9191	38.0257	Özbaşaran 2011; CalPal; Flohr et al. 2016	Global Repositories	Indeterminate/Other	Indeterminate	Chronometric Only
present datasets	25.04.2025		Beta-174035	8560	40		Akarçay Tepe	settlement	Phase VI; Square 27Y, feature 65	PPNB	Neolithic			Urfa	Turkey	36.9191	38.0257	Özbasaran and Duru 2011; Benz 2014; CalPal; Flohr et al. 2016	Global Repositories	Indeterminate/Other	Indeterminate	Chronometric Only
present datasets	25.04.2025		Beta-174036	8260	40		Akarçay Tepe	settlement	Square 27X; feature 42	PPNB	Neolithic			Urfa	Turkey	36.9191	38.0257	Benz 2014	Global Repositories	Indeterminate/Other	Indeterminate	Chronometric Only
present datasets	25.04.2025		Beta-174037	8310	130		Akarçay Tepe	settlement	Phase IV-VI; Square 20P, feature 66	PPNB	Neolithic			Urfa	Turkey	36.9191	38.0257	Özbasaran and Duru 2011; Benz 2014; CalPal; Flohr et al. 2016	Global Repositories	Indeterminate/Other	Indeterminate	Chronometric Only
present datasets	25.04.2025		Beta-174038	7930	40		Akarçay Tepe	settlement	Phase IV-VI; Square 28U, feature 18	PPNB	Neolithic			Urfa	Turkey	36.9191	38.0257	Özbasaran and Duru 2011; Benz 2014; CalPal; Flohr et al. 2016	Global Repositories	Indeterminate/Other	Indeterminate	Chronometric Only
present datasets	25.04.2025		Beta-174039	7860	40		Akarçay Tepe	settlement	Phase III; Square 210, feature 42	PPNB	Neolithic			Urfa	Turkey	36.9191	38.0257	Özbasaran and Duru 2011; Benz 2014; CalPal; Flohr et al. 2016	Global Repositories	Indeterminate/Other	Indeterminate	Chronometric Only
present datasets	25.04.2025		Beta-174040	7690	50		Akarçay Tepe	settlement	Phase I/II; Square 19F, feature 32	PPNB	Neolithic			Urfa	Turkey	36.9191	38.0257	Özbasaran and Duru 2011; Benz 2014; CalPal	Global Repositories	Indeterminate/Other	Indeterminate	Chronometric Only
present datasets	25.04.2025		Beta-174041	8300	40		Akarçay Tepe	settlement	Phase IV-VI; Square 25U, feature 29	PPNB	Neolithic			Urfa	Turkey	36.9191	38.0257	Özbasaran and Duru 2011; Benz 2014; CalPal; Flohr et al. 2016	Global Repositories	Indeterminate/Other	Indeterminate	Chronometric Only
present datasets	25.04.2025		KIA-31913	8283	41		Akarçay Tepe	settlement	Square 27U; feature 118	PPNB	Neolithic			Urfa	Turkey	36.9191	38.0257	Özbasaran and Duru 2011; Benz 2014;Flohr et al. 2016	Global Repositories	Indeterminate/Other	Indeterminate	Chronometric Only
present datasets	25.04.2025		KIA-31914	8205	35		Akarçay Tepe	settlement	Phase IV-VI; Square 27U, feature 108	PPNB	Neolithic			Urfa	Turkey	36.9191	38.0257	Özbasaran and Duru 2011; Benz 2014; CalPal; Flohr et al. 2016	Global Repositories	Indeterminate/Other	Indeterminate	Chronometric Only
present datasets	25.04.2025		KIA-31915	8293	39		Akarçay Tepe	settlement	Phase IV-VI; Square 27U, feature 90	PPNB	Neolithic			Urfa	Turkey	36.9191	38.0257	Özbasaran and Duru 2011; Benz 2014; CalPal; Flohr et al. 2016	Global Repositories	Indeterminate/Other	Indeterminate	Chronometric Only
present datasets	25.04.2025		KIA-31916	8021	33		Akarçay Tepe	settlement	Phase IV-VI; Square 27U, feature 106	PPNB	Neolithic			Urfa	Turkey	36.9191	38.0257	Özbasaran and Duru 2011; Benz 2014; CalPal; Flohr et al. 2016	Global Repositories	Indeterminate/Other	Indeterminate	Chronometric Only
present datasets	25.04.2025		KIA-31917	8132	40		Akarçay Tepe	settlement	Phase IV-VI; Square 27U, feature 120	PPNB	Neolithic			Urfa	Turkey	36.9191	38.0257	Özbasaran and Duru 2011; Benz 2014; CalPal; Flohr et al. 2016	Global Repositories	Indeterminate/Other	Indeterminate	Chronometric Only
present datasets	25.04.2025		KIA-31918	8246	39		Akarçay Tepe	settlement	Phase IV-VI; Square 27U, feature 113	PPNB	Neolithic			Urfa	Turkey	36.9191	38.0257	Özbasaran and Duru 2011; Benz 2014; CalPal; Flohr et al. 2016	Global Repositories	Indeterminate/Other	Indeterminate	Chronometric Only
present datasets	25.04.2025		KIA-31919	8181	45		Akarçay Tepe	settlement	Phase IV-VI; Square 27U,feature 108	PPNB	Neolithic			Urfa	Turkey	36.9191	38.0257	Özbasaran and Duru 2011; Benz 2014; CalPal; Flohr et al. 2016	Global Repositories	Indeterminate/Other	Indeterminate	Chronometric Only
present datasets	25.04.2025		KIA-31920	8121	52		Akarçay Tepe	settlement	Phase IV-VI; Square 27U, feature 108	PPNB	Neolithic			Urfa	Turkey	36.9191	38.0257	Özbasaran and Duru 2011; Benz 2014; CalPal; Flohr et al. 2016	Global Repositories	Indeterminate/Other	Indeterminate	Chronometric Only
present datasets	25.04.2025		KIA-31921	8146	36		Akarçay Tepe	settlement	Phase IV-VI; Square 27V, feature 40	PPNB	Neolithic			Urfa	Turkey	36.9191	38.0257	Özbasaran and Duru 2011; Benz 2014; CalPal; Flohr et al. 2016	Global Repositories	Indeterminate/Other	Indeterminate	Chronometric Only
present datasets	25.04.2025		KIA-31922	8365	40		Akarçay Tepe	settlement	Phase IV-VI; Square 27X, feature 123	PPNB	Neolithic			Urfa	Turkey	36.9191	38.0257	Özbasaran and Duru 2011; Benz 2014; CalPal; Flohr et al. 2016	Global Repositories	Indeterminate/Other	Indeterminate	Chronometric Only
present datasets	25.04.2025		KIA-31923	8309	49		Akarçay Tepe	settlement	Phase IV-VI; Square 27X, feature 115	PPNB	Neolithic			Urfa	Turkey	36.9191	38.0257	Özbasaran and Duru 2011; Benz 2014; CalPal; Flohr et al. 2016	Global Repositories	Indeterminate/Other	Indeterminate	Chronometric Only
present datasets	25.04.2025		KIA-31924	8290	50		Akarçay Tepe	settlement	Phase IV-VI; Square 27X, feature 116	PPNB	Neolithic			Urfa	Turkey	36.9191	38.0257	Özbasaran and Duru 2011; Benz 2014; CalPal; Flohr et al. 2016	Global Repositories	Indeterminate/Other	Indeterminate	Chronometric Only
present datasets	25.04.2025		KIA-31925	7979	42		Akarçay Tepe	settlement	Phase IV-VI; Square 27T, feature 43	PPNB	Neolithic			Urfa	Turkey	36.9191	38.0257	Özbasaran and Duru 2011; Benz 2014; CalPal; Flohr et al. 2016	Global Repositories	Indeterminate/Other	Indeterminate	Chronometric Only
present datasets	25.04.2025		KIA-31926	8199	34		Akarçay Tepe	settlement	Phase III; Square 29T, feature 64	PPNB	Neolithic			Urfa	Turkey	36.9191	38.0257	Özbasaran and Duru 2011; Benz 2014; CalPal; Flohr et al. 2016	Global Repositories	Indeterminate/Other	Indeterminate	Chronometric Only
present datasets	25.04.2025		OxA-20596	7444	37	-19.05	Aktopraklık	settlement	Sk: individual 89D-4.4-06 DNA id:			bone	human	Bursa	Turkey	40.1718	28.7277	Karul and Avci 2011; Brami 2014; Brami and Zanotti 2015; CalPal; Reingruber and Thissen 2016; Flohr et al. 2016	Global Repositories	Bone/Teeth (Human/Animal)	Human	Genomically Integrated
present datasets	25.04.2025		OxA-20597	6800	36	-19.32	Aktopraklık	settlement	Sk: individual88E-12.1-07 DNA id:			bone	human	Bursa	Turkey	40.1718	28.7277	Karul and Avci 2011; Brami 2014; Brami and Zanotti 2015; CalPal; Reingruber and Thissen 2016; Flohr et al. 2016	Global Repositories	Bone/Teeth (Human/Animal)	Human	Genomically Integrated
present datasets	25.04.2025		Unknown-Alaca	4227	121		Alacahöyük	settlement	Tomb L			wood		Çorum	Turkey	40.2341	34.6956	Yalçın & Yalçın, 2013	Global Repositories	Woody Plants (Charcoal)	Tree/Shrub	Chronometric Only
present datasets	25.04.2025		ETH-39352	3905	45		Alacahöyük	settlement	Grave A1			charcoal		Çorum	Turkey	40.2341	34.6956	Yalçin 2011	Global Repositories	Woody Plants (Charcoal)	Tree/Shrub	Chronometric Only
present datasets	25.04.2025		ETH-39353	4160	35		Alacahöyük	settlement	Grave S			charcoal		Çorum	Turkey	40.2341	34.6956	Yalçin 2011	Global Repositories	Woody Plants (Charcoal)	Tree/Shrub	Chronometric Only
present datasets	25.04.2025		ETH-39355	3950	45		Alacahöyük	settlement	Grave A			charcoal		Çorum	Turkey	40.2341	34.6956	Yalçin 2011	Global Repositories	Woody Plants (Charcoal)	Tree/Shrub	Chronometric Only
present datasets	25.04.2025		P-1434	4285	62		Alacahöyük	settlement	Level 11/12			charcoal		Çorum	Turkey	40.2341	34.6956	Stuckenrath & Lawn 1969	Global Repositories	Woody Plants (Charcoal)	Tree/Shrub	Chronometric Only
present datasets	25.04.2025		P-824	3744	61		Alacahöyük	settlement	Building Level 4		Early Hittite	textile (charred)		Çorum	Turkey	40.2341	34.6956	Stuckenrath & Ralph 1965	Global Repositories	Anthropic/Residues	Organic Residue/Artifact	Chronometric Only
present datasets	25.04.2025		P-825	4540	56		Alacahöyük	settlement	Building Level 5		Early Bronze Age III	grain	Cerealia	Çorum	Turkey	40.2341	34.6956	Stuckenrath & Ralph 1965	Global Repositories	Short-lived Plants	Cereal/Pulse/Seed	Chronometric Only
present datasets	25.04.2025		P-826	4200	58		Alacahöyük	settlement	Building Level 5		Early Bronze Age III	grain	Cerealia	Çorum	Turkey	40.2341	34.6956	Stuckenrath & Ralph 1965	Global Repositories	Short-lived Plants	Cereal/Pulse/Seed	Chronometric Only
present datasets	25.04.2025		OxA-2233	4910	70	-21	Alanya Cave	cave	Calotte, 155-2-73, travertine deposit		Late Chalcolithic	bone	human	Antalya	Turkey	36.5509	31.9977	Hedges et al. 1991; Hinz et al. 2012: http://radon.ufg.uni-kiel.de/samples/11240; CalPal	Global Repositories	Bone/Teeth (Human/Animal)	Human	Chronometric Only
present datasets	25.04.2025		Hacettepe-5	2530	50		Altıntepe	settlement	Adilcevaz Palace			wood		Erzincan	Turkey	39.696389	39.646667	Ergin et al. 1980	Global Repositories	Woody Plants (Charcoal)	Tree/Shrub	Chronometric Only
present datasets	25.04.2025		P-1644	3440	70		Aphrodisias-Pekmez	settlement	MBA Trench 7, Unit 580, Complex A-I			charcoal		Aydın	Turkey	37.7083	28.7236	Lawn 1971	Global Repositories	Woody Plants (Charcoal)	Tree/Shrub	Chronometric Only
present datasets	25.04.2025		P-1645	3340	60		Aphrodisias-Pekmez	settlement	MBA Trench 5, Unit 465, Complex B			charcoal		Aydın	Turkey	37.7083	28.7236	Lawn 1971	Global Repositories	Woody Plants (Charcoal)	Tree/Shrub	Chronometric Only
present datasets	25.04.2025		P-1646	3414	69		Aphrodisias-Pekmez	settlement	MBA Trench 5, Unit 487, Complex C			charcoal		Aydın	Turkey	37.7083	28.7236	Lawn 1971	Global Repositories	Woody Plants (Charcoal)	Tree/Shrub	Chronometric Only
present datasets	25.04.2025		P-1647	3673	73		Aphrodisias-Pekmez	settlement	MBA Trench 5, Unit 494, Complex C			charcoal		Aydın	Turkey	37.7083	28.7236	Lawn 1971	Global Repositories	Woody Plants (Charcoal)	Tree/Shrub	Chronometric Only
present datasets	25.04.2025		P-1648	3540	60		Aphrodisias-Pekmez	settlement	EBA Trench 3, Stratum 7A, Complex II			charcoal		Aydın	Turkey	37.7083	28.7236	Lawn 1971	Global Repositories	Woody Plants (Charcoal)	Tree/Shrub	Chronometric Only
present datasets	25.04.2025		P-1649	3560	60		Aphrodisias-Pekmez	settlement	EBA Trench 3, Unit 224, Complex II			seeds		Aydın	Turkey	37.7083	28.7236	Lawn 1971	Global Repositories	Short-lived Plants	Cereal/Pulse/Seed	Chronometric Only
present datasets	25.04.2025		P-1650	3715	59		Aphrodisias-Pekmez	settlement	EBA Trench 3, Unit 227, Complex II			seeds		Aydın	Turkey	37.7083	28.7236	Lawn 1971	Global Repositories	Short-lived Plants	Cereal/Pulse/Seed	Chronometric Only
present datasets	25.04.2025		P-1651	3858	64		Aphrodisias-Pekmez	settlement	BA4, Trench 3, Unit 221, Complex II			charcoal		Aydın	Turkey	37.7083	28.7236	Lawn 1971	Global Repositories	Woody Plants (Charcoal)	Tree/Shrub	Chronometric Only
present datasets	25.04.2025		P-1652	3987	61		Aphrodisias-Pekmez	settlement	BA3-4, Trench 4, Unit 343, Complex II			charcoal		Aydın	Turkey	37.7083	28.7236	Lawn 1971	Global Repositories	Woody Plants (Charcoal)	Tree/Shrub	Chronometric Only
present datasets	25.04.2025		P-1653	3624	55		Aphrodisias-Pekmez	settlement	BA3-4, Trench 3, Unit 267, Complex IV			charcoal		Aydın	Turkey	37.7083	28.7236	Lawn 1971	Global Repositories	Woody Plants (Charcoal)	Tree/Shrub	Chronometric Only
present datasets	25.04.2025		P-1654	3943	86		Aphrodisias-Pekmez	settlement	BA3-4, Trench 4, Unit 348, Complex IV			charcoal		Aydın	Turkey	37.7083	28.7236	Lawn 1971	Global Repositories	Woody Plants (Charcoal)	Tree/Shrub	Chronometric Only
present datasets	25.04.2025		P-1655	2249	59		Aphrodisias-Pekmez	settlement	Pekmez Trench, Level 7, Trench 2			charcoal		Aydın	Turkey	37.7083	28.7236	Lawn 1971	Global Repositories	Woody Plants (Charcoal)	Tree/Shrub	Chronometric Only
present datasets	25.04.2025		P-1656	3590	80		Aphrodisias-Pekmez	settlement	MBA Trench 7, Unit 580, Complex A-I			charcoal		Aydın	Turkey	37.7083	28.7236	Lawn 1971	Global Repositories	Woody Plants (Charcoal)	Tree/Shrub	Chronometric Only
present datasets	25.04.2025		P-1774	3800	60		Aphrodisias-Pekmez	settlement	EBA Trench 3, Unit 228, Complex II, Rm 2, Structure A			charcoal		Aydın	Turkey	37.7083	28.7236	Lawn, 1975	Global Repositories	Woody Plants (Charcoal)	Tree/Shrub	Chronometric Only
present datasets	25.04.2025		P-1775	3800	50		Aphrodisias-Pekmez	settlement	EBA Trench 3, Unit 228, Complex II, Rm 2, Structure A			charcoal		Aydın	Turkey	37.7083	28.7236	Lawn, 1975	Global Repositories	Woody Plants (Charcoal)	Tree/Shrub	Chronometric Only
present datasets	25.04.2025		P-2029	5450	80		Aphrodisias-Pekmez	settlement	Pekmez Mound, Trench 2, Test Trench B, Unit 1589d, NaOH pretreatment			charcoal		Aydın	Turkey	37.7083	28.7236	Lawn, 1975	Global Repositories	Woody Plants (Charcoal)	Tree/Shrub	Chronometric Only
present datasets	25.04.2025		P-2030	4860	80		Aphrodisias-Pekmez	settlement	Pekmez Mound, Trench 2, Test Trench B, Unit 1589d, no NaOH pretreatment			charcoal		Aydın	Turkey	37.7083	28.7236	Lawn, 1975	Global Repositories	Woody Plants (Charcoal)	Tree/Shrub	Chronometric Only
present datasets	25.04.2025		P-2031	5280	70		Aphrodisias-Pekmez	settlement	Pekmez Mound, Trench 2, Test Trench B, Unit 1599a and b			charcoal		Aydın	Turkey	37.7083	28.7236	Lawn, 1975	Global Repositories	Woody Plants (Charcoal)	Tree/Shrub	Chronometric Only
present datasets	25.04.2025	AMS	D-DSH7173	5801	21		Arslantepe	settlement	A1293			charcoal	Juniperus	Malatya	Turkey	38.381	38.3607	Vignola et al. 2019	Global Repositories	Woody Plants (Charcoal)	Tree/Shrub	Chronometric Only
present datasets	25.04.2025	AMS	D05/17-DSH7979	4382	28		Arslantepe	settlement	A170			grain (charred)	Triticum dicoccum	Malatya	Turkey	38.381	38.3607	Vignola et al. 2019	Global Repositories	Short-lived Plants	Cereal/Pulse/Seed	Chronometric Only
present datasets	25.04.2025	AMS	D28/15-DSH7015	4559	21		Arslantepe	settlement	VI B1, M223, 550/12			charcoal	Quercus	Malatya	Turkey	38.381	38.3607	Palumbi et al. 2017	Global Repositories	Woody Plants (Charcoal)	Tree/Shrub	Chronometric Only
present datasets	25.04.2025	AMS	D28/15-DSH7017	4552	21		Arslantepe	settlement	VI B1, A1336, 334/12			charcoal	Quercus	Malatya	Turkey	38.381	38.3607	Palumbi et al. 2017	Global Repositories	Woody Plants (Charcoal)	Tree/Shrub	Chronometric Only
present datasets	25.04.2025	AMS	D28/15-DSH7047	4600	33		Arslantepe	settlement	VI B1, A1369, 703/12			fruitstone	Sorbus	Malatya	Turkey	38.381	38.3607	Palumbi et al. 2017	Global Repositories	Short-lived Plants	Cereal/Pulse/Seed	Chronometric Only
present datasets	25.04.2025	AMS	DSH-6455	4541	39		Arslantepe	settlement						Malatya	Turkey	38.381	38.3607	Vignola et al. 2017	Global Repositories	Indeterminate/Other	Indeterminate	Chronometric Only
present datasets	25.04.2025	AMS	DSH-6456	4584	49		Arslantepe	settlement	A1358			grain (charred)	Triticum dicoccum	Malatya	Turkey	38.381	38.3607	Vignola et al. 2017	Global Repositories	Short-lived Plants	Cereal/Pulse/Seed	Chronometric Only
present datasets	25.04.2025	AMS	DSH-6515	4546	30		Arslantepe	settlement	A932			grain (charred)	Triticum	Malatya	Turkey	38.381	38.3607	Vignola et al. 2017	Global Repositories	Short-lived Plants	Cereal/Pulse/Seed	Chronometric Only
present datasets	25.04.2025	AMS	DSH9100_CH	3046	16		Arslantepe	settlement	G3(7) 14 h	Iron Age		charcoal	Deciduous Quercus	Malatya	Turkey	38.381	38.3607	Manuelli et al. 2021	Global Repositories	Woody Plants (Charcoal)	Tree/Shrub	Chronometric Only
present datasets	25.04.2025	AMS	DSH9101_CH	2970	16		Arslantepe	settlement	G3(7) 14 h	Iron Age		charcoal	Fraxinus	Malatya	Turkey	38.381	38.3607	Manuelli et al. 2021	Global Repositories	Woody Plants (Charcoal)	Tree/Shrub	Chronometric Only
present datasets	25.04.2025	AMS	DSH9102_CH	3003	17		Arslantepe	settlement	G3(14) A1426 E1	Iron Age		charcoal	Ulmus	Malatya	Turkey	38.381	38.3607	Manuelli et al. 2021	Global Repositories	Woody Plants (Charcoal)	Tree/Shrub	Chronometric Only
present datasets	25.04.2025	AMS	DSH9103_CH	2938	24		Arslantepe	settlement	G3(11) 9	Iron Age		charcoal	Deciduous Quercus	Malatya	Turkey	38.381	38.3607	Manuelli et al. 2021	Global Repositories	Woody Plants (Charcoal)	Tree/Shrub	Chronometric Only
present datasets	25.04.2025	AMS	DSH9104_CH	2942	18		Arslantepe	settlement	F4(4) 8 a α	Iron Age		charcoal	Populus	Malatya	Turkey	38.381	38.3607	Manuelli et al. 2021	Global Repositories	Woody Plants (Charcoal)	Tree/Shrub	Chronometric Only
present datasets	25.04.2025	AMS	DSH9105_CH	3021	19		Arslantepe	settlement	G3(10–11) 14 i	Iron Age		charcoal	Deciduous Quercus	Malatya	Turkey	38.381	38.3607	Manuelli et al. 2021	Global Repositories	Woody Plants (Charcoal)	Tree/Shrub	Chronometric Only
present datasets	25.04.2025	AMS	DSH9106_CH	3025	16		Arslantepe	settlement	G3(10–11) 14 f	Iron Age		charcoal	Rosaceae	Malatya	Turkey	38.381	38.3607	Manuelli et al. 2021	Global Repositories	Woody Plants (Charcoal)	Tree/Shrub	Chronometric Only
present datasets	25.04.2025	AMS	DSH9107_CH	2891	19		Arslantepe	settlement	F3(16) K1859 2 d	Iron Age		charcoal	Deciduous Quercus	Malatya	Turkey	38.381	38.3607	Manuelli et al. 2021	Global Repositories	Woody Plants (Charcoal)	Tree/Shrub	Chronometric Only
present datasets	25.04.2025	AMS	DSH9110_CH	2981	16		Arslantepe	settlement	G3(14) 15 b	Iron Age		charcoal	Deciduous Quercus	Malatya	Turkey	38.381	38.3607	Manuelli et al. 2021	Global Repositories	Woody Plants (Charcoal)	Tree/Shrub	Chronometric Only
present datasets	25.04.2025	AMS	DSH9191_CH	3015	23		Arslantepe	settlement	G3(13) M159r	Iron Age		charcoal	Deciduous Quercus	Malatya	Turkey	38.381	38.3607	Manuelli et al. 2021	Global Repositories	Woody Plants (Charcoal)	Tree/Shrub	Chronometric Only
present datasets	25.04.2025	AMS	DSH9193_CH	2981	20		Arslantepe	settlement	F3(16) 11 b	Iron Age		charcoal	Deciduous Quercus	Malatya	Turkey	38.381	38.3607	Manuelli et al. 2021	Global Repositories	Woody Plants (Charcoal)	Tree/Shrub	Chronometric Only
present datasets	25.04.2025	AMS	DSH9194_CH	3010	27		Arslantepe	settlement	G3(7) 14 i	Iron Age		charcoal	Ulmus	Malatya	Turkey	38.381	38.3607	Manuelli et al. 2021	Global Repositories	Woody Plants (Charcoal)	Tree/Shrub	Chronometric Only
present datasets	25.04.2025	AMS	DSH9222_CH	2879	19		Arslantepe	settlement	F4(4) 8 a α	Iron Age		charcoal	Populus	Malatya	Turkey	38.381	38.3607	Manuelli et al. 2021	Global Repositories	Woody Plants (Charcoal)	Tree/Shrub	Chronometric Only
present datasets	25.04.2025	AMS	DSH9503_CH	3012	16		Arslantepe	settlement	G3(10–14) 15 b	Iron Age		charcoal	Populus	Malatya	Turkey	38.381	38.3607	Manuelli et al. 2021	Global Repositories	Woody Plants (Charcoal)	Tree/Shrub	Chronometric Only
present datasets	25.04.2025	AMS	LTL-14917A	2774	40		Arslantepe	settlement	G3(14) K1574 1 d	Iron Age		charcoal	Populus	Malatya	Turkey	38.381	38.3607	Manuelli et al. 2021	Global Repositories	Woody Plants (Charcoal)	Tree/Shrub	Chronometric Only
present datasets	25.04.2025	AMS	LTL-14918A	2746	40		Arslantepe	settlement	G3(14) K1574 1 b α	Iron Age		charcoal	Deciduous Quercus	Malatya	Turkey	38.381	38.3607	Manuelli et al. 2021	Global Repositories	Woody Plants (Charcoal)	Tree/Shrub	Chronometric Only
present datasets	25.04.2025	AMS	LTL-14919A	2950	45		Arslantepe	settlement	G3(11) 9 b	Iron Age		charcoal	Deciduous Quercus	Malatya	Turkey	38.381	38.3607	Manuelli et al. 2021	Global Repositories	Woody Plants (Charcoal)	Tree/Shrub	Chronometric Only
present datasets	25.04.2025	AMS	LTL-14920A	2927	45		Arslantepe	settlement	G3(11)(11–12) 9 b	Iron Age		charcoal	Deciduous Quercus	Malatya	Turkey	38.381	38.3607	Manuelli et al. 2021	Global Repositories	Woody Plants (Charcoal)	Tree/Shrub	Chronometric Only
present datasets	25.04.2025	AMS	LTL-16295A	4428	45		Arslantepe	settlement	VI B1, A1369, 703/12			plant remains (charred)	wild fruit	Malatya	Turkey	38.381	38.3607	Palumbi et al. 2017	Global Repositories	Short-lived Plants	Cereal/Pulse/Seed	Chronometric Only
present datasets	25.04.2025		R-1482a	4360	80		Arslantepe	settlement	A128			charcoal		Malatya	Turkey	38.381	38.3607	Di Nocera 2000	Global Repositories	Woody Plants (Charcoal)	Tree/Shrub	Chronometric Only
present datasets	25.04.2025		R-1493a	4030	80		Arslantepe	settlement	A I 99					Malatya	Turkey	38.381	38.3607	Di Nocera 2000	Global Repositories	Indeterminate/Other	Indeterminate	Chronometric Only
present datasets	25.04.2025		R-214	2835	70		Arslantepe	settlement				wood		Malatya	Turkey	38.381	38.3607	Alessio and Bella 1966	Global Repositories	Woody Plants (Charcoal)	Tree/Shrub	Chronometric Only
present datasets	25.04.2025		R-218	2895	60		Arslantepe	settlement				charcoal		Malatya	Turkey	38.381	38.3607	Alessio and Bella 1966	Global Repositories	Woody Plants (Charcoal)	Tree/Shrub	Chronometric Only
present datasets	25.04.2025		R-219	2655	70		Arslantepe	settlement				charcoal		Aydın	Turkey	38.381	38.3607	Alessio and Bella 1966	Global Repositories	Woody Plants (Charcoal)	Tree/Shrub	Chronometric Only
present datasets	25.04.2025		Rome-1008a	3800	50	-25	Arslantepe	settlement	Period VID; A6			charcoal		Malatya	Turkey	38.381	38.3607	Alessio et al. 1976; Di Nocera 2000; CalPal	Global Repositories	Woody Plants (Charcoal)	Tree/Shrub	Chronometric Only
present datasets	25.04.2025		Rome-1009	4360	50	-25	Arslantepe	settlement	Period VIB; A33; ant. 2			charcoal		Malatya	Turkey	38.381	38.3607	Alessio et al. 1976; Di Nocera 2000; CalPal	Global Repositories	Woody Plants (Charcoal)	Tree/Shrub	Chronometric Only
present datasets	25.04.2025		Rome-1010	4420	50		Arslantepe	settlement	VI ant. 1			grain (charred)		Malatya	Turkey	38.381	38.3607	Alessio et al. 1976; Di Nocera 2000; CalPal	Global Repositories	Short-lived Plants	Cereal/Pulse/Seed	Chronometric Only
present datasets	25.04.2025		Rome-1011	3530	110		Arslantepe	settlement	VI rec.			grain (charred)		Malatya	Turkey	38.381	38.3607	Alessio et al. 1976; Di Nocera 2000; CalPal	Global Repositories	Short-lived Plants	Cereal/Pulse/Seed	Chronometric Only
present datasets	25.04.2025		Rome-1012	3750	50		Arslantepe	settlement	VID3			charcoal		Malatya	Turkey	38.381	38.3607	Alessio et al. 1976; Di Nocera 2000; CalPal	Global Repositories	Woody Plants (Charcoal)	Tree/Shrub	Chronometric Only
present datasets	25.04.2025		Rome-1012a	3840	110	-25	Arslantepe	settlement	Period VID; A30			charcoal		Malatya	Turkey	38.381	38.3607	Alessio et al. 1976; Di Nocera 2000; CalPal	Global Repositories	Woody Plants (Charcoal)	Tree/Shrub	Chronometric Only
present datasets	25.04.2025		Rome-1013	4360	50	-23	Arslantepe	settlement	Period VIA; VI ant. 1; FBI			charcoal		Malatya	Turkey	38.381	38.3607	Alessio et al. 1976; Di Nocera 2000; CalPal	Global Repositories	Woody Plants (Charcoal)	Tree/Shrub	Chronometric Only
present datasets	25.04.2025		Rome-1014	4270	50	-24	Arslantepe	settlement	Period VIA; A36			charcoal		Malatya	Turkey	38.381	38.3607	Alessio et al. 1976; Di Nocera 2000; CalPal	Global Repositories	Woody Plants (Charcoal)	Tree/Shrub	Chronometric Only
present datasets	25.04.2025		Rome-1015	4310	50	-26	Arslantepe	settlement	Period VIA; VIA; VI ant. 1			charcoal		Malatya	Turkey	38.381	38.3607	Alessio et al. 1976; Di Nocera 2000; CalPal	Global Repositories	Woody Plants (Charcoal)	Tree/Shrub	Chronometric Only
present datasets	25.04.2025		Rome-1016a	3300	50		Arslantepe	settlement	Period VIA; A36			charcoal		Malatya	Turkey	38.381	38.3607	Alessio et al. 1976; Di Nocera 2000; CalPal	Global Repositories	Woody Plants (Charcoal)	Tree/Shrub	Chronometric Only
present datasets	25.04.2025		Rome-1017	4360	50		Arslantepe	settlement	A46			charcoal		Malatya	Turkey	38.381	38.3607	Alessio et al. 1976; Di Nocera 2000; CalPal	Global Repositories	Woody Plants (Charcoal)	Tree/Shrub	Chronometric Only
present datasets	25.04.2025		Rome-1017a	4360	50		Arslantepe	settlement	Period VIA; A46			charcoal		Malatya	Turkey	38.381	38.3607	Alessio et al. 1976; Di Nocera 2000; CalPal	Global Repositories	Woody Plants (Charcoal)	Tree/Shrub	Chronometric Only
present datasets	25.04.2025		Rome-1018	4350	50	-25	Arslantepe	settlement	Period VIA; A46			charcoal		Malatya	Turkey	38.381	38.3607	Alessio et al. 1976; Di Nocera 2000; CalPal	Global Repositories	Woody Plants (Charcoal)	Tree/Shrub	Chronometric Only
present datasets	25.04.2025		Rome-1018a	4410	50		Arslantepe	settlement	Period VIA; A4			charcoal		Malatya	Turkey	38.381	38.3607	Alessio et al. 1976; Di Nocera 2000; CalPal	Global Repositories	Woody Plants (Charcoal)	Tree/Shrub	Chronometric Only
present datasets	25.04.2025		Rome-1019a	4570	60		Arslantepe	settlement	Period VIA; A46			charcoal		Malatya	Turkey	38.381	38.3607	Alessio et al. 1976; Di Nocera 2000; CalPal	Global Repositories	Woody Plants (Charcoal)	Tree/Shrub	Chronometric Only
present datasets	25.04.2025		Rome-1454	4190	60		Arslantepe	settlement	A69					Malatya	Turkey	38.381	38.3607	Di Nocera 2000	Global Repositories	Indeterminate/Other	Indeterminate	Chronometric Only
present datasets	25.04.2025		Rome-1455	4600	70		Arslantepe	settlement	AS 1			charcoal		Malatya	Turkey	38.381	38.3607	Di Nocera 2000	Global Repositories	Woody Plants (Charcoal)	Tree/Shrub	Chronometric Only
present datasets	25.04.2025		Rome-1464a	4240	80		Arslantepe	settlement	A115			charcoal		Malatya	Turkey	38.381	38.3607	Di Nocera 2000	Global Repositories	Woody Plants (Charcoal)	Tree/Shrub	Chronometric Only
present datasets	25.04.2025		Rome-1467a	4340	80		Arslantepe	settlement	VIA			charcoal		Malatya	Turkey	38.381	38.3607	Di Nocera 2000	Global Repositories	Woody Plants (Charcoal)	Tree/Shrub	Chronometric Only
present datasets	25.04.2025		Rome-1468	4270	80		Arslantepe	settlement	A132			charcoal		Malatya	Turkey	38.381	38.3607	Di Nocera 2000	Global Repositories	Woody Plants (Charcoal)	Tree/Shrub	Chronometric Only
present datasets	25.04.2025		Rome-1469	4220	120		Arslantepe	settlement	A122			charcoal		Malatya	Turkey	38.381	38.3607	Di Nocera 2000	Global Repositories	Woody Plants (Charcoal)	Tree/Shrub	Chronometric Only
present datasets	25.04.2025		Rome-1474	4380	80		Arslantepe	settlement	A113			charcoal		Malatya	Turkey	38.381	38.3607	Di Nocera 2000	Global Repositories	Woody Plants (Charcoal)	Tree/Shrub	Chronometric Only
present datasets	25.04.2025		Rome-1482	4290	80		Arslantepe	settlement	A I 28					Malatya	Turkey	38.381	38.3607	Di Nocera 2000	Global Repositories	Indeterminate/Other	Indeterminate	Chronometric Only
present datasets	25.04.2025		Rome-1486a	4300	80		Arslantepe	settlement	A 181			charcoal		Malatya	Turkey	38.381	38.3607	Di Nocera 2000	Global Repositories	Woody Plants (Charcoal)	Tree/Shrub	Chronometric Only
present datasets	25.04.2025		Rome-1488	4380	80		Arslantepe	settlement	A127			charcoal		Malatya	Turkey	38.381	38.3607	Di Nocera 2000	Global Repositories	Woody Plants (Charcoal)	Tree/Shrub	Chronometric Only
present datasets	25.04.2025		Rome-1489	4230	80		Arslantepe	settlement	A184					Malatya	Turkey	38.381	38.3607	Di Nocera 2000	Global Repositories	Indeterminate/Other	Indeterminate	Chronometric Only
present datasets	25.04.2025		Rome-1491	4330	80		Arslantepe	settlement	A151					Malatya	Turkey	38.381	38.3607	Di Nocera 2000	Global Repositories	Indeterminate/Other	Indeterminate	Chronometric Only
present datasets	25.04.2025		Rome-1493	4090	80		Arslantepe	settlement	A I 99					Malatya	Turkey	38.381	38.3607	Di Nocera 2000	Global Repositories	Indeterminate/Other	Indeterminate	Chronometric Only
present datasets	25.04.2025		Rome-1494	4240	80		Arslantepe	settlement	AI66					Malatya	Turkey	38.381	38.3607	Di Nocera 2000	Global Repositories	Indeterminate/Other	Indeterminate	Chronometric Only
present datasets	25.04.2025		Rome-152	3450	75		Arslantepe	settlement	three adjacent rooms, A-140, -141 and -142			charcoal		Malatya	Turkey	38.381	38.3607	Calderoni et al. 1994	Global Repositories	Woody Plants (Charcoal)	Tree/Shrub	Chronometric Only
present datasets	25.04.2025		Rome-153	4000	75		Arslantepe	settlement	Arslantepe VI;Room A-502, Square D8(7).; A502			charcoal		Malatya	Turkey	38.381	38.3607	Calderoni et al. 1994	Global Repositories	Woody Plants (Charcoal)	Tree/Shrub	Chronometric Only
present datasets	25.04.2025		Rome-154	3750	75		Arslantepe	settlement	Room A-491, Square D7(13).			charcoal		Malatya	Turkey	38.381	38.3607	Calderoni et al. 1994	Global Repositories	Woody Plants (Charcoal)	Tree/Shrub	Chronometric Only
present datasets	25.04.2025		Rome-155	4000	80		Arslantepe	settlement	phase VI;Room A-548, Square E8(14).			charcoal		Malatya	Turkey	38.381	38.3607	Calderoni et al. 1994	Global Repositories	Woody Plants (Charcoal)	Tree/Shrub	Chronometric Only
present datasets	25.04.2025		Rome-156	3950	80		Arslantepe	settlement	Room A-548, Square E8(14).			charcoal		Malatya	Turkey	38.381	38.3607	Calderoni et al. 1994	Global Repositories	Woody Plants (Charcoal)	Tree/Shrub	Chronometric Only
present datasets	25.04.2025		Rome-1562	4360	80		Arslantepe	settlement	A135			charcoal		Malatya	Turkey	38.381	38.3607	Di Nocera 2000	Global Repositories	Woody Plants (Charcoal)	Tree/Shrub	Chronometric Only
present datasets	25.04.2025		Rome-1562a	4360	80		Arslantepe	settlement	A135			charcoal		Malatya	Turkey	38.381	38.3607	Di Nocera 2000	Global Repositories	Woody Plants (Charcoal)	Tree/Shrub	Chronometric Only
present datasets	25.04.2025		Rome-1563	4460	80		Arslantepe	settlement	A I 35			charcoal		Malatya	Turkey	38.381	38.3607	Di Nocera 2000	Global Repositories	Woody Plants (Charcoal)	Tree/Shrub	Chronometric Only
present datasets	25.04.2025		Rome-1564	4370	80		Arslantepe	settlement	A181			charcoal		Malatya	Turkey	38.381	38.3607	Di Nocera 2000	Global Repositories	Woody Plants (Charcoal)	Tree/Shrub	Chronometric Only
present datasets	25.04.2025		Rome-157	3800	80		Arslantepe	settlement	phase VI;Room A-516, Squares E8(10)-(11).					Malatya	Turkey	38.381	38.3607	Calderoni et al. 1994	Global Repositories	Indeterminate/Other	Indeterminate	Chronometric Only
present datasets	25.04.2025		Rome-158	3950	80		Arslantepe	settlement	Room A-565, Squares E8(13)-E9(1); A565			charcoal		Malatya	Turkey	38.381	38.3607	Calderoni et al. 1994	Global Repositories	Woody Plants (Charcoal)	Tree/Shrub	Chronometric Only
present datasets	25.04.2025		Rome-159	3990	70		Arslantepe	settlement	Room A-542, Square E8(14).; A542			charcoal		Malatya	Turkey	38.381	38.3607	Calderoni et al. 1994	Global Repositories	Woody Plants (Charcoal)	Tree/Shrub	Chronometric Only
present datasets	25.04.2025		Rome-160	4120	80		Arslantepe	settlement	Room A-602, Squares E8(13-14).; A602			charcoal		Malatya	Turkey	38.381	38.3607	Calderoni et al. 1994	Global Repositories	Woody Plants (Charcoal)	Tree/Shrub	Chronometric Only
present datasets	25.04.2025		Rome-161	3930	70		Arslantepe	settlement	Room A-573, Square E8(10).			charcoal		Malatya	Turkey	38.381	38.3607	Calderoni et al. 1994	Global Repositories	Woody Plants (Charcoal)	Tree/Shrub	Chronometric Only
present datasets	25.04.2025		Rome-162	3940	70		Arslantepe	settlement	Room A-532, Squares D8(1) and C7(16).			charcoal		Malatya	Turkey	38.381	38.3607	Calderoni et al. 1994	Global Repositories	Woody Plants (Charcoal)	Tree/Shrub	Chronometric Only
present datasets	25.04.2025		Rome-163	4060	70		Arslantepe	settlement	Pit K 759 in Square D8(1).; K759			charcoal		Malatya	Turkey	38.381	38.3607	Calderoni et al. 1994	Global Repositories	Woody Plants (Charcoal)	Tree/Shrub	Chronometric Only
present datasets	25.04.2025		Rome-164	4840	80		Arslantepe	settlement	Arslantepe VII;Room A-580, Square D6(8);			charcoal		Malatya	Turkey	38.381	38.3607	Calderoni et al. 1994	Global Repositories	Woody Plants (Charcoal)	Tree/Shrub	Chronometric Only
present datasets	25.04.2025		Rome-165	4930	80		Arslantepe	settlement	Arslantepe VII;Room A-582, Square E6(1), XXVth monumental Building.			charcoal		Malatya	Turkey	38.381	38.3607	Calderoni et al. 1994	Global Repositories	Woody Plants (Charcoal)	Tree/Shrub	Chronometric Only
present datasets	25.04.2025		Rome-166	4840	80		Arslantepe	settlement	Arslantepe VII;Room A-617, Squares E6(2)-(6), XXVth monumental Building			charcoal		Malatya	Turkey	38.381	38.3607	Calderoni et al. 1994	Global Repositories	Woody Plants (Charcoal)	Tree/Shrub	Chronometric Only
present datasets	25.04.2025		Rome-167	4080	75		Arslantepe	settlement	floor of Room A-607, Squares E8(9-10).; A607			charcoal		Malatya	Turkey	38.381	38.3607	Calderoni et al. 1994	Global Repositories	Woody Plants (Charcoal)	Tree/Shrub	Chronometric Only
present datasets	25.04.2025		Rome-168	4100	75		Arslantepe	settlement	hearth (FC1*) of Room A-607, Squares E8(9-10).; A607			charcoal		Malatya	Turkey	38.381	38.3607	Calderoni et al. 1994	Global Repositories	Woody Plants (Charcoal)	Tree/Shrub	Chronometric Only
present datasets	25.04.2025		Rome-169	3950	70		Arslantepe	settlement	Room A-607, Square E8 (9).; A607			charcoal		Malatya	Turkey	38.381	38.3607	Calderoni et al. 1994	Global Repositories	Woody Plants (Charcoal)	Tree/Shrub	Chronometric Only
present datasets	25.04.2025		Rome-170	4070	70		Arslantepe	settlement	Room A-607, Square E8(9).; A607			charcoal		Malatya	Turkey	38.381	38.3607	Calderoni et al. 1994	Global Repositories	Woody Plants (Charcoal)	Tree/Shrub	Chronometric Only
present datasets	25.04.2025		Rome-170A	3960	70		Arslantepe	settlement	Room A-607, Square E8(9).			charcoal		Malatya	Turkey	38.381	38.3607	Calderoni et al. 1994	Global Repositories	Woody Plants (Charcoal)	Tree/Shrub	Chronometric Only
present datasets	25.04.2025		Rome-171	4090	75		Arslantepe	settlement	Room A-607/2d, Square E8(9).; A607			charcoal		Malatya	Turkey	38.381	38.3607	Calderoni et al. 1994	Global Repositories	Woody Plants (Charcoal)	Tree/Shrub	Chronometric Only
present datasets	25.04.2025		Rome-172	4080	75		Arslantepe	settlement	Room A-607, Square E8(9).; A607			grain (charred)	Cerealia	Malatya	Turkey	38.381	38.3607	Calderoni et al. 1994	Global Repositories	Short-lived Plants	Cereal/Pulse/Seed	Chronometric Only
present datasets	25.04.2025		Rome-173	4350	75		Arslantepe	settlement	Arslantepe VI;Room A-650, Squares E6(7-11)			charcoal		Malatya	Turkey	38.381	38.3607	Calderoni et al. 1994	Global Repositories	Woody Plants (Charcoal)	Tree/Shrub	Chronometric Only
present datasets	25.04.2025		Rome-174	3830	75		Arslantepe	settlement	Room A-516, Square E8(14).; A516			grain (charred)	Cerealia	Malatya	Turkey	38.381	38.3607	Calderoni et al. 1994	Global Repositories	Short-lived Plants	Cereal/Pulse/Seed	Chronometric Only
present datasets	25.04.2025		Rome-454	3750	70		Arslantepe	settlement	VA					Malatya	Turkey	38.381	38.3607	TAY Project	Global Repositories	Indeterminate/Other	Indeterminate	Chronometric Only
present datasets	25.04.2025		Rome-455	3470	70		Arslantepe	settlement	VA					Malatya	Turkey	38.381	38.3607	TAY Project	Global Repositories	Indeterminate/Other	Indeterminate	Chronometric Only
present datasets	25.04.2025		Rome-456	3410	70		Arslantepe	settlement	VA					Malatya	Turkey	38.381	38.3607	TAY Project	Global Repositories	Indeterminate/Other	Indeterminate	Chronometric Only
present datasets	25.04.2025		Rome-457	3940	70		Arslantepe	settlement	VA					Malatya	Turkey	38.381	38.3607	TAY Project	Global Repositories	Indeterminate/Other	Indeterminate	Chronometric Only
present datasets	25.04.2025		Rome-458	3610	70		Arslantepe	settlement	VA					Malatya	Turkey	38.381	38.3607	TAY Project	Global Repositories	Indeterminate/Other	Indeterminate	Chronometric Only
present datasets	25.04.2025		Rome-724a	3220	50		Arslantepe	settlement	VB			charcoal		Malatya	Turkey	38.381	38.3607	Alessio et al. 1976; Di Nocera 2000; CalPal	Global Repositories	Woody Plants (Charcoal)	Tree/Shrub	Chronometric Only
present datasets	25.04.2025		Rome-725a	2970	50		Arslantepe	settlement	VB			charcoal		Malatya	Turkey	38.381	38.3607	Alessio et al. 1976; Di Nocera 2000; CalPal	Global Repositories	Woody Plants (Charcoal)	Tree/Shrub	Chronometric Only
present datasets	25.04.2025		Rome-726a	3120	50		Arslantepe	settlement	VB			charcoal		Malatya	Turkey	38.381	38.3607	Alessio et al. 1976; Di Nocera 2000; CalPal	Global Repositories	Woody Plants (Charcoal)	Tree/Shrub	Chronometric Only
present datasets	25.04.2025		Rome-746	4615	65		Arslantepe	settlement	A418					Malatya	Turkey	38.381	38.3607	Di Nocera 2000	Global Repositories	Indeterminate/Other	Indeterminate	Chronometric Only
present datasets	25.04.2025		Rome-747	4580	65		Arslantepe	settlement	A450			charcoal		Malatya	Turkey	38.381	38.3607	Di Nocera 2000	Global Repositories	Woody Plants (Charcoal)	Tree/Shrub	Chronometric Only
present datasets	25.04.2025		Rome-748	4920	65		Arslantepe	settlement	VIA; A796			charcoal		Malatya	Turkey	38.381	38.3607	Di Nocera 2000	Global Repositories	Woody Plants (Charcoal)	Tree/Shrub	Chronometric Only
present datasets	25.04.2025		Rome-749	4740	65		Arslantepe	settlement	A800			charcoal		Malatya	Turkey	38.381	38.3607	Di Nocera 2000	Global Repositories	Woody Plants (Charcoal)	Tree/Shrub	Chronometric Only
present datasets	25.04.2025		Rome-750	4195	60		Arslantepe	settlement	A771					Malatya	Turkey	38.381	38.3607	Di Nocera 2000	Global Repositories	Indeterminate/Other	Indeterminate	Chronometric Only
present datasets	25.04.2025		Rome-751	4860	65		Arslantepe	settlement	A800			charcoal		Malatya	Turkey	38.381	38.3607	Di Nocera 2000	Global Repositories	Woody Plants (Charcoal)	Tree/Shrub	Chronometric Only
present datasets	25.04.2025		Rome-752	4630	65		Arslantepe	settlement	A450			charcoal		Malatya	Turkey	38.381	38.3607	Di Nocera 2000	Global Repositories	Woody Plants (Charcoal)	Tree/Shrub	Chronometric Only
present datasets	25.04.2025		Rome-753	4815	65		Arslantepe	settlement	A796			charcoal		Malatya	Turkey	38.381	38.3607	Di Nocera 2000	Global Repositories	Woody Plants (Charcoal)	Tree/Shrub	Chronometric Only
present datasets	25.04.2025		Rome-754	4530	65		Arslantepe	settlement	A450			charcoal		Malatya	Turkey	38.381	38.3607	Di Nocera 2000	Global Repositories	Woody Plants (Charcoal)	Tree/Shrub	Chronometric Only
present datasets	25.04.2025		Rome-755	4900	65		Arslantepe	settlement	A796			charcoal		Malatya	Turkey	38.381	38.3607	Di Nocera 2000	Global Repositories	Woody Plants (Charcoal)	Tree/Shrub	Chronometric Only
present datasets	25.04.2025		Rome-924a	3420	50		Arslantepe	settlement	VB			charcoal		Malatya	Turkey	38.381	38.3607	Alessio et al. 1976; Di Nocera 2000; CalPal	Global Repositories	Woody Plants (Charcoal)	Tree/Shrub	Chronometric Only
present datasets	25.04.2025		Rome-926a	3240	50		Arslantepe	settlement	VA			grain (charred)		Malatya	Turkey	38.381	38.3607	Alessio et al. 1976; Di Nocera 2000; CalPal	Global Repositories	Short-lived Plants	Cereal/Pulse/Seed	Chronometric Only
present datasets	25.04.2025		Rome-927a	3210	50	-23.6	Arslantepe	settlement	floor of Rm 58 with double hearth, Sq D8-9			charcoal		Malatya	Turkey	38.381	38.3607	Alessio et al. 1976; Di Nocera 2000; CalPal	Global Repositories	Woody Plants (Charcoal)	Tree/Shrub	Chronometric Only
present datasets	25.04.2025		Rome-928a	3430	50	-24.4	Arslantepe	settlement	VA			charcoal		Malatya	Turkey	38.381	38.3607	Alessio et al. 1976; Di Nocera 2000; CalPal	Global Repositories	Woody Plants (Charcoal)	Tree/Shrub	Chronometric Only
present datasets	25.04.2025		Rome-930a	3680	50	-25	Arslantepe	settlement	VID3; VI rec.			charcoal		Malatya	Turkey	38.381	38.3607	Alessio et al. 1976; Di Nocera 2000; CalPal	Global Repositories	Woody Plants (Charcoal)	Tree/Shrub	Chronometric Only
present datasets	25.04.2025		Rome-931a	4860	50	-24.5	Arslantepe	settlement	Al 1			wood		Malatya	Turkey	38.381	38.3607	Alessio et al. 1976; Di Nocera 2000; CalPal	Global Repositories	Woody Plants (Charcoal)	Tree/Shrub	Chronometric Only
present datasets	25.04.2025		Rome-932a	4790	60	-23.9	Arslantepe	settlement	A21			charcoal		Malatya	Turkey	38.381	38.3607	Alessio et al. 1976; Di Nocera 2000; CalPal	Global Repositories	Woody Plants (Charcoal)	Tree/Shrub	Chronometric Only
present datasets	25.04.2025		Rome-933a	4730	50	-24.6	Arslantepe	settlement	A21			charcoal		Malatya	Turkey	38.381	38.3607	Alessio et al. 1976; Di Nocera 2000; CalPal	Global Repositories	Woody Plants (Charcoal)	Tree/Shrub	Chronometric Only
present datasets	25.04.2025		S05/17-DSH7977	4751	31		Arslantepe	settlement	A850			grain (charred)	Triticum dicoccum	Malatya	Turkey	38.381	38.3607	Vignola et al. 2017	Global Repositories	Short-lived Plants	Cereal/Pulse/Seed	Chronometric Only
present datasets	25.04.2025		S05/17-DSH7980	4556	35		Arslantepe	settlement	A206			grain (charred)	Triticum dicoccum	Malatya	Turkey	38.381	38.3607	Vignola et al. 2017	Global Repositories	Short-lived Plants	Cereal/Pulse/Seed	Chronometric Only
present datasets	25.04.2025		S05/17-DSH7981	4679	31		Arslantepe	settlement	A849			grain (charred)	Triticum dicoccum	Malatya	Turkey	38.381	38.3607	Vignola et al. 2017	Global Repositories	Short-lived Plants	Cereal/Pulse/Seed	Chronometric Only
present datasets	25.04.2025		S05/17-DSH7982	4767	28		Arslantepe	settlement	A1397			charcoal	Juniperus	Malatya	Turkey	38.381	38.3607	Vignola et al. 2019	Global Repositories	Woody Plants (Charcoal)	Tree/Shrub	Chronometric Only
present datasets	25.04.2025	AMS	UBA-26795	4183	33		Arvalya Höyük	settlement	sample no: Eph 371/12 HK			charcoal		İzmir	Turkey	37.930931	27.306318	Stock et al. 2015	Global Repositories	Woody Plants (Charcoal)	Tree/Shrub	Chronometric Only
present datasets	25.04.2025	AMS	UBA-26796	7311	40		Arvalya Höyük	settlement	sample no: Eph 378/9HK 160			charcoal		İzmir	Turkey	37.930931	27.306318	Stock et al. 2015	Global Repositories	Woody Plants (Charcoal)	Tree/Shrub	Chronometric Only
present datasets	25.04.2025	AMS	UBA-26797	4199	38		Arvalya Höyük	settlement	sample no: Eph 371/5HK 80			charcoal		İzmir	Turkey	37.930931	27.306318	Stock et al. 2015	Global Repositories	Woody Plants (Charcoal)	Tree/Shrub	Chronometric Only
present datasets	25.04.2025	AMS	UGAMS-13058	7700	30		Arvalya Höyük	settlement	sample no: EPH 346/4HK147			charcoal		İzmir	Turkey	37.930931	27.306318	Stock et al. 2015	Global Repositories	Woody Plants (Charcoal)	Tree/Shrub	Chronometric Only
present datasets	25.04.2025		Bln-4607	6107	51	-25.4	Aşağı Pınar	settlement	Lev. 2; phase 4; 13M/44.1-4/h			charcoal		Kırklareli	Turkey	41.7217	27.2253	Harmankaya et al. 1998; Parzinger and Schwarzberg 2005; CalPal; Brami and Zanotti 2015; Reingruber an Thissen 2016; Flohr et al. 2016; TAY Project	Global Repositories	Woody Plants (Charcoal)	Tree/Shrub	Chronometric Only
present datasets	25.04.2025		Bln-4608	6305	44		Aşağı Pınar	settlement	Lev. 2; phase 4; 3M/44			charcoal		Kırklareli	Turkey	41.7217	27.2253	Harmankaya et al. 1998; Parzinger and Schwarzberg 2005; CalPal; Brami and Zanotti 2015; Reingruber an Thissen 2016; Flohr et al. 2016; TAY Project	Global Repositories	Woody Plants (Charcoal)	Tree/Shrub	Chronometric Only
present datasets	25.04.2025		Bln-4645	2767	70		Aşağı Pınar	settlement	AP93/D			charcoal		Kırklareli	Turkey	41.7217	27.2253	CalPal	Global Repositories	Woody Plants (Charcoal)	Tree/Shrub	Chronometric Only
present datasets	25.04.2025		Bln-4646	2320	42	-24	Aşağı Pınar	settlement	AP93/F			charcoal		Kırklareli	Turkey	41.7217	27.2253	CalPal	Global Repositories	Woody Plants (Charcoal)	Tree/Shrub	Chronometric Only
present datasets	25.04.2025		Bln-4702	6054	41	-25.7	Aşağı Pınar	settlement	AP3/4 ; 15K/111; phase 4			nutshell (charred)	Quercus	Kırklareli	Turkey	41.7217	27.2253	Harmankaya et al. 1998; Parzinger and Schwarzberg 2005; CalPal; Brami and Zanotti 2015; Reingruber an Thissen 2016; Flohr et al. 2016	Global Repositories	Short-lived Plants	Cereal/Pulse/Seed	Chronometric Only
present datasets	25.04.2025		Bln-4703	6342	43	-25.1	Aşağı Pınar	settlement	AP5 ; 14K/76.84; phase 5			charcoal		Kırklareli	Turkey	41.7217	27.2253	Harmankaya et al. 1998; Parzinger and Schwarzberg 2005; CalPal; Brami and Zanotti 2015; Reingruber an Thissen 2016; Flohr et al. 2016	Global Repositories	Woody Plants (Charcoal)	Tree/Shrub	Chronometric Only
present datasets	25.04.2025		Bln-4852	6260	40		Aşağı Pınar	settlement	AP4 ; 13M/88; phase 4			charcoal		Kırklareli	Turkey	41.7217	27.2253	Harmankaya et al. 1998; Parzinger and Schwarzberg 2005; CalPal; Brami and Zanotti 2015; Reingruber an Thissen 2016; Flohr et al. 2016	Global Repositories	Woody Plants (Charcoal)	Tree/Shrub	Chronometric Only
present datasets	25.04.2025		Bln-4853	6189	34	-25.8	Aşağı Pınar	settlement	AP4 ; 13M/91; phase 4			charcoal		Kırklareli	Turkey	41.7217	27.2253	Harmankaya et al. 1998; Parzinger and Schwarzberg 2005; CalPal; Brami and Zanotti 2015; Reingruber an Thissen 2016; Flohr et al. 2016	Global Repositories	Woody Plants (Charcoal)	Tree/Shrub	Chronometric Only
present datasets	25.04.2025		Bln-4854	6282	45		Aşağı Pınar	settlement	AP4/5; 12R/29; phase 4/5			charcoal		Kırklareli	Turkey	41.7217	27.2253	Harmankaya et al. 1998; Parzinger and Schwarzberg 2005; CalPal; Brami and Zanotti 2015; Reingruber an Thissen 2016; Flohr et al. 2016	Global Repositories	Woody Plants (Charcoal)	Tree/Shrub	Chronometric Only
present datasets	25.04.2025		Bln-4855	6324	46	-26	Aşağı Pınar	settlement	AP5; 12R/31; phase 5			charcoal		Kırklareli	Turkey	41.7217	27.2253	Harmankaya et al. 1998; Parzinger and Schwarzberg 2005; CalPal; Brami and Zanotti 2015; Reingruber an Thissen 2016; Flohr et al. 2016	Global Repositories	Woody Plants (Charcoal)	Tree/Shrub	Chronometric Only
present datasets	25.04.2025		Bln-4856	6341	34	-27.1	Aşağı Pınar	settlement	phase 5; 12R/33			charcoal		Kırklareli	Turkey	41.7217	27.2253	Harmankaya et al. 1998; Parzinger and Schwarzberg 2005; CalPal; Brami and Zanotti 2015; Reingruber an Thissen 2016; Flohr et al. 2016	Global Repositories	Woody Plants (Charcoal)	Tree/Shrub	Chronometric Only
present datasets	25.04.2025		Bln-4857	6364	47		Aşağı Pınar	settlement	AP5; 12R/37; phase 5			charcoal		Kırklareli	Turkey	41.7217	27.2253	Harmankaya et al. 1998; Parzinger and Schwarzberg 2005; CalPal; Brami and Zanotti 2015; Reingruber an Thissen 2016; Flohr et al. 2016	Global Repositories	Woody Plants (Charcoal)	Tree/Shrub	Chronometric Only
present datasets	25.04.2025		Bln-4858	6374	48		Aşağı Pınar	settlement	AP5; 12R/35; phase 5			charcoal		Kırklareli	Turkey	41.7217	27.2253	Reingruber and Thissen 2005; Özdogan 2007; CalPal; Brami and Zanotti 2015; Reingruber an Thissen 2016; Flohr et al. 2016	Global Repositories	Woody Plants (Charcoal)	Tree/Shrub	Chronometric Only
present datasets	25.04.2025		Bln-4859	6267	48	-26.4	Aşağı Pınar	settlement	AP4; 13M/76.1; phase 4			charcoal		Kırklareli	Turkey	41.7217	27.2253	Harmankaya et al. 1998; Parzinger and Schwarzberg 2005; CalPal; Brami and Zanotti 2015; Reingruber an Thissen 2016; Flohr et al. 2016	Global Repositories	Woody Plants (Charcoal)	Tree/Shrub	Chronometric Only
present datasets	25.04.2025		Bln-4860	6209	42	-24.6	Aşağı Pınar	settlement	AP4; 15l/194; phase 4			charcoal		Kırklareli	Turkey	41.7217	27.2253	Harmankaya et al. 1998; Parzinger and Schwarzberg 2005; CalPal; Brami and Zanotti 2015; Reingruber an Thissen 2016; Flohr et al. 2016	Global Repositories	Woody Plants (Charcoal)	Tree/Shrub	Chronometric Only
present datasets	25.04.2025		Bln-4988	6322	34	-26.3	Aşağı Pınar	settlement	AP4/5; 13M/114.4; phase 4/5			charcoal		Kırklareli	Turkey	41.7217	27.2253	Harmankaya et al. 1998; Parzinger and Schwarzberg 2005; CalPal; Brami and Zanotti 2015; Reingruber an Thissen 2016; Flohr et al. 2016	Global Repositories	Woody Plants (Charcoal)	Tree/Shrub	Chronometric Only
present datasets	25.04.2025		Bln-4992	6625	38	-25.4	Aşağı Pınar	settlement	AP6; 8P, Layer 6			charcoal		Kırklareli	Turkey	41.7217	27.2253	Reingruber and Thissen 2005; Özdogan 2007; CalPal; Brami and Zanotti 2015; Reingruber an Thissen 2016; Flohr et al. 2016	Global Repositories	Woody Plants (Charcoal)	Tree/Shrub	Chronometric Only
present datasets	25.04.2025		Bln-4996	6909	48		Aşağı Pınar	settlement	older than AP6; 8L/69			grain	Cerealia	Kırklareli	Turkey	41.7217	27.2253	Reingruber and Thissen 2005; Özdogan 2007; CalPal; Brami and Zanotti 2015; Reingruber an Thissen 2016; Flohr et al. 2016	Global Repositories	Short-lived Plants	Cereal/Pulse/Seed	Chronometric Only
present datasets	25.04.2025		Bln-4997	6781	39	-23.8	Aşağı Pınar	settlement	AP6; 8L/61-62; phase 6			grain	Cerealia	Kırklareli	Turkey	41.7217	27.2253	Reingruber and Thissen 2005; Özdogan 2007; CalPal; Brami and Zanotti 2015; Reingruber an Thissen 2016; Flohr et al. 2016	Global Repositories	Short-lived Plants	Cereal/Pulse/Seed	Chronometric Only
present datasets	25.04.2025		Bln-4998	6280	42	-26.7	Aşağı Pınar	settlement	AP 4/5; 14K/89.3.7; phase 4/5			charcoal		Kırklareli	Turkey	41.7217	27.2253	Harmankaya et al. 1998; Parzinger and Schwarzberg 2005; CalPal; Brami and Zanotti 2015; Reingruber an Thissen 2016; Flohr et al. 2016	Global Repositories	Woody Plants (Charcoal)	Tree/Shrub	Chronometric Only
present datasets	25.04.2025		Bln-4999	6212	37	-25.6	Aşağı Pınar	settlement	AP4; 7N/33.2; phase 4			charcoal		Kırklareli	Turkey	41.7217	27.2253	Harmankaya et al. 1998; Parzinger and Schwarzberg 2005; CalPal; Brami and Zanotti 2015; Reingruber an Thissen 2016; Flohr et al. 2016	Global Repositories	Woody Plants (Charcoal)	Tree/Shrub	Chronometric Only
present datasets	25.04.2025		Bln-5218	6765	29	-24.2	Aşağı Pınar	settlement	AP6; 8P,Layer 6			nutshell	Quercus	Kırklareli	Turkey	41.7217	27.2253	Reingruber and Thissen 2005; Özdogan 2007; CalPal; Brami and Zanotti 2015; Reingruber an Thissen 2016; Flohr et al. 2016	Global Repositories	Short-lived Plants	Cereal/Pulse/Seed	Chronometric Only
present datasets	25.04.2025		Bln-5219	6752	34	-23.9	Aşağı Pınar	settlement	AP6; 8P,Layer 6			grain	Cerealia	Kırklareli	Turkey	41.7217	27.2253	Reingruber and Thissen 2005; Özdogan 2007; CalPal; Brami and Zanotti 2015; Reingruber an Thissen 2016; Flohr et al. 2016	Global Repositories	Short-lived Plants	Cereal/Pulse/Seed	Chronometric Only
present datasets	25.04.2025		Bln-5699	6669	38		Aşağı Pınar	settlement	Phase 6, nd; phase 6					Kırklareli	Turkey	41.7217	27.2253	Özdogan 2007; Brami 2014; Brami and Zanotti 2015; Reingruber and Thissen 2016	Global Repositories	Indeterminate/Other	Indeterminate	Chronometric Only
present datasets	25.04.2025		Bln-5700	6663	34		Aşağı Pınar	settlement	Phase 6					Kırklareli	Turkey	41.7217	27.2253	Özdogan 2007; Brami 2014; Brami and Zanotti 2015; Reingruber and Thissen 2016	Global Repositories	Indeterminate/Other	Indeterminate	Chronometric Only
present datasets	25.04.2025		Bln-5701	6769	36		Aşağı Pınar	settlement	Phase 6					Kırklareli	Turkey	41.7217	27.2253	Özdogan 2007; Brami 2014; Brami and Zanotti 2015; Reingruber and Thissen 2016	Global Repositories	Indeterminate/Other	Indeterminate	Chronometric Only
present datasets	25.04.2025		Bln-5702	6717	39		Aşağı Pınar	settlement	Phase 6					Kırklareli	Turkey	41.7217	27.2253	Özdogan 2007; Brami 2014; Brami and Zanotti 2015; Reingruber and Thissen 2016	Global Repositories	Indeterminate/Other	Indeterminate	Chronometric Only
present datasets	25.04.2025		KIA-19257	6242	30	-23.3	Aşağı Pınar	settlement	AP3 ; 9R/66.3/B101); phase 3			grain	Cerealia	Kırklareli	Turkey	41.7217	27.2253	Harmankaya et al. 1998; Parzinger and Schwarzberg 2005; CalPal; Brami and Zanotti 2015; Reingruber an Thissen 2016; Flohr et al. 2016	Global Repositories	Short-lived Plants	Cereal/Pulse/Seed	Chronometric Only
present datasets	25.04.2025		KIA-19258	6320	30	-21	Aşağı Pınar	settlement	AP3 ; 13H/148(B44); phase 3			grain	Cerealia	Kırklareli	Turkey	41.7217	27.2253	Harmankaya et al. 1998; Parzinger and Schwarzberg 2005; CalPal; Brami and Zanotti 2015; Reingruber an Thissen 2016; Flohr et al. 2016	Global Repositories	Short-lived Plants	Cereal/Pulse/Seed	Chronometric Only
present datasets	25.04.2025		KIA-42160	6275	35		Aşağı Pınar	settlement				bone	Sus domesticus	Kırklareli	Turkey	41.7217	27.2253	Scheu 2012; Brami 2014; Brami and Zanotti 2015; Reingruber and Thissen 2016	Global Repositories	Bone/Teeth (Human/Animal)	Animal	Chronometric Only
present datasets	25.04.2025		KIA-42161	6415	30		Aşağı Pınar	settlement				bone	Sus domesticus	Kırklareli	Turkey	41.7217	27.2253	Scheu 2012; Brami 2014; Brami and Zanotti 2015	Global Repositories	Bone/Teeth (Human/Animal)	Animal	Chronometric Only
present datasets	25.04.2025		KIA-42162	6540	40		Aşağı Pınar	settlement				bone	Sus domesticus	Kırklareli	Turkey	41.7217	27.2253	Scheu 2012; Brami 2014; Brami and Zanotti 2015; Reingruber and Thissen 2016	Global Repositories	Bone/Teeth (Human/Animal)	Animal	Chronometric Only
present datasets	25.04.2025		KIA-42163	6390	30		Aşağı Pınar	settlement	AP5 ;13H/260; Layer 5			bone	animal	Kırklareli	Turkey	41.7217	27.2253	Scheu 2012; Brami 2014; Brami and Zanotti 2015; CalPal; Reingruber and Thissen 2016; Flohr et al. 2016	Global Repositories	Bone/Teeth (Human/Animal)	Animal	Chronometric Only
present datasets	25.04.2025		KIA-42164	6210	30		Aşağı Pınar	settlement	AP 4/5, 151/206			bone	animal	Kırklareli	Turkey	41.7217	27.2253	Scheu 2012; Brami 2014; Brami and Zanotti 2015; CalPal; Reingruber and Thissen 2016; Flohr et al. 2016	Global Repositories	Bone/Teeth (Human/Animal)	Animal	Chronometric Only
present datasets	25.04.2025		MAMS-15886	6886	28		Aşağı Pınar	settlement	Phase AP7/8?, Ditch/middle					Kırklareli	Turkey	41.7217	27.2253	Reingruber and Thissen 2016	Global Repositories	Indeterminate/Other	Indeterminate	Chronometric Only
present datasets	25.04.2025		MAMS-15888	6826	26		Aşağı Pınar	settlement	Phase AP7/8?, Pit-ditch/bottom					Kırklareli	Turkey	41.7217	27.2253	Reingruber and Thissen 2016	Global Repositories	Indeterminate/Other	Indeterminate	Chronometric Only
present datasets	25.04.2025		MAMS-15889	6806	27		Aşağı Pınar	settlement	Phase AP7/8?, Ditch/middle					Kırklareli	Turkey	41.7217	27.2253	Reingruber and Thissen 2016	Global Repositories	Indeterminate/Other	Indeterminate	Chronometric Only
present datasets	25.04.2025		MAMS-15890	6852	27		Aşağı Pınar	settlement	Phase AP7/8?, Pit-ditch/bottom					Kırklareli	Turkey	41.7217	27.2253	Reingruber and Thissen 2016	Global Repositories	Indeterminate/Other	Indeterminate	Chronometric Only
present datasets	25.04.2025		MAMS-15891	6734	27		Aşağı Pınar	settlement	Phase AP7/8?, Pit-ditch/bottom					Kırklareli	Turkey	41.7217	27.2253	Reingruber and Thissen 2016	Global Repositories	Indeterminate/Other	Indeterminate	Chronometric Only
present datasets	25.04.2025		MAMS-15892	6819	26		Aşağı Pınar	settlement	Phase AP7/8?, Pit-ditch/bottom					Kırklareli	Turkey	41.7217	27.2253	Reingruber and Thissen 2016	Global Repositories	Indeterminate/Other	Indeterminate	Chronometric Only
present datasets	25.04.2025		MAMS-15893	6865	27		Aşağı Pınar	settlement	Phase AP7/8?, Ditch/middle-bottom					Kırklareli	Turkey	41.7217	27.2253	Reingruber and Thissen 2016	Global Repositories	Indeterminate/Other	Indeterminate	Chronometric Only
present datasets	25.04.2025		MAMS-15894	6842	26		Aşağı Pınar	settlement	Phase AP7/8?, Ditch/uppermost					Kırklareli	Turkey	41.7217	27.2253	Reingruber and Thissen 2016	Global Repositories	Indeterminate/Other	Indeterminate	Chronometric Only
present datasets	25.04.2025		MAMS-15895	6908	27		Aşağı Pınar	settlement	Phase AP7/8?, Ditch/upper					Kırklareli	Turkey	41.7217	27.2253	Reingruber and Thissen 2016	Global Repositories	Indeterminate/Other	Indeterminate	Chronometric Only
present datasets	25.04.2025		MAMS-15896	6682	29		Aşağı Pınar	settlement	Phase AP7/8?, Ditch/bottom					Kırklareli	Turkey	41.7217	27.2253	Reingruber and Thissen 2016	Global Repositories	Indeterminate/Other	Indeterminate	Chronometric Only
present datasets	25.04.2025		AA-100674	9650	60		Aşıklı Höyük	settlement	phase 3, Trench 2J, Unit 551, Feature 332, Building 18,  h=9.01 m			charcoal		Aksaray	Turkey	38.3492	34.2298	Brami and Zanotti 2015	Global Repositories	Woody Plants (Charcoal)	Tree/Shrub	Chronometric Only
present datasets	25.04.2025		AA-100684	8820	50		Aşıklı Höyük	settlement	phase 3/4, Trench 4GH, Unit 249, Feature nd, h=8.52 m			dung		Aksaray	Turkey	38.3492	34.2298	Brami and Zanotti 2015	Global Repositories	Anthropic/Residues	Organic Residue/Artifact	Chronometric Only
present datasets	25.04.2025		AA-100687	9050	50		Aşıklı Höyük	settlement	phase 4, Trench 4GH, Unit 227, Feature 73, h=11.46 m			charcoal		Aksaray	Turkey	38.3492	34.2298	Brami and Zanotti 2015	Global Repositories	Woody Plants (Charcoal)	Tree/Shrub	Chronometric Only
present datasets	25.04.2025		AA-100690	8960	50		Aşıklı Höyük	settlement	phase 4, Trench 4GH, Unit 255, Feature 84, Building 1, h=10.73 m			charcoal		Aksaray	Turkey	38.3492	34.2298	Brami and Zanotti 2015	Global Repositories	Woody Plants (Charcoal)	Tree/Shrub	Chronometric Only
present datasets	25.04.2025		AA-101168	9120	50		Aşıklı Höyük	settlement	phase 4, Trench 4GH, Unit 251, Feature nd, h=11.69 m			charcoal		Aksaray	Turkey	38.3492	34.2298	Brami and Zanotti 2015	Global Repositories	Woody Plants (Charcoal)	Tree/Shrub	Chronometric Only
present datasets	25.04.2025		AA-101170	9600	50		Aşıklı Höyük	settlement	phase 3, Trench 4GH, Unit 584, Feature nd, h=11.67 m			charcoal		Aksaray	Turkey	38.3492	34.2298	Brami and Zanotti 2015	Global Repositories	Woody Plants (Charcoal)	Tree/Shrub	Chronometric Only
present datasets	25.04.2025		AA-101172	8900	50		Aşıklı Höyük	settlement	phase 3, Trench 2J, Unit 584, Feature nd, h=10.31 m			charcoal		Aksaray	Turkey	38.3492	34.2298	Brami and Zanotti 2015	Global Repositories	Woody Plants (Charcoal)	Tree/Shrub	Chronometric Only
present datasets	25.04.2025		AA-101173	8870	50		Aşıklı Höyük	settlement	phase 3, Trench 2J, Unit 584, Feature nd, h=10.31 m			dung		Aksaray	Turkey	38.3492	34.2298	Brami and Zanotti 2015	Global Repositories	Anthropic/Residues	Organic Residue/Artifact	Chronometric Only
present datasets	25.04.2025		AA-101176	8900	50		Aşıklı Höyük	settlement	phase 3, Trench 2J, Unit 598, Feature nd, h=10.31 m			charcoal		Aksaray	Turkey	38.3492	34.2298	Brami and Zanotti 2015	Global Repositories	Woody Plants (Charcoal)	Tree/Shrub	Chronometric Only
present datasets	25.04.2025		AA-101177	9010	50		Aşıklı Höyük	settlement	phase 3, Trench 2J, Unit 598, Feature nd, h=10.14 m			charcoal		Aksaray	Turkey	38.3492	34.2298	Brami and Zanotti 2015	Global Repositories	Woody Plants (Charcoal)	Tree/Shrub	Chronometric Only
present datasets	25.04.2025		AA-101178	8710	50		Aşıklı Höyük	settlement	phase 3, Trench 2J, Unit 587, Feature 372, Building 18, h=9.91 m			charcoal		Aksaray	Turkey	38.3492	34.2298	Brami and Zanotti 2015	Global Repositories	Woody Plants (Charcoal)	Tree/Shrub	Chronometric Only
present datasets	25.04.2025		AA-101180	8860	50		Aşıklı Höyük	settlement	phase 2/3, Trench 2J, Unit 570, Feature 331,  Building 17, h=8.49 m			charcoal		Aksaray	Turkey	38.3492	34.2298	Brami and Zanotti 2015	Global Repositories	Woody Plants (Charcoal)	Tree/Shrub	Chronometric Only
present datasets	25.04.2025		AA-101181	8720	50		Aşıklı Höyük	settlement	phase 3, Trench 2J, Unit 585, Feature 366, Building 20, h=10.80  m			charcoal		Aksaray	Turkey	38.3492	34.2298	Brami and Zanotti 2015	Global Repositories	Woody Plants (Charcoal)	Tree/Shrub	Chronometric Only
present datasets	25.04.2025		AA-101182	8830	50		Aşıklı Höyük	settlement	phase 3, Trench 2J, Unit 570, Feature 371,  h=8.84 m			charcoal		Aksaray	Turkey	38.3492	34.2298	Brami and Zanotti 2015	Global Repositories	Woody Plants (Charcoal)	Tree/Shrub	Chronometric Only
present datasets	25.04.2025		AA-101183	8790	50		Aşıklı Höyük	settlement	phase 3, Trench 2J, Unit 550, Feature 331, h=8.84 m			charcoal		Aksaray	Turkey	38.3492	34.2298	Brami and Zanotti 2015	Global Repositories	Woody Plants (Charcoal)	Tree/Shrub	Chronometric Only
present datasets	25.04.2025		AA-101860	8870	50		Aşıklı Höyük	settlement	phase 4, Trench 4GH, Unit 157, Feature 53, Building 6, h=12.39 m			charcoal		Aksaray	Turkey	38.3492	34.2298	Brami and Zanotti 2015	Global Repositories	Woody Plants (Charcoal)	Tree/Shrub	Chronometric Only
present datasets	25.04.2025		AA-101862	9020	50		Aşıklı Höyük	settlement	phase 4, Trench 4GH, Unit 227, Feature 73, h=11.46 m			charcoal		Aksaray	Turkey	38.3492	34.2298	Brami and Zanotti 2015	Global Repositories	Woody Plants (Charcoal)	Tree/Shrub	Chronometric Only
present datasets	25.04.2025		AA-87955	8770	40		Aşıklı Höyük	settlement	Phase 3 (Middle level), Trench 4GH refuse, hearth rake-out			charcoal		Aksaray	Turkey	38.3492	34.2298	Quade et al. 2014; Reingruber and Thissen 2016	Global Repositories	Woody Plants (Charcoal)	Tree/Shrub	Chronometric Only
present datasets	25.04.2025		AA-87956	8760	20		Aşıklı Höyük	settlement	Phase 3 (Lower level), Trench 4GH refuse, hearth rake-out			charcoal		Aksaray	Turkey	38.3492	34.2298	Quade et al. 2014; Reingruber and Thissen 2016	Global Repositories	Woody Plants (Charcoal)	Tree/Shrub	Chronometric Only
present datasets	25.04.2025		AA-87957	8850	30		Aşıklı Höyük	settlement	Phase 3 (Upper level), Trench 4GH refuse/dung			charcoal		Aksaray	Turkey	38.3492	34.2298	Quade et al. 2014; Reingruber and Thissen 2016	Global Repositories	Woody Plants (Charcoal)	Tree/Shrub	Chronometric Only
present datasets	25.04.2025		AA-87958	8770	30		Aşıklı Höyük	settlement	Phase 3 (Upper level), Trench 4GH refuse, hearth rake-out			charcoal		Aksaray	Turkey	38.3492	34.2298	Quade et al. 2014; Reingruber and Thissen 2016	Global Repositories	Woody Plants (Charcoal)	Tree/Shrub	Chronometric Only
present datasets	25.04.2025		AA-87959	8720	20		Aşıklı Höyük	settlement	Phase 2 (Lower level), Trench 4GH refuse, hearth rake-out			charcoal		Aksaray	Turkey	38.3492	34.2298	Quade et al. 2014; Reingruber and Thissen 2016	Global Repositories	Woody Plants (Charcoal)	Tree/Shrub	Chronometric Only
present datasets	25.04.2025		AA-87960	8780	40		Aşıklı Höyük	settlement	Phase 3 (Basal level), Trench 4GH refuse, hearth rake-out			charcoal		Aksaray	Turkey	38.3492	34.2298	Quade et al. 2014; Reingruber and Thissen 2016	Global Repositories	Woody Plants (Charcoal)	Tree/Shrub	Chronometric Only
present datasets	25.04.2025		AA-87961	8910	40		Aşıklı Höyük	settlement	Phase 3 (Middle level), Trench 4GH refuse, hearth rake-out			charcoal		Aksaray	Turkey	38.3492	34.2298	Quade et al. 2014; Reingruber and Thissen 2016	Global Repositories	Woody Plants (Charcoal)	Tree/Shrub	Chronometric Only
present datasets	25.04.2025		AA-87962	8830	40		Aşıklı Höyük	settlement	Phase 4 (Upper level), Trench 4GH south section			charcoal		Aksaray	Turkey	38.3492	34.2298	Quade et al. 2014; Reingruber and Thissen 2016	Global Repositories	Woody Plants (Charcoal)	Tree/Shrub	Chronometric Only
present datasets	25.04.2025		AA-87975	8790	20		Aşıklı Höyük	settlement	Phase 4 (Upper level), Trench 4GH south section			seed (silicified)	Celtis	Aksaray	Turkey	38.3492	34.2298	Quade et al. 2014; Reingruber and Thissen 2016	Global Repositories	Short-lived Plants	Cereal/Pulse/Seed	Chronometric Only
present datasets	25.04.2025		AA-87976	8690	20		Aşıklı Höyük	settlement	Phase 3 (Basal level), Trench 4GH refuse/midden			seed (silicified)	Celtis	Aksaray	Turkey	38.3492	34.2298	Quade et al. 2014; Reingruber and Thissen 2016	Global Repositories	Short-lived Plants	Cereal/Pulse/Seed	Chronometric Only
present datasets	25.04.2025		AA-87979	8760	40		Aşıklı Höyük	settlement	Phase 3 (Basal level), Trench 4GH refuse, hearth rake-out			charcoal		Aksaray	Turkey	38.3492	34.2298	Quade et al. 2014; Reingruber and Thissen 2016	Global Repositories	Woody Plants (Charcoal)	Tree/Shrub	Chronometric Only
present datasets	25.04.2025		AA-87980	8770	20		Aşıklı Höyük	settlement	Phase 3 (Upper level), Trench 4GH refuse/dung			seed (silicified)	Celtis	Aksaray	Turkey	38.3492	34.2298	Quade et al. 2014; Reingruber and Thissen 2016	Global Repositories	Short-lived Plants	Cereal/Pulse/Seed	Chronometric Only
present datasets	25.04.2025		AA-87981	8570	40		Aşıklı Höyük	settlement	Phase 2 (Lower level), Trench 4GH refuse/midden			seed (silicified)	Celtis	Aksaray	Turkey	38.3492	34.2298	Quade et al. 2014; Reingruber and Thissen 2016	Global Repositories	Short-lived Plants	Cereal/Pulse/Seed	Chronometric Only
present datasets	25.04.2025		AA-87982	8640	30		Aşıklı Höyük	settlement	Phase 3 (Upper level), Trench 4GH refuse/midden			seed (silicified)	Celtis	Aksaray	Turkey	38.3492	34.2298	Quade et al. 2014; Reingruber and Thissen 2016	Global Repositories	Short-lived Plants	Cereal/Pulse/Seed	Chronometric Only
present datasets	25.04.2025		AA-87983	8560	40		Aşıklı Höyük	settlement	Phase 3 (Middle level), Trench 4GH refuse/midden			seed (silicified)	Celtis	Aksaray	Turkey	38.3492	34.2298	Quade et al. 2014; Reingruber and Thissen 2016	Global Repositories	Short-lived Plants	Cereal/Pulse/Seed	Chronometric Only
present datasets	25.04.2025		AA-87985	8690	20		Aşıklı Höyük	settlement	Phase 3 (Basal level), Trench 4GH refuse/midden			seed (silicified)	Celtis	Aksaray	Turkey	38.3492	34.2298	Quade et al. 2014; Reingruber and Thissen 2016	Global Repositories	Short-lived Plants	Cereal/Pulse/Seed	Chronometric Only
present datasets	25.04.2025		AA-87986	8570	20		Aşıklı Höyük	settlement	Phase 3 (Lower level), Trench 4GH refuse/midden			seed (silicified)	Celtis	Aksaray	Turkey	38.3492	34.2298	Quade et al. 2014; Reingruber and Thissen 2016	Global Repositories	Short-lived Plants	Cereal/Pulse/Seed	Chronometric Only
present datasets	25.04.2025		AA-87987	8670	30		Aşıklı Höyük	settlement	Phase 3 (Middle level), Trench 4GH refuse/midden			seed (silicified)	Celtis	Aksaray	Turkey	38.3492	34.2298	Quade et al. 2014; Reingruber and Thissen 2016	Global Repositories	Short-lived Plants	Cereal/Pulse/Seed	Chronometric Only
present datasets	25.04.2025		AA-96470	8930	50		Aşıklı Höyük	settlement	phase 4, Trench 4GH, Unit 149, Feature 49, Building 6,  h=12.52 m			charcoal		Aksaray	Turkey	38.3492	34.2298	Brami and Zanotti 2015	Global Repositories	Woody Plants (Charcoal)	Tree/Shrub	Chronometric Only
present datasets	25.04.2025		AA-96733	8860	50		Aşıklı Höyük	settlement	phase 4, Trench 4GH, Unit 154, Feature 51, h=11.35 m			charcoal		Aksaray	Turkey	38.3492	34.2298	Brami and Zanotti 2015	Global Repositories	Woody Plants (Charcoal)	Tree/Shrub	Chronometric Only
present datasets	25.04.2025		AA-96734	8880	50		Aşıklı Höyük	settlement	phase 4, Trench 4GH, Unit 149, Feature 49, Building 6, h=12.51 m			charcoal		Aksaray	Turkey	38.3492	34.2298	Brami and Zanotti 2015	Global Repositories	Woody Plants (Charcoal)	Tree/Shrub	Chronometric Only
present datasets	25.04.2025		AA-97666	8660	50		Aşıklı Höyük	settlement	phase 4, Trench 4GH, Unit 105, Feature 32, Building 3,h=11.19 m			seed		Aksaray	Turkey	38.3492	34.2298	Brami and Zanotti 2015	Global Repositories	Short-lived Plants	Cereal/Pulse/Seed	Chronometric Only
present datasets	25.04.2025		GrN-18617	8730	45		Aşıklı Höyük	settlement	Phase: 2C-A;Deepsounding grids 4G-H, Square 4H-G, room E			charcoal		Aksaray	Turkey	38.3492	34.2298	Esin 1995; Erdoğu 2003; Brami and Zanotti 2015; Reninbruger and Thissen 2016; CalPal; Flohr et al. 2016	Global Repositories	Woody Plants (Charcoal)	Tree/Shrub	Chronometric Only
present datasets	25.04.2025		GrN-18618	8725	50		Aşıklı Höyük	settlement	Phase: 2C-A;North quarter (North of road GA), Square 3J, room I, 4-5/g			charcoal		Aksaray	Turkey	38.3492	34.2298	Esin 1995; Erdoğu 2003; Brami and Zanotti 2015; Reninbruger and Thissen 2016; CalPal; Flohr et al. 2016	Global Repositories	Woody Plants (Charcoal)	Tree/Shrub	Chronometric Only
present datasets	25.04.2025		GrN-18619	8610	55		Aşıklı Höyük	settlement	Phase: 2C-A;Southwest quarter (South of road GA), Square 2R, room AA, 9/a-b			charcoal		Aksaray	Turkey	38.3492	34.2298	Esin 1995; Erdoğu 2003; Brami and Zanotti 2015; Reninbruger and Thissen 2016; CalPal; Flohr et al. 2016	Global Repositories	Woody Plants (Charcoal)	Tree/Shrub	Chronometric Only
present datasets	25.04.2025		GrN-18620	8720	55		Aşıklı Höyük	settlement	Phase: 2C-A;North quarter (North of road GA), Square 3J, room  AM, 2/h-i			charcoal		Aksaray	Turkey	38.3492	34.2298	Esin 1995; Erdoğu 2003; Brami and Zanotti 2015; Reninbruger and Thissen 2016; CalPal; Flohr et al. 2016	Global Repositories	Woody Plants (Charcoal)	Tree/Shrub	Chronometric Only
present datasets	25.04.2025		GrN-19114	8515	40		Aşıklı Höyük	settlement	Phase: 2C-A;North quarter (North of road GA),  Square 5L, room  CY,  6/e			charcoal		Aksaray	Turkey	38.3492	34.2298	Esin 1995; Erdoğu 2003; Brami and Zanotti 2015; Reninbruger and Thissen 2016; CalPal; Flohr et al. 2016	Global Repositories	Woody Plants (Charcoal)	Tree/Shrub	Chronometric Only
present datasets	25.04.2025		GrN-19115	8710	100		Aşıklı Höyük	settlement	Phase: 2C-A;North quarter (North of road GA),  Square 4J, room EN, 8/k			charcoal		Aksaray	Turkey	38.3492	34.2298	Esin 1995; Erdoğu 2003; Brami and Zanotti 2015; Reninbruger and Thissen 2016; CalPal; Flohr et al. 2016	Global Repositories	Woody Plants (Charcoal)	Tree/Shrub	Chronometric Only
present datasets	25.04.2025		GrN-19116	8920	50		Aşıklı Höyük	settlement	Phase: 2C-A;North quarter (North of road GA),  Square 2J, room FF (on steep W-slope),  6/b			charcoal		Aksaray	Turkey	38.3492	34.2298	Esin 1995; Erdoğu 2003; Brami and Zanotti 2015; Reninbruger and Thissen 2016; CalPal; Flohr et al. 2016	Global Repositories	Woody Plants (Charcoal)	Tree/Shrub	Chronometric Only
present datasets	25.04.2025		GrN-19117	8710	130		Aşıklı Höyük	settlement	Phase: 2C-A;North quarter (North of road GA), Square 2K, room AN, 10/c			charcoal		Aksaray	Turkey	38.3492	34.2298	Esin 1995; Erdoğu 2003; Brami and Zanotti 2015; Reninbruger and Thissen 2016; CalPal; Flohr et al. 2016	Global Repositories	Woody Plants (Charcoal)	Tree/Shrub	Chronometric Only
present datasets	25.04.2025		GrN-19118	8760	45		Aşıklı Höyük	settlement	Phase: 2C-A;North quarter (North of road GA),  Square 2K, room AN, 10/c			charcoal		Aksaray	Turkey	38.3492	34.2298	Esin 1995; Erdoğu 2003; Brami and Zanotti 2015; Reninbruger and Thissen 2016; CalPal; Flohr et al. 2016	Global Repositories	Woody Plants (Charcoal)	Tree/Shrub	Chronometric Only
present datasets	25.04.2025		GrN-19119	8760	40		Aşıklı Höyük	settlement	Phase: 2C-A;North quarter (North of road GA), Square 2K, room AN			charcoal		Aksaray	Turkey	38.3492	34.2298	Esin 1995; Erdoğu 2003; Brami and Zanotti 2015; Reninbruger and Thissen 2016; CalPal; Flohr et al. 2016	Global Repositories	Woody Plants (Charcoal)	Tree/Shrub	Chronometric Only
present datasets	25.04.2025		GrN-19120	8815	70		Aşıklı Höyük	settlement	Phase: 2C-A;North quarter (North of road GA), Square 2K, room AN, 9/b			charcoal		Aksaray	Turkey	38.3492	34.2298	Esin 1995; Erdoğu 2003; Brami and Zanotti 2015; Reninbruger and Thissen 2016; CalPal; Flohr et al. 2016	Global Repositories	Woody Plants (Charcoal)	Tree/Shrub	Chronometric Only
present datasets	25.04.2025		GrN-19121	8590	80		Aşıklı Höyük	settlement	Phase: 2C-A;North quarter (North of road GA), Square 2K, room AN `under the wall´, G			charcoal		Aksaray	Turkey	38.3492	34.2298	Esin 1995; Erdoğu 2003; Brami and Zanotti 2015; Reninbruger and Thissen 2016; CalPal; Flohr et al. 2016	Global Repositories	Woody Plants (Charcoal)	Tree/Shrub	Chronometric Only
present datasets	25.04.2025		GrN-19358	8550	70		Aşıklı Höyük	settlement	Phase: 2B/2C;Deepsounding grids 4G-H, Square 4 H,  dump/workshop area S, 8/d			charcoal		Aksaray	Turkey	38.3492	34.2298	Esin 1995; Erdoğu 2003; Brami and Zanotti 2015; Reninbruger and Thissen 2016; CalPal; Flohr et al. 2016	Global Repositories	Woody Plants (Charcoal)	Tree/Shrub	Chronometric Only
present datasets	25.04.2025		GrN-19359	8570	70		Aşıklı Höyük	settlement	Phase: 2B/2C;Deepsounding grids 4G-H, Square 4H,  dump/workshop area S, 10/e			charcoal		Aksaray	Turkey	38.3492	34.2298	Esin 1995; Erdoğu 2003; Brami and Zanotti 2015; Reninbruger and Thissen 2016; CalPal; Flohr et al. 2016	Global Repositories	Woody Plants (Charcoal)	Tree/Shrub	Chronometric Only
present datasets	25.04.2025		GrN-19360	8695	25		Aşıklı Höyük	settlement	Phase: 2B/2C;Deepsounding grids 4G-H, Square 4H, room  C (fire place), 7			charcoal		Aksaray	Turkey	38.3492	34.2298	Esin 1995; Erdoğu 2003; Brami and Zanotti 2015; Reninbruger and Thissen 2016; CalPal; Flohr et al. 2016	Global Repositories	Woody Plants (Charcoal)	Tree/Shrub	Chronometric Only
present datasets	25.04.2025		GrN-19361	8595	60		Aşıklı Höyük	settlement	Phase: 2C-A;North quarter (North of road GA), Square 6J, room GD, 7/b			charcoal		Aksaray	Turkey	38.3492	34.2298	Esin 1995; Erdoğu 2003; Brami and Zanotti 2015; Reninbruger and Thissen 2016; CalPal; Flohr et al. 2016	Global Repositories	Woody Plants (Charcoal)	Tree/Shrub	Chronometric Only
present datasets	25.04.2025		GrN-19362	8630	30		Aşıklı Höyük	settlement	Phase: 2C-A;North quarter (North of road GA), Square 6J, room GD, 8-9/c			charcoal		Aksaray	Turkey	38.3492	34.2298	Esin 1995; Erdoğu 2003; Brami and Zanotti 2015; Reninbruger and Thissen 2016; CalPal; Flohr et al. 2016	Global Repositories	Woody Plants (Charcoal)	Tree/Shrub	Chronometric Only
present datasets	25.04.2025		GrN-19363	8675	25		Aşıklı Höyük	settlement	Phase: 2B/2C;Deepsounding grids 4G-H, Square 4H, room C, 1/g			charcoal		Aksaray	Turkey	38.3492	34.2298	Esin 1995; Erdoğu 2003; Brami and Zanotti 2015; Reninbruger and Thissen 2016; CalPal; Flohr et al. 2016	Global Repositories	Woody Plants (Charcoal)	Tree/Shrub	Chronometric Only
present datasets	25.04.2025		GrN-19364	8585	45		Aşıklı Höyük	settlement	Phase: 2C-A;Southwest quarter (South of road GA), Square 3P, area HK, 2/d			charcoal		Aksaray	Turkey	38.3492	34.2298	Esin 1995; Erdoğu 2003; Brami and Zanotti 2015; Reninbruger and Thissen 2016; CalPal; Flohr et al. 2016	Global Repositories	Woody Plants (Charcoal)	Tree/Shrub	Chronometric Only
present datasets	25.04.2025		GrN-19365	8420	30		Aşıklı Höyük	settlement	Phase: 2C-A;Southwest quarter (South of road GA), Square 3P, court HG, 2/e			charcoal		Aksaray	Turkey	38.3492	34.2298	Esin 1995; Erdoğu 2003; Brami and Zanotti 2015; Reninbruger and Thissen 2016; CalPal; Flohr et al. 2016	Global Repositories	Woody Plants (Charcoal)	Tree/Shrub	Chronometric Only
present datasets	25.04.2025		GrN-19366	8400	40		Aşıklı Höyük	settlement	Phase: 2C-A;Southwest quarter (South of road GA), Square 3P, court HG, 5/d-e			charcoal		Aksaray	Turkey	38.3492	34.2298	Esin 1995; Erdoğu 2003; Brami and Zanotti 2015; Reninbruger and Thissen 2016; CalPal; Flohr et al. 2016	Global Repositories	Woody Plants (Charcoal)	Tree/Shrub	Chronometric Only
present datasets	25.04.2025		GrN-19858	8770	90		Aşıklı Höyük	settlement	Phase: 2D/2E;Deepsounding grids 4G-H, Square 4H,  dump/workshop area JY, 7-9/c			charcoal		Aksaray	Turkey	38.3492	34.2298	Esin 1995; Erdoğu 2003; Brami and Zanotti 2015; Reninbruger and Thissen 2016; CalPal; Flohr et al. 2016	Global Repositories	Woody Plants (Charcoal)	Tree/Shrub	Chronometric Only
present datasets	25.04.2025		GrN-19860	8720	50		Aşıklı Höyük	settlement	Phase: 2C-A;North quarter (North of road GA), Square 7J, open area JA, 6/i			charcoal		Aksaray	Turkey	38.3492	34.2298	Esin 1995; Erdoğu 2003; Brami and Zanotti 2015; Reninbruger and Thissen 2016; CalPal; Flohr et al. 2016	Global Repositories	Woody Plants (Charcoal)	Tree/Shrub	Chronometric Only
present datasets	25.04.2025		GrN-19861	8670	60		Aşıklı Höyük	settlement	Phase: 2C-A;North quarter (North of road GA),  Square 7J, open area JA, 3/g			charcoal		Aksaray	Turkey	38.3492	34.2298	Esin 1995; Erdoğu 2003; Brami and Zanotti 2015; Reninbruger and Thissen 2016; CalPal; Flohr et al. 2016	Global Repositories	Woody Plants (Charcoal)	Tree/Shrub	Chronometric Only
present datasets	25.04.2025		GrN-19862	8580	50		Aşıklı Höyük	settlement	Phase: 2C-A;Southwest quarter (South of road GA), Square 3P, area HK, 1-3/b-c			charcoal		Aksaray	Turkey	38.3492	34.2298	Esin 1995; Erdoğu 2003; Brami and Zanotti 2015; Reninbruger and Thissen 2016; CalPal; Flohr et al. 2016	Global Repositories	Woody Plants (Charcoal)	Tree/Shrub	Chronometric Only
present datasets	25.04.2025		GrN-19863	8640	20		Aşıklı Höyük	settlement	Phase: 2C-A;North quarter (North of road GA), Square 7L, open area JA, 5-6/b			charcoal		Aksaray	Turkey	38.3492	34.2298	Esin 1995; Erdoğu 2003; Brami and Zanotti 2015; Reninbruger and Thissen 2016; CalPal; Flohr et al. 2016	Global Repositories	Woody Plants (Charcoal)	Tree/Shrub	Chronometric Only
present datasets	25.04.2025		GrN-19865	8880	70		Aşıklı Höyük	settlement	Phase: 2D/2E;Deepsounding grids 4G-H, Square 4H,  dump/workshop area JY			charcoal		Aksaray	Turkey	38.3492	34.2298	Esin 1995; Erdoğu 2003; Brami and Zanotti 2015; Reninbruger and Thissen 2016; CalPal; Flohr et al. 2016	Global Repositories	Woody Plants (Charcoal)	Tree/Shrub	Chronometric Only
present datasets	25.04.2025		GrN-19866	8560	40		Aşıklı Höyük	settlement	Phase: 2D/2E;Deepsounding grids 4G-H, Square 4H, room JV, 2/e			charcoal		Aksaray	Turkey	38.3492	34.2298	Esin 1995; Erdoğu 2003; Brami and Zanotti 2015; Reninbruger and Thissen 2016; CalPal; Flohr et al. 2016	Global Repositories	Woody Plants (Charcoal)	Tree/Shrub	Chronometric Only
present datasets	25.04.2025		GrN-19867	8630	50		Aşıklı Höyük	settlement	Phase: 2C-A;Southwest quarter (South of road GA), Square 2R, room LS, 7/g			charcoal		Aksaray	Turkey	38.3492	34.2298	Esin 1995; Erdoğu 2003; Brami and Zanotti 2015; Reninbruger and Thissen 2016; CalPal; Flohr et al. 2016	Global Repositories	Woody Plants (Charcoal)	Tree/Shrub	Chronometric Only
present datasets	25.04.2025		GrN-19868	8530	110		Aşıklı Höyük	settlement	Phase: 2C-A;North quarter (North of road GA), Square 7J, open area JA, 21			charcoal		Aksaray	Turkey	38.3492	34.2298	Esin 1995; Erdoğu 2003; Brami and Zanotti 2015; Reninbruger and Thissen 2016; CalPal; Flohr et al. 2016	Global Repositories	Woody Plants (Charcoal)	Tree/Shrub	Chronometric Only
present datasets	25.04.2025		GrN-19869	8740	70		Aşıklı Höyük	settlement	Phase: 2C-A;Southwest quarter (South of road GA), Square6O, room LB, 6-7/b			charcoal		Aksaray	Turkey	38.3492	34.2298	Esin 1995; Erdoğu 2003; Brami and Zanotti 2015; Reninbruger and Thissen 2016; CalPal; Flohr et al. 2016	Global Repositories	Woody Plants (Charcoal)	Tree/Shrub	Chronometric Only
present datasets	25.04.2025		GrN-19870	8720	80		Aşıklı Höyük	settlement	Phase: 2C-A;North quarter (North of road GA), Square 6N, room KY, 5-8/b-e			charcoal		Aksaray	Turkey	38.3492	34.2298	Esin 1995; Erdoğu 2003; Brami and Zanotti 2015; Reninbruger and Thissen 2016; CalPal; Flohr et al. 2016	Global Repositories	Woody Plants (Charcoal)	Tree/Shrub	Chronometric Only
present datasets	25.04.2025		GrN-20041	8575	20		Aşıklı Höyük	settlement	Phase: 2C-A;North quarter (North of road GA), Square 6N, room KY, 5-8/b-e			charcoal		Aksaray	Turkey	38.3492	34.2298	Esin 1995; Erdoğu 2003; Brami and Zanotti 2015; Reninbruger and Thissen 2016; CalPal; Flohr et al. 2016	Global Repositories	Woody Plants (Charcoal)	Tree/Shrub	Chronometric Only
present datasets	25.04.2025		GrN-20349	8840	50		Aşıklı Höyük	settlement	2H or 2G; phase 2H or 2G, square 4H, room MS			charcoal		Aksaray	Turkey	38.3492	34.2298	Esin 1995; Erdoğu 2003; Brami and Zanotti 2015; Reninbruger and Thissen 2016; CalPal; Flohr et al. 2016	Global Repositories	Woody Plants (Charcoal)	Tree/Shrub	Chronometric Only
present datasets	25.04.2025		GrN-20351	8670	40		Aşıklı Höyük	settlement	2C-A; phase 2C-A, North quarter; square 5J, room BI			charcoal		Aksaray	Turkey	38.3492	34.2298	Esin 1995; Erdoğu 2003; Brami and Zanotti 2015; Reninbruger and Thissen 2016; CalPal; Flohr et al. 2016	Global Repositories	Woody Plants (Charcoal)	Tree/Shrub	Chronometric Only
present datasets	25.04.2025		GrN-20352	8720	40		Aşıklı Höyük	settlement	2C-A; phase 2C-A, North quarter; square 4K, room CK			charcoal		Aksaray	Turkey	38.3492	34.2298	Esin 1995; Erdoğu 2003; Brami and Zanotti 2015; Reninbruger and Thissen 2016; CalPal; Flohr et al. 2016	Global Repositories	Woody Plants (Charcoal)	Tree/Shrub	Chronometric Only
present datasets	25.04.2025		GrN-20353	8740	60		Aşıklı Höyük	settlement	Phase: 2G/2H;Deepsounding grids 4G-H, Square 4G, room MS; phase 2F or 2G, square 4G, room MS			charcoal		Aksaray	Turkey	38.3492	34.2298	Esin 1995; Erdoğu 2003; Brami and Zanotti 2015; Reninbruger and Thissen 2016; CalPal; Flohr et al. 2016	Global Repositories	Woody Plants (Charcoal)	Tree/Shrub	Chronometric Only
present datasets	25.04.2025		GrN-20354	8710	70		Aşıklı Höyük	settlement	2C-A; phase 2C-A, North quarter; square 4J, room EN			charcoal		Aksaray	Turkey	38.3492	34.2298	Esin 1995; Erdoğu 2003; Brami and Zanotti 2015; Reninbruger and Thissen 2016; CalPal; Flohr et al. 2016	Global Repositories	Woody Plants (Charcoal)	Tree/Shrub	Chronometric Only
present datasets	25.04.2025		GrN-20355	8550	60		Aşıklı Höyük	settlement	2C-A; phase 2C-A, Southwest quarter; square 3R, room NM			charcoal		Aksaray	Turkey	38.3492	34.2298	Esin 1995; Erdoğu 2003; Brami and Zanotti 2015; Reninbruger and Thissen 2016; CalPal; Flohr et al. 2016	Global Repositories	Woody Plants (Charcoal)	Tree/Shrub	Chronometric Only
present datasets	25.04.2025		GrN-20356	8560	60		Aşıklı Höyük	settlement	2C-A; phase 2C-A, East of enclosure wall; square 14A-B, room NV			charcoal		Aksaray	Turkey	38.3492	34.2298	Esin 1995; Erdoğu 2003; Brami and Zanotti 2015; Reninbruger and Thissen 2016; CalPal; Flohr et al. 2016	Global Repositories	Woody Plants (Charcoal)	Tree/Shrub	Chronometric Only
present datasets	25.04.2025		GrN-20684	8720	70		Aşıklı Höyük	settlement	Phase: 2C-A;East of enclosure wall, Square 14A-B, room NV			charcoal		Aksaray	Turkey	38.3492	34.2298	Esin 1995; Erdoğu 2003; Brami and Zanotti 2015; Reninbruger and Thissen 2016; CalPal; Flohr et al. 2016	Global Repositories	Woody Plants (Charcoal)	Tree/Shrub	Chronometric Only
present datasets	25.04.2025		GrN-28614	8840	50		Aşıklı Höyük	settlement	Phase 3E/4  , 4G-H			charcoal		Aksaray	Turkey	38.3492	34.2298	Brami 2014; Brami and Zanotti 2015; CalPal; Reingruber and Thissen 2016; Flohr et al. 2016; Özbaşaran 2011	Global Repositories	Woody Plants (Charcoal)	Tree/Shrub	Chronometric Only
present datasets	25.04.2025		GrN-28616	8860	60		Aşıklı Höyük	settlement	Phase 3C, 4G-H			charcoal		Aksaray	Turkey	38.3492	34.2298	Brami 2014; Brami and Zanotti 2015; CalPal; Reingruber and Thissen 2016; Flohr et al. 2016; Özbaşaran 2011	Global Repositories	Woody Plants (Charcoal)	Tree/Shrub	Chronometric Only
present datasets	25.04.2025		GrN-28617	8980	40		Aşıklı Höyük	settlement	Phase 4, 4G-H			charcoal		Aksaray	Turkey	38.3492	34.2298	Brami 2014; Brami and Zanotti 2015; CalPal; Reingruber and Thissen 2016; Flohr et al. 2016; Özbaşaran 2011	Global Repositories	Woody Plants (Charcoal)	Tree/Shrub	Chronometric Only
present datasets	25.04.2025		GrN-28618	8940	40		Aşıklı Höyük	settlement	Phase 4, 4G-H			charcoal		Aksaray	Turkey	38.3492	34.2298	Brami 2014; Brami and Zanotti 2015; CalPal; Reingruber and Thissen 2016; Flohr et al. 2016; Özbaşaran 2011	Global Repositories	Woody Plants (Charcoal)	Tree/Shrub	Chronometric Only
present datasets	25.04.2025		GrN-28621	8940	40		Aşıklı Höyük	settlement	Phase 3D, 4G-H			charcoal		Aksaray	Turkey	38.3492	34.2298	Brami 2014; Brami and Zanotti 2015; CalPal; Reingruber and Thissen 2016; Flohr et al. 2016; Özbaşaran 2011	Global Repositories	Woody Plants (Charcoal)	Tree/Shrub	Chronometric Only
present datasets	25.04.2025		GrN-28622	8790	60		Aşıklı Höyük	settlement	Phase 4, 4G-H			charcoal		Aksaray	Turkey	38.3492	34.2298	Brami 2014; Brami and Zanotti 2015; CalPal; Reingruber and Thissen 2016; Flohr et al. 2016; Özbaşaran 2011	Global Repositories	Woody Plants (Charcoal)	Tree/Shrub	Chronometric Only
present datasets	25.04.2025		GrN-28623	8770	60		Aşıklı Höyük	settlement	Phase 4, 4G-H			charcoal		Aksaray	Turkey	38.3492	34.2298	Brami 2014; Brami and Zanotti 2015; CalPal; Reingruber and Thissen 2016; Flohr et al. 2016; Özbaşaran 2011	Global Repositories	Woody Plants (Charcoal)	Tree/Shrub	Chronometric Only
present datasets	25.04.2025		GrN-28624	8760	25		Aşıklı Höyük	settlement	Phase 3C/3D, 4G-H			charcoal		Aksaray	Turkey	38.3492	34.2298	Brami 2014; Brami and Zanotti 2015; CalPal; Reingruber and Thissen 2016; Flohr et al. 2016; Özbaşaran 2011	Global Repositories	Woody Plants (Charcoal)	Tree/Shrub	Chronometric Only
present datasets	25.04.2025		Hd-19640	8882	40		Aşıklı Höyük	settlement	Phase: visible base of site;NW cut;			charcoal		Aksaray	Turkey	38.3492	34.2298	Kuniholm 1999; Erdoğu 2003; Brami and Zanotti 2015; Reninbruger and Thissen 2016; CalPal; Flohr et al. 2016	Global Repositories	Woody Plants (Charcoal)	Tree/Shrub	Chronometric Only
present datasets	25.04.2025		P-1238	8807	128		Aşıklı Höyük	settlement	Phase: visible base of site;NW cut,  burnt layer		Neolithic	charcoal		Aksaray	Turkey	38.3492	34.2298	Stuckenrath and Lawn 1969; Erdoğu 2003; Brami and Zanotti 2015; Reninbruger and Thissen 2016; CalPal; Flohr et al. 2016; TAY Project	Global Repositories	Woody Plants (Charcoal)	Tree/Shrub	Chronometric Only
present datasets	25.04.2025		P-1239	8611	108		Aşıklı Höyük	settlement	Phase: visible base of site;NW cut,  burnt layer		Neolithic	charcoal		Aksaray	Turkey	38.3492	34.2298	Stuckenrath and Lawn 1969; Erdoğu 2003; Brami and Zanotti 2015; Reninbruger and Thissen 2016; CalPal; Flohr et al. 2016; TAY Project	Global Repositories	Woody Plants (Charcoal)	Tree/Shrub	Chronometric Only
present datasets	25.04.2025		P-1240	8958	130		Aşıklı Höyük	settlement	Phase: visible base of site;NW cut,  burnt layer		Neolithic	charcoal		Aksaray	Turkey	38.3492	34.2298	Stuckenrath and Lawn 1969; Erdoğu 2003; Brami and Zanotti 2015; Reninbruger and Thissen 2016; CalPal; Flohr et al. 2016; TAY Project	Global Repositories	Woody Plants (Charcoal)	Tree/Shrub	Chronometric Only
present datasets	25.04.2025		P-1241	8793	127		Aşıklı Höyük	settlement	Phase: visible base of site;NW cut,  burnt layer		Neolithic	charcoal		Aksaray	Turkey	38.3492	34.2298	Stuckenrath and Lawn 1969; Erdoğu 2003; Brami and Zanotti 2015; Reninbruger and Thissen 2016; CalPal; Flohr et al. 2016; TAY Project	Global Repositories	Woody Plants (Charcoal)	Tree/Shrub	Chronometric Only
present datasets	25.04.2025		P-1242	8778	128		Aşıklı Höyük	settlement	Phase: visible base of site;NW cut,  burnt layer		Neolithic	charcoal		Aksaray	Turkey	38.3492	34.2298	Stuckenrath and Lawn 1969; Erdoğu 2003; Brami and Zanotti 2015; Reninbruger and Thissen 2016; CalPal; Flohr et al. 2016; TAY Project	Global Repositories	Woody Plants (Charcoal)	Tree/Shrub	Chronometric Only
present datasets	25.04.2025		Hd-20910	7546	41		Bademağacı	settlement	Early Neolithic 3; phase EN II/3			charcoal		Antalya	Turkey	37.2231	30.4981	Thissen 2002; Erdoğu; CalPal; Brami and Zanotti 2015; Reingruber and Thissen 2016; Flohr et al. 2016; TAY Project	Global Repositories	Woody Plants (Charcoal)	Tree/Shrub	Chronometric Only
present datasets	25.04.2025		Hd-21015	7481	40		Bademağacı	settlement	Early Neolithic 4; phase EN II/4			charcoal		Antalya	Turkey	37.2231	30.4981	Thissen 2002; Erdoğu; CalPal; Brami and Zanotti 2015; Reingruber and Thissen 2016; Flohr et al. 2016; TAY Project	Global Repositories	Woody Plants (Charcoal)	Tree/Shrub	Chronometric Only
present datasets	25.04.2025		Hd-21016	7424	37		Bademağacı	settlement	Early Neolithic 4; phase EN II/4			charcoal		Antalya	Turkey	37.2231	30.4981	Thissen 2002; Erdoğu; CalPal; Brami and Zanotti 2015; Reingruber and Thissen 2016; Flohr et al. 2016; TAY Project	Global Repositories	Woody Plants (Charcoal)	Tree/Shrub	Chronometric Only
present datasets	25.04.2025		Hd-21046	7307	41		Bademağacı	settlement	Early Neolithic 1; phase EN I			charcoal		Antalya	Turkey	37.2231	30.4981	Thissen 2002; Erdoğu; CalPal; Brami and Zanotti 2015; Reingruber and Thissen 2016; Flohr et al. 2016; TAY Project	Global Repositories	Woody Plants (Charcoal)	Tree/Shrub	Chronometric Only
present datasets	25.04.2025		Hd-21058	7459	51		Bademağacı	settlement	Early Neolithic 3; phase EN II/3			charcoal		Antalya	Turkey	37.2231	30.4981	Thissen 2002; Erdoğu; CalPal; Brami and Zanotti 2015; Reingruber and Thissen 2016; Flohr et al. 2016; TAY Project	Global Repositories	Woody Plants (Charcoal)	Tree/Shrub	Chronometric Only
present datasets	25.04.2025		Hd-22279	7465	27		Bademağacı	settlement	EN II/4a; phase EN I/4 A			charcoal		Antalya	Turkey	37.2231	30.4981	CalPal; Brami and Zanotti 2015. Documenta Praehistorica 42; Bea De Cupere Refik Duru Gülsün Umurtak. Travaux de la Maison de l'Orient et de la Méditerranée Année 2008 Volume 49;http://www.14sea.org/; Flohr et al. 2016 Quaternary Science Reviews 136	Global Repositories	Woody Plants (Charcoal)	Tree/Shrub	Chronometric Only
present datasets	25.04.2025		Hd-22339	7553	31		Bademağacı	settlement	EN II/4-3a; phase EN II/3 A			charcoal		Antalya	Turkey	37.2231	30.4981	CalPal; Brami and Zanotti 2015; Reingruber and Thissen 2016; Flohr et al. 2016	Global Repositories	Woody Plants (Charcoal)	Tree/Shrub	Chronometric Only
present datasets	25.04.2025		Hd-22340	7949	31		Bademağacı	settlement	EN I/8;deep sounding C5/III.5 Deep sounding C5/III.5; carbonised wood next to plastered floor			charcoal		Antalya	Turkey	37.2231	30.4981	CalPal; Brami and Zanotti 2015; Reingruber and Thissen 2016; Flohr et al. 2016	Global Repositories	Woody Plants (Charcoal)	Tree/Shrub	Chronometric Only
present datasets	25.04.2025		OxA-22873	4575	28		Bakla Tepe	settlement		Late Chalcolithic 2	Late Chalcolithic	grain (charred)		İzmir	Turkey	38.164641	27.144659	Şahoğlu and Tuncel 2014	Global Repositories	Short-lived Plants	Cereal/Pulse/Seed	Chronometric Only
present datasets	25.04.2025		OxA-23011	4446	29		Bakla Tepe	settlement		Late Chalcolithic 4	Late Chalcolithic	grain (charred)		İzmir	Turkey	38.164641	27.144659	Şahoğlu and Tuncel 2014	Global Repositories	Short-lived Plants	Cereal/Pulse/Seed	Chronometric Only
present datasets	25.04.2025		OxA-23014	4546	28		Bakla Tepe	settlement		Late Chalcolithic 3	Late Chalcolithic	grain (charred)		İzmir	Turkey	38.164641	27.144659	Şahoğlu and Tuncel 2014	Global Repositories	Short-lived Plants	Cereal/Pulse/Seed	Chronometric Only
present datasets	25.04.2025		IRPA-126	1730	120		Ballıhisar	settlement				charcoal		Eskişehir	Turkey	39.3337	31.583	Dauchot-Dehon and Heylen 1973	Global Repositories	Woody Plants (Charcoal)	Tree/Shrub	Chronometric Only
present datasets	25.04.2025		IRPA-127	2170	110		Ballıhisar	settlement				charcoal		Eskişehir	Turkey	39.3337	31.583	Dauchot-Dehon and Heylen 1973	Global Repositories	Woody Plants (Charcoal)	Tree/Shrub	Chronometric Only
present datasets	25.04.2025		IRPA-136	2020	100		Ballıhisar	settlement						Eskişehir	Turkey	39.3337	31.583	Dauchot-Dehon and Heylen 1975	Global Repositories	Indeterminate/Other	Indeterminate	Chronometric Only
present datasets	25.04.2025		IRPA-940	1960	30		Ballıhisar	settlement				charcoal		Eskişehir	Turkey	39.3337	31.583	Dauchot-Dehon and Strydonck 1992	Global Repositories	Woody Plants (Charcoal)	Tree/Shrub	Chronometric Only
present datasets	25.04.2025		IRPA-941	1860	40		Ballıhisar	settlement				charcoal		Eskişehir	Turkey	39.3337	31.583	Dauchot-Dehon and Strydonck 1992	Global Repositories	Woody Plants (Charcoal)	Tree/Shrub	Chronometric Only
present datasets	25.04.2025		IRPA-930	1930	30		Ballıhisar	settlement				wood		Eskişehir	Turkey	39.3337	31.583	Dauchot-Dehon and Strydonck 1992	Global Repositories	Woody Plants (Charcoal)	Tree/Shrub	Chronometric Only
present datasets	25.04.2025		Beta-304970	7670	40		Barcın Höyük	settlement	phase Phase VIE, L13 cm177-483; outdoor surface			charcoal		Bursa	Turkey	40.2722	29.5759	Weninger et al. 2014; Brami and Zanotti 2015; Reingruber and Thissen 2016; Flohr et al. 2016	Global Repositories	Woody Plants (Charcoal)	Tree/Shrub	Chronometric Only
present datasets	25.04.2025		Beta-304971	7530	40		Barcın Höyük	settlement	phase Phase VId, L13 cm157-397; fill deposit associated with possible wall			seed (charred)		Bursa	Turkey	40.2722	29.5759	Weninger et al. 2014; Brami and Zanotti 2015; Reingruber and Thissen 2016; Flohr et al. 2016	Global Repositories	Short-lived Plants	Cereal/Pulse/Seed	Chronometric Only
present datasets	25.04.2025		Beta-339196	7480	40		Barcın Höyük	settlement	phase Phase VId, M10 cm290-1213; surface in structure 2, associated with horn cores			nutshell (charred)	Corylus avellana	Bursa	Turkey	40.2722	29.5759	Weninger et al. 2014; Brami and Zanotti 2015; Reingruber and Thissen 2016; Flohr et al. 2016	Global Repositories	Short-lived Plants	Cereal/Pulse/Seed	Chronometric Only
present datasets	25.04.2025		Beta-339197	7730	30		Barcın Höyük	settlement	phase Phase VIE, L14 cm201-353; small fire pit			charcoal		Bursa	Turkey	40.2722	29.5759	Weninger et al. 2014; Brami and Zanotti 2015; Reingruber and Thissen 2016; Flohr et al. 2016	Global Repositories	Woody Plants (Charcoal)	Tree/Shrub	Chronometric Only
present datasets	25.04.2025		Beta-340888	7490	40		Barcın Höyük	settlement	phase Phase VIC, M11 cm275-1237; surface in structure 10					Bursa	Turkey	40.2722	29.5759	Brami and Zanotti 2015	Global Repositories	Indeterminate/Other	Indeterminate	Chronometric Only
present datasets	25.04.2025		Beta-340889	7080	40		Barcın Höyük	settlement	phase Phase VIC, M11 cm257-1244; structure 4, lower floor			charcoal		Bursa	Turkey	40.2722	29.5759	Brami and Zanotti 2015	Global Repositories	Woody Plants (Charcoal)	Tree/Shrub	Chronometric Only
present datasets	25.04.2025		Beta-340890	7320	40		Barcın Höyük	settlement	phase Phase VIC, M10 cm300-1271; surface in structure 3, lower floor			charcoal		Bursa	Turkey	40.2722	29.5759	Brami and Zanotti 2015	Global Repositories	Woody Plants (Charcoal)	Tree/Shrub	Chronometric Only
present datasets	25.04.2025		GrA-30014	4990	40		Barcın Höyük	settlement				charcoal		Bursa	Turkey	40.2722	29.5759	Weninger et al. 2014; Brami and Zanotti 2015; Reingruber and Thissen 2016	Global Repositories	Woody Plants (Charcoal)	Tree/Shrub	Chronometric Only
present datasets	25.04.2025		GrA-32899	7310	40		Barcın Höyük	settlement	Phase VIa?;upper level of Neolithic settlement			charcoal		Bursa	Turkey	40.2722	29.5759	Roodenberg et al. 2008; Weninger et al. 2014; Brami and Zanotti 2015; Reingruber and Thissen 2016; Flohr et al. 2016	Global Repositories	Woody Plants (Charcoal)	Tree/Shrub	Chronometric Only
present datasets	25.04.2025		GrA-33660	7470	60		Barcın Höyük	settlement	Phase VIa?;upper level of Neolithic settlement			seed (charred)		Bursa	Turkey	40.2722	29.5759	Roodenberg et al. 2008; Weninger et al. 2014; Brami and Zanotti 2015; Reingruber and Thissen 2016; Flohr et al. 2016	Global Repositories	Short-lived Plants	Cereal/Pulse/Seed	Chronometric Only
present datasets	25.04.2025		GrA-45685	7115	40		Barcın Höyük	settlement	Phase VIA;M11-Δ71-233; midden feature			nutshell (charred)	Corylus avellana	Bursa	Turkey	40.2722	29.5759	Gerritsen et al. 2013a; Weninger et al. 2014;Brami 2014; Brami and Zanotti 2015; CalPal; Reingruber and Thissen 2016; Flohr et al. 2016	Global Repositories	Short-lived Plants	Cereal/Pulse/Seed	Chronometric Only
present datasets	25.04.2025		GrA-45686	7430	40		Barcın Höyük	settlement	Phase VID;L13-Δ106-114; midden deposit			charcoal		Bursa	Turkey	40.2722	29.5759	Gerritsen et al. 2013b; Weninger et al. 2014;Brami 2014; Brami and Zanotti 2015; CalPal; Reingruber and Thissen 2016; Flohr et al. 2016	Global Repositories	Woody Plants (Charcoal)	Tree/Shrub	Chronometric Only
present datasets	25.04.2025		GrA-45738	7210	40		Barcın Höyük	settlement	Phase VIA;L11-Δ262-424; pit, unclear context			charcoal		Bursa	Turkey	40.2722	29.5759	Weninger et al. 2014; Brami 2014; Brami and Zanotti 2015; CalPal; Reingruber and Thissen 2016; Flohr et al. 2016	Global Repositories	Woody Plants (Charcoal)	Tree/Shrub	Chronometric Only
present datasets	25.04.2025		GrA-45739	7365	40		Barcın Höyük	settlement	Phase VIC;L11-Δ275-489; pit (?)			charcoal		Bursa	Turkey	40.2722	29.5759	Weninger et al. 2014;Brami 2014; Brami and Zanotti 2015; CalPal; Reingruber and Thissen 2016; Flohr et al. 2016	Global Repositories	Woody Plants (Charcoal)	Tree/Shrub	Chronometric Only
present datasets	25.04.2025		GrA-50018	7295	45		Barcın Höyük	settlement	phase Phase VIB, L12 cm196-699; outdoor area associated with house 5			charcoal		Bursa	Turkey	40.2722	29.5759	Brami and Zanotti 2015	Global Repositories	Woody Plants (Charcoal)	Tree/Shrub	Chronometric Only
present datasets	25.04.2025		GrA-50019	7395	45		Barcın Höyük	settlement	phase Phase VID, L13 cm142-288; small outdoor fire pit			seed (charred)		Bursa	Turkey	40.2722	29.5759	Weninger et al. 2014; Brami and Zanotti 2015; Reingruber and Thissen 2016; Flohr et al. 2016	Global Repositories	Short-lived Plants	Cereal/Pulse/Seed	Chronometric Only
present datasets	25.04.2025		GrA-50020	7410	45		Barcın Höyük	settlement	phase Phase VID, L13 cm146-301; midden deposit			seed (charred)		Bursa	Turkey	40.2722	29.5759	Weninger et al. 2014; Brami and Zanotti 2015; Reingruber and Thissen 2016; Flohr et al. 2016	Global Repositories	Short-lived Plants	Cereal/Pulse/Seed	Chronometric Only
present datasets	25.04.2025		GrA-50022	7460	50		Barcın Höyük	settlement	phase Phase VIC, M10 cm213-840;courtyard					Bursa	Turkey	40.2722	29.5759	Brami and Zanotti 2015	Global Repositories	Indeterminate/Other	Indeterminate	Chronometric Only
present datasets	25.04.2025		GrA-52837	7245	40		Barcın Höyük	settlement	phase Phase VIB, L11 cm314-566; late surface in str. 5					Bursa	Turkey	40.2722	29.5759	Brami and Zanotti 2015	Global Repositories	Indeterminate/Other	Indeterminate	Chronometric Only
present datasets	25.04.2025		GrA-52838	7540	40		Barcın Höyük	settlement	phase Phase VIC, M10 cm219-873;  alley next to house 9			charcoal		Bursa	Turkey	40.2722	29.5759	Brami and Zanotti 2015	Global Repositories	Woody Plants (Charcoal)	Tree/Shrub	Chronometric Only
present datasets	25.04.2025		GrA-52840	7390	40		Barcın Höyük	settlement	phase Phase VID, L13 cm153-363; outdoor area			seed (charred)		Bursa	Turkey	40.2722	29.5759	Weninger et al. 2014; Brami and Zanotti 2015; Reingruber and Thissen 2016; Flohr et al. 2016	Global Repositories	Short-lived Plants	Cereal/Pulse/Seed	Chronometric Only
present datasets	25.04.2025		GrA-52841	7520	40		Barcın Höyük	settlement	phase Phase VIC, M10 cm230-929; courtyard					Bursa	Turkey	40.2722	29.5759	Brami and Zanotti 2015	Global Repositories	Indeterminate/Other	Indeterminate	Chronometric Only
present datasets	25.04.2025		GrA-52842	7230	40		Barcın Höyük	settlement	phase Phase VIB, M11 cm154-809; surface of str.11			charcoal		Bursa	Turkey	40.2722	29.5759	Brami and Zanotti 2015	Global Repositories	Woody Plants (Charcoal)	Tree/Shrub	Chronometric Only
present datasets	25.04.2025		GrA-52843	7410	40		Barcın Höyük	settlement	phase Phase VIC, M10 cm249-214; oven sealing burnt structure 2			seed (charred)		Bursa	Turkey	40.2722	29.5759	Brami and Zanotti 2015	Global Repositories	Short-lived Plants	Cereal/Pulse/Seed	Chronometric Only
present datasets	25.04.2025		GrA-52845	7715	40		Barcın Höyük	settlement	phase Phase VIE, L13 cm170-460; outdoor surface			seed (charred)		Bursa	Turkey	40.2722	29.5759	Weninger et al. 2014; Brami and Zanotti 2015; Reingruber and Thissen 2016; Flohr et al. 2016	Global Repositories	Short-lived Plants	Cereal/Pulse/Seed	Chronometric Only
present datasets	25.04.2025		GrA-52847	7305	40		Barcın Höyük	settlement	phase Phase VIB, M13 cm38-198; charcoal outside N wall of structure 12			charcoal		Bursa	Turkey	40.2722	29.5759	Brami and Zanotti 2015	Global Repositories	Woody Plants (Charcoal)	Tree/Shrub	Chronometric Only
present datasets	25.04.2025		GrA-52848	7750	40		Barcın Höyük	settlement	phase Phase VIE, L13-Δ176-497; dug feature at base of L13 sounding			charcoal		Bursa	Turkey	40.2722	29.5759	Gerritsen et al. 2013b; Weninger et al. 2014;Brami 2014; Brami and Zanotti 2015; CalPal; Reingruber and Thissen 2016; Flohr et al. 2016	Global Repositories	Woody Plants (Charcoal)	Tree/Shrub	Chronometric Only
present datasets	25.04.2025		GrA-52849	7565	40		Barcın Höyük	settlement	phase Phase VID, M10 cm202-1016; from platform in structure 2			seed		Bursa	Turkey	40.2722	29.5759	Weninger et al. 2014; Brami and Zanotti 2015; Reingruber and Thissen 2016; Flohr et al. 2016	Global Repositories	Short-lived Plants	Cereal/Pulse/Seed	Chronometric Only
present datasets	25.04.2025		GrA-52939	7490	40		Barcın Höyük	settlement	phase Phase VIC, M10 cm220-878; surface in structure 9			seed (charred)		Bursa	Turkey	40.2722	29.5759	Brami and Zanotti 2015	Global Repositories	Short-lived Plants	Cereal/Pulse/Seed	Chronometric Only
present datasets	25.04.2025		GrA-53691	7160	50		Barcın Höyük	settlement	phase Phase VIB, L11 cm343-719;  early surface in str.5			charcoal		Bursa	Turkey	40.2722	29.5759	Brami and Zanotti 2015	Global Repositories	Woody Plants (Charcoal)	Tree/Shrub	Chronometric Only
present datasets	25.04.2025		GrA-53693	7240	60		Barcın Höyük	settlement	phase Phase VIB, M11 cm187-873; surface of str.11			seed		Bursa	Turkey	40.2722	29.5759	Brami and Zanotti 2015	Global Repositories	Short-lived Plants	Cereal/Pulse/Seed	Chronometric Only
present datasets	25.04.2025		Hd-12087	5675	35		Besik-Sivritepe	settlement	Depth 42.16 m;PP82.141		Chalcolithic	bone		Çanakkale	Turkey	39.916	26.1532	Korfmannn 1993; Erdoğu 2003; CalPal; Reingruber and Thissen 2016; Flohr et al. 2016	Global Repositories	Bone/Teeth (Human/Animal)	Indeterminate	Chronometric Only
present datasets	25.04.2025		Hd-12088	5760	37		Besik-Sivritepe	settlement	Chalcolithic; Depth 42.13; PP82.147		Chalcolithic	bone		Çanakkale	Turkey	39.916	26.1532	Korfmannn 1993; Erdoğu 2003; CalPal; Reingruber and Thissen 2016; Flohr et al. 2016	Global Repositories	Bone/Teeth (Human/Animal)	Indeterminate	Chronometric Only
present datasets	25.04.2025		Hd-12153	5629	51		Besik-Sivritepe	settlement	Chalcolithic; Depth 42.42 m; PP82.136		Chalcolithic	bone		Çanakkale	Turkey	39.916	26.1532	Korfmannn 1993; Erdoğu 2003; CalPal; Reingruber and Thissen 2016; Flohr et al. 2016	Global Repositories	Bone/Teeth (Human/Animal)	Indeterminate	Chronometric Only
present datasets	25.04.2025		Hd-12154	5829	62		Besik-Sivritepe	settlement	Depth 41.95; PP82.155		Chalcolithic	bone		Çanakkale	Turkey	39.916	26.1532	Korfmannn 1993; Erdoğu 2003; Flohr et al. 2016	Global Repositories	Bone/Teeth (Human/Animal)	Indeterminate	Chronometric Only
present datasets	25.04.2025		Bln-2751A	4260	80		Besik-Yassitepe	settlement						Çanakkale	Turkey	39.9152	26.1509	Korfmann and Kromer 1993	Global Repositories	Indeterminate/Other	Indeterminate	Chronometric Only
present datasets	25.04.2025		Hd-10339	4180	60		Besik-Yassitepe	settlement	EBA		Early Bronze Age	charcoal		Çanakkale	Turkey	39.9152	26.1509	TAY Project	Global Repositories	Woody Plants (Charcoal)	Tree/Shrub	Chronometric Only
present datasets	25.04.2025		Hd-10340	4830	135		Besik-Yassitepe	settlement	EBA		Early Bronze Age	charcoal		Çanakkale	Turkey	39.9152	26.1509	TAY Project	Global Repositories	Woody Plants (Charcoal)	Tree/Shrub	Chronometric Only
present datasets	25.04.2025		Hd-10828	4520	65		Besik-Yassitepe	settlement	EBA		Early Bronze Age	charcoal		Çanakkale	Turkey	39.9152	26.1509	TAY Project	Global Repositories	Woody Plants (Charcoal)	Tree/Shrub	Chronometric Only
present datasets	25.04.2025		Hd-10829	4170	35		Besik-Yassitepe	settlement	EBA		Early Bronze Age	charcoal		Çanakkale	Turkey	39.9152	26.1509	TAY Project	Global Repositories	Woody Plants (Charcoal)	Tree/Shrub	Chronometric Only
present datasets	25.04.2025		Hd-10835	4170	40		Besik-Yassitepe	settlement	EBA		Early Bronze Age	charcoal		Çanakkale	Turkey	39.9152	26.1509	TAY Project	Global Repositories	Woody Plants (Charcoal)	Tree/Shrub	Chronometric Only
present datasets	25.04.2025		Hd-10839	4165	40		Besik-Yassitepe	settlement	EBA		Early Bronze Age	charcoal		Çanakkale	Turkey	39.9152	26.1509	TAY Project	Global Repositories	Woody Plants (Charcoal)	Tree/Shrub	Chronometric Only
present datasets	25.04.2025		Hd-10852	4190	35		Besik-Yassitepe	settlement	EBA		Early Bronze Age	charcoal		Çanakkale	Turkey	39.9152	26.1509	TAY Project	Global Repositories	Woody Plants (Charcoal)	Tree/Shrub	Chronometric Only
present datasets	25.04.2025		Hd-10859	4165	40		Besik-Yassitepe	settlement	Depth 22.91;S13.1128			charcoal		Çanakkale	Turkey	39.9152	26.1509	CalPal	Global Repositories	Woody Plants (Charcoal)	Tree/Shrub	Chronometric Only
present datasets	25.04.2025		Hd-2751	4260	80		Besik-Yassitepe	settlement	EBA		Early Bronze Age	charcoal		Çanakkale	Turkey	39.9152	26.1509	TAY Project	Global Repositories	Woody Plants (Charcoal)	Tree/Shrub	Chronometric Only
present datasets	25.04.2025		Hd-8438	4375	65		Besik-Yassitepe	settlement						Çanakkale	Turkey	39.9152	26.1509	Korfmann and Kromer 1993	Global Repositories	Indeterminate/Other	Indeterminate	Chronometric Only
present datasets	25.04.2025		Hd-8439	4385	25		Besik-Yassitepe	settlement	Depth 22.00 m;Q12.209A			charcoal		Çanakkale	Turkey	39.9152	26.1509	CalPal	Global Repositories	Woody Plants (Charcoal)	Tree/Shrub	Chronometric Only
present datasets	25.04.2025		Hd-8440	4770	100		Besik-Yassitepe	settlement	EBA		Early Bronze Age	charcoal		Çanakkale	Turkey	39.9152	26.1509	TAY Project	Global Repositories	Woody Plants (Charcoal)	Tree/Shrub	Chronometric Only
present datasets	25.04.2025		Hd-8441	4280	60		Besik-Yassitepe	settlement	EBA		Early Bronze Age	charcoal		Çanakkale	Turkey	39.9152	26.1509	TAY Project	Global Repositories	Woody Plants (Charcoal)	Tree/Shrub	Chronometric Only
present datasets	25.04.2025		Hd-8442	4195	55		Besik-Yassitepe	settlement	EBA		Early Bronze Age	charcoal		Çanakkale	Turkey	39.9152	26.1509	TAY Project	Global Repositories	Woody Plants (Charcoal)	Tree/Shrub	Chronometric Only
present datasets	25.04.2025		Hd-8443	4330	60		Besik-Yassitepe	settlement	EBA		Early Bronze Age	charcoal		Çanakkale	Turkey	39.9152	26.1509	TAY Project	Global Repositories	Woody Plants (Charcoal)	Tree/Shrub	Chronometric Only
present datasets	25.04.2025		Hd-9937	4865	80		Besik-Yassitepe	settlement	EBA		Early Bronze Age	charcoal		Çanakkale	Turkey	39.9152	26.1509	TAY Project	Global Repositories	Woody Plants (Charcoal)	Tree/Shrub	Chronometric Only
present datasets	25.04.2025		Hd-9938	4170	35		Besik-Yassitepe	settlement	EBA		Early Bronze Age	charcoal		Çanakkale	Turkey	39.9152	26.1509	TAY Project	Global Repositories	Woody Plants (Charcoal)	Tree/Shrub	Chronometric Only
present datasets	25.04.2025		Hd-9957	4270	35		Besik-Yassitepe	settlement	EBA		Early Bronze Age	charcoal		Çanakkale	Turkey	39.9152	26.1509	TAY Project	Global Repositories	Woody Plants (Charcoal)	Tree/Shrub	Chronometric Only
present datasets	25.04.2025		Hd-9961	4255	35		Besik-Yassitepe	settlement	EBA		Early Bronze Age	charcoal		Çanakkale	Turkey	39.9152	26.1509	TAY Project	Global Repositories	Woody Plants (Charcoal)	Tree/Shrub	Chronometric Only
present datasets	25.04.2025		Hd-8352-8441	4280	60		Besiktepe	settlement	early Troy I			charcoal		Çanakkale	Turkey	39.70885	26.159917	Korfmann 1987; Manning 1995	Global Repositories	Woody Plants (Charcoal)	Tree/Shrub	Chronometric Only
present datasets	25.04.2025		Hd-8353-8442	4195	55		Besiktepe	settlement	early Troy I			charcoal		Çanakkale	Turkey	39.70885	26.159917	Korfmann 1987; Manning 1995	Global Repositories	Woody Plants (Charcoal)	Tree/Shrub	Chronometric Only
present datasets	25.04.2025		Hd-8354-8438	4375	65		Besiktepe	settlement	early Troy I			charcoal		Çanakkale	Turkey	39.70885	26.159917	Korfmann 1987; Manning 1995	Global Repositories	Woody Plants (Charcoal)	Tree/Shrub	Chronometric Only
present datasets	25.04.2025		Hd-8355-8443	4330	60		Besiktepe	settlement	early Troy I			charcoal		Çanakkale	Turkey	39.70885	26.159917	Korfmann 1987; Manning 1995	Global Repositories	Woody Plants (Charcoal)	Tree/Shrub	Chronometric Only
present datasets	25.04.2025		Hd-8356-8439	4385	25		Besiktepe	settlement	early Troy I			charcoal		Çanakkale	Turkey	39.70885	26.159917	Korfmann 1987; Manning 1995	Global Repositories	Woody Plants (Charcoal)	Tree/Shrub	Chronometric Only
present datasets	25.04.2025		Hd-9983-9938	4170	35		Besiktepe	settlement	early Troy I			charcoal		Çanakkale	Turkey	39.70885	26.159917	Korfmann 1987; Manning 1995	Global Repositories	Woody Plants (Charcoal)	Tree/Shrub	Chronometric Only
present datasets	25.04.2025		Hd-9984-9957	4270	35		Besiktepe	settlement	early Troy I			charcoal		Çanakkale	Turkey	39.70885	26.159917	Korfmann 1987; Manning 1995	Global Repositories	Woody Plants (Charcoal)	Tree/Shrub	Chronometric Only
present datasets	25.04.2025		Hd-9985-9961	4255	35		Besiktepe	settlement	early Troy I			charcoal		Çanakkale	Turkey	39.70885	26.159917	Korfmann 1987; Manning 1995	Global Repositories	Woody Plants (Charcoal)	Tree/Shrub	Chronometric Only
present datasets	25.04.2025		P-297	4690	62		Beycesultan	settlement	sondage SX		Late Chalcolithic	charcoal		Denizli	Turkey	38.25	29.7	Reingruber and Thissen 2016; TAY Project	Global Repositories	Woody Plants (Charcoal)	Tree/Shrub	Chronometric Only
present datasets	25.04.2025		P-298	4960	58		Beycesultan	settlement	sondage SX, 5th building level		Late Chalcolithic	charcoal		Denizli	Turkey	38.25	29.7	Reingruber and Thissen 2016; TAY Project	Global Repositories	Woody Plants (Charcoal)	Tree/Shrub	Chronometric Only
present datasets	25.04.2025		Bln-4946	2963	40		Boğazköy	settlement	Büyükkaya					Çorum	Turkey	40.019722	34.615278000000004	Schoop and Seeher 2006	Global Repositories	Indeterminate/Other	Indeterminate	Chronometric Only
present datasets	25.04.2025		Bln-4955	2852	41		Boğazköy	settlement	Büyükkaya					Çorum	Turkey	40.019722	34.615278000000004	Schoop and Seeher 2006	Global Repositories	Indeterminate/Other	Indeterminate	Chronometric Only
present datasets	25.04.2025		Hd-20061	2808	33		Boğazköy	settlement	Büyükkaya					Çorum	Turkey	40.019722	34.615278000000004	Schoop and Seeher 2006	Global Repositories	Indeterminate/Other	Indeterminate	Chronometric Only
present datasets	25.04.2025		Hd-20088	2899	26		Boğazköy	settlement	Büyükkaya					Çorum	Turkey	40.019722	34.615278000000004	Schoop and Seeher 2006	Global Repositories	Indeterminate/Other	Indeterminate	Chronometric Only
present datasets	25.04.2025		Hd-20201	2863	27		Boğazköy	settlement	Büyükkaya					Çorum	Turkey	40.019722	34.615278000000004	Schoop and Seeher 2006	Global Repositories	Indeterminate/Other	Indeterminate	Chronometric Only
present datasets	25.04.2025		Hd-20264	2899	15		Boğazköy	settlement	Büyükkaya					Çorum	Turkey	40.019722	34.615278000000004	Schoop and Seeher 2006	Global Repositories	Indeterminate/Other	Indeterminate	Chronometric Only
present datasets	25.04.2025		Hd-20437	2904	24		Boğazköy	settlement	Büyükkaya					Çorum	Turkey	40.019722	34.615278000000004	Schoop and Seeher 2006	Global Repositories	Indeterminate/Other	Indeterminate	Chronometric Only
present datasets	25.04.2025		Hd-20465	2964	19		Boğazköy	settlement	Büyükkaya					Çorum	Turkey	40.019722	34.615278000000004	Schoop and Seeher 2006	Global Repositories	Indeterminate/Other	Indeterminate	Chronometric Only
present datasets	25.04.2025		Hd-20907	6537	43	-25	Boğazköy	settlement	Phase Upper Plateau, Context 347/411-65, Pit 3, from flotation sample			charcoal		Çorum	Turkey	40.019722	34.615278000000004	Reingruber and Thissen 2016	Global Repositories	Woody Plants (Charcoal)	Tree/Shrub	Chronometric Only
present datasets	25.04.2025		Hd-21373	3278	22		Boğazköy	settlement	Büyükkaya Silo Kompleksi			grain	Cerealia	Çorum	Turkey	40.019722	34.615278000000004	CalPal; TAY Project	Global Repositories	Short-lived Plants	Cereal/Pulse/Seed	Chronometric Only
present datasets	25.04.2025		Hd-21376	3301	30		Boğazköy	settlement	Büyükkaya Silo Kompleksi			grain	Cerealia	Çorum	Turkey	40.019722	34.615278000000004	CalPal; TAY Project	Global Repositories	Short-lived Plants	Cereal/Pulse/Seed	Chronometric Only
present datasets	25.04.2025		Hd-21379	3298	28		Boğazköy	settlement	Büyükkaya Silo Kompleksi			grain	Cerealia	Çorum	Turkey	40.019722	34.615278000000004	CalPal; TAY Project	Global Repositories	Short-lived Plants	Cereal/Pulse/Seed	Chronometric Only
present datasets	25.04.2025		Hd-21380	3004	24		Boğazköy	settlement	silo			seeds		Çorum	Turkey	40.019722	34.615278000000004	Schoop and Seeher 2006	Global Repositories	Short-lived Plants	Cereal/Pulse/Seed	Chronometric Only
present datasets	25.04.2025		Hd-21391	3266	22		Boğazköy	settlement	Büyükkaya Silo Kompleksi			grain	Cerealia	Çorum	Turkey	40.019722	34.615278000000004	CalPal; TAY Project	Global Repositories	Short-lived Plants	Cereal/Pulse/Seed	Chronometric Only
present datasets	25.04.2025		Hd-21400	3234	27		Boğazköy	settlement	Büyükkaya Silo Kompleksi			grain	Cerealia	Çorum	Turkey	40.019722	34.615278000000004	CalPal; TAY Project	Global Repositories	Short-lived Plants	Cereal/Pulse/Seed	Chronometric Only
present datasets	25.04.2025		Hd-21401	3297	30		Boğazköy	settlement	Büyükkaya Silo Kompleksi			grain	Cerealia	Çorum	Turkey	40.019722	34.615278000000004	CalPal; TAY Project	Global Repositories	Short-lived Plants	Cereal/Pulse/Seed	Chronometric Only
present datasets	25.04.2025		Hd-21429	3268	30		Boğazköy	settlement	Büyükkaya Silo Kompleksi			grain	Cerealia	Çorum	Turkey	40.019722	34.615278000000004	CalPal; TAY Project	Global Repositories	Short-lived Plants	Cereal/Pulse/Seed	Chronometric Only
present datasets	25.04.2025		Hd-21432	3253	26		Boğazköy	settlement	Büyükkaya Silo Kompleksi			grain	Cerealia	Çorum	Turkey	40.019722	34.615278000000004	CalPal; TAY Project	Global Repositories	Short-lived Plants	Cereal/Pulse/Seed	Chronometric Only
present datasets	25.04.2025		Hd-3443-2843	3685	65		Boğazköy	settlement	House 1, room 1, Büyükkale, level Vc			wood (charred)		Çorum	Turkey	40.019722	34.615278000000004	Schoop and Seeher 2006	Global Repositories	Woody Plants (Charcoal)	Tree/Shrub	Chronometric Only
present datasets	25.04.2025		Hd-3444-2844	3565	75		Boğazköy	settlement	House 1, room 1, Büyükkale, level Vc			wood (charred)		Çorum	Turkey	40.019722	34.615278000000004	Schoop and Seeher 2006	Global Repositories	Woody Plants (Charcoal)	Tree/Shrub	Chronometric Only
present datasets	25.04.2025		Hd-3445-2845	3560	75		Boğazköy	settlement	House 1, room 2, Büyükkale, level Vc			wood (charred)		Çorum	Turkey	40.019722	34.615278000000004	Schoop and Seeher 2006	Global Repositories	Woody Plants (Charcoal)	Tree/Shrub	Chronometric Only
present datasets	25.04.2025		Hd-3446-2860	3620	60		Boğazköy	settlement	House 1, room 4, Büyükkale, level Vc			wood (charred)		Çorum	Turkey	40.019722	34.615278000000004	Schoop and Seeher 2006	Global Repositories	Woody Plants (Charcoal)	Tree/Shrub	Chronometric Only
present datasets	25.04.2025		KIA-13051	3227	30		Boğazköy	settlement	upper town					Çorum	Turkey	40.019722	34.615278000000004	Schoop and Seeher 2006	Global Repositories	Indeterminate/Other	Indeterminate	Chronometric Only
present datasets	25.04.2025		KIA-13052	3348	30		Boğazköy	settlement	upper town					Çorum	Turkey	40.019722	34.615278000000004	Schoop and Seeher 2006	Global Repositories	Indeterminate/Other	Indeterminate	Chronometric Only
present datasets	25.04.2025		KIA-13053	3184	30		Boğazköy	settlement	silo, upper town			organic material		Çorum	Turkey	40.019722	34.615278000000004	Schoop and Seeher 2006	Global Repositories	Anthropic/Residues	Organic Residue/Artifact	Chronometric Only
present datasets	25.04.2025		KIA-18010	3002	31		Boğazköy	settlement	Büyükkaya, gate North			seeds		Çorum	Turkey	40.019722	34.615278000000004	Schoop and Seeher 2006	Global Repositories	Short-lived Plants	Cereal/Pulse/Seed	Chronometric Only
present datasets	25.04.2025		KIA-18012	3059	29		Boğazköy	settlement	Büyükkaya, gate North			seeds		Çorum	Turkey	40.019722	34.615278000000004	Schoop and Seeher 2006	Global Repositories	Short-lived Plants	Cereal/Pulse/Seed	Chronometric Only
present datasets	25.04.2025		KIA-18013	2994	28		Boğazköy	settlement	Büyükkaya, silo 4			seeds		Çorum	Turkey	40.019722	34.615278000000004	Schoop and Seeher 2006	Global Repositories	Short-lived Plants	Cereal/Pulse/Seed	Chronometric Only
present datasets	25.04.2025		KIA-18015	3342	27		Boğazköy	settlement	Büyükkaya, Silo 8			straw		Çorum	Turkey	40.019722	34.615278000000004	Schoop and Seeher 2006	Global Repositories	Short-lived Plants	Cereal/Pulse/Seed	Chronometric Only
present datasets	25.04.2025		KIA-19410	3035	30		Boğazköy	settlement	terrace house			seeds		Çorum	Turkey	40.019722	34.615278000000004	Schoop and Seeher 2006	Global Repositories	Short-lived Plants	Cereal/Pulse/Seed	Chronometric Only
present datasets	25.04.2025		KIA-19411	3085	25		Boğazköy	settlement	terrace house			seeds		Çorum	Turkey	40.019722	34.615278000000004	Schoop and Seeher 2006	Global Repositories	Short-lived Plants	Cereal/Pulse/Seed	Chronometric Only
present datasets	25.04.2025		KIA-20662	3317	25		Boğazköy	settlement	silo			wood		Çorum	Turkey	40.019722	34.615278000000004	Schoop and Seeher 2006	Global Repositories	Woody Plants (Charcoal)	Tree/Shrub	Chronometric Only
present datasets	25.04.2025		KIA-20663	3252	28		Boğazköy	settlement	silo			wood		Çorum	Turkey	40.019722	34.615278000000004	Schoop and Seeher 2006	Global Repositories	Woody Plants (Charcoal)	Tree/Shrub	Chronometric Only
present datasets	25.04.2025		KIA-20664	3081	26		Boğazköy	settlement	upper town					Çorum	Turkey	40.019722	34.615278000000004	Schoop and Seeher 2006	Global Repositories	Indeterminate/Other	Indeterminate	Chronometric Only
present datasets	25.04.2025		KIA-20665	3126	27		Boğazköy	settlement	upper town					Çorum	Turkey	40.019722	34.615278000000004	Schoop and Seeher 2006	Global Repositories	Indeterminate/Other	Indeterminate	Chronometric Only
present datasets	25.04.2025		KIA-20666	3115	27		Boğazköy	settlement	upper town					Çorum	Turkey	40.019722	34.615278000000004	Schoop and Seeher 2006	Global Repositories	Indeterminate/Other	Indeterminate	Chronometric Only
present datasets	25.04.2025		KIA-22220	3279	24		Boğazköy	settlement	Square building 1			seeds		Çorum	Turkey	40.019722	34.615278000000004	Schoop and Seeher 2006	Global Repositories	Short-lived Plants	Cereal/Pulse/Seed	Chronometric Only
present datasets	25.04.2025		KIA-22221	3253	26		Boğazköy	settlement	Square building 1			seeds		Çorum	Turkey	40.019722	34.615278000000004	Schoop and Seeher 2006	Global Repositories	Short-lived Plants	Cereal/Pulse/Seed	Chronometric Only
present datasets	25.04.2025		KIA-24146	3228	27		Boğazköy	settlement	Square building 2			seeds		Çorum	Turkey	40.019722	34.615278000000004	Schoop and Seeher 2006	Global Repositories	Short-lived Plants	Cereal/Pulse/Seed	Chronometric Only
present datasets	25.04.2025		KIA-24147	3069	25		Boğazköy	settlement	bathroom			seeds		Çorum	Turkey	40.019722	34.615278000000004	Schoop and Seeher 2006	Global Repositories	Short-lived Plants	Cereal/Pulse/Seed	Chronometric Only
present datasets	25.04.2025		KIA-24148	3029	29		Boğazköy	settlement	bathroom			seeds		Çorum	Turkey	40.019722	34.615278000000004	Schoop and Seeher 2006	Global Repositories	Short-lived Plants	Cereal/Pulse/Seed	Chronometric Only
present datasets	25.04.2025		KIA-24149	3384	29		Boğazköy	settlement	Square building 1			seeds		Çorum	Turkey	40.019722	34.615278000000004	Schoop and Seeher 2006	Global Repositories	Short-lived Plants	Cereal/Pulse/Seed	Chronometric Only
present datasets	25.04.2025		KIA-24150	3127	29		Boğazköy	settlement	Square building 2			seeds		Çorum	Turkey	40.019722	34.615278000000004	Schoop and Seeher 2006	Global Repositories	Short-lived Plants	Cereal/Pulse/Seed	Chronometric Only
present datasets	25.04.2025		KIA-24151	3263	25		Boğazköy	settlement	Square building 1			seeds		Çorum	Turkey	40.019722	34.615278000000004	Schoop and Seeher 2006	Global Repositories	Short-lived Plants	Cereal/Pulse/Seed	Chronometric Only
present datasets	25.04.2025		KIA-24152	3077	27		Boğazköy	settlement	bathroom			seeds		Çorum	Turkey	40.019722	34.615278000000004	Schoop and Seeher 2006	Global Repositories	Short-lived Plants	Cereal/Pulse/Seed	Chronometric Only
present datasets	25.04.2025		KIA-27351	3236	29		Boğazköy	settlement	workshop			seeds		Çorum	Turkey	40.019722	34.615278000000004	Schoop and Seeher 2006	Global Repositories	Short-lived Plants	Cereal/Pulse/Seed	Chronometric Only
present datasets	25.04.2025		KIA-27352	3015	27		Boğazköy	settlement	workshop			seeds		Çorum	Turkey	40.019722	34.615278000000004	Schoop and Seeher 2006	Global Repositories	Short-lived Plants	Cereal/Pulse/Seed	Chronometric Only
present datasets	25.04.2025		KIA-27353	3154	28		Boğazköy	settlement	workshop			seeds		Çorum	Turkey	40.019722	34.615278000000004	Schoop and Seeher 2006	Global Repositories	Short-lived Plants	Cereal/Pulse/Seed	Chronometric Only
present datasets	25.04.2025		KIA-27354	3193	42		Boğazköy	settlement	New building over Square building 2			seeds		Çorum	Turkey	40.019722	34.615278000000004	Schoop and Seeher 2006	Global Repositories	Short-lived Plants	Cereal/Pulse/Seed	Chronometric Only
present datasets	25.04.2025		KIA-27355	3166	27		Boğazköy	settlement	New building over Square building 2			seeds		Çorum	Turkey	40.019722	34.615278000000004	Schoop and Seeher 2006	Global Repositories	Short-lived Plants	Cereal/Pulse/Seed	Chronometric Only
present datasets	25.04.2025		KIA-41842	3515	35	-22.05	Boğazköy	settlement	Kesikkaya Nordwest, MBZ Nord-Inventar, 289/372			charcoal		Çorum	Turkey	40.019722	34.615278000000004	Schachner 2013	Global Repositories	Woody Plants (Charcoal)	Tree/Shrub	Chronometric Only
present datasets	25.04.2025		KIA-45938	3840	25	-21.24	Boğazköy	settlement	Kesikkaya Nordwest, alth. Fußboden Gebäude 91, 289/372			seeds (charred)		Çorum	Turkey	40.019722	34.615278000000004	Schachner 2013	Global Repositories	Short-lived Plants	Cereal/Pulse/Seed	Chronometric Only
present datasets	25.04.2025		KIA-45939	3855	35	-23.79	Boğazköy	settlement	Kesikkaya Nordwest, MBZ Nord-Inventar, 289/373			seeds (charred)		Çorum	Turkey	40.019722	34.615278000000004	Schachner 2013	Global Repositories	Short-lived Plants	Cereal/Pulse/Seed	Chronometric Only
present datasets	25.04.2025		KIA-45940	3655	30	-24.21	Boğazköy	settlement	Kesikkaya Nordwest, MBZ Süd-Inventar (Gebäude 82), 289/373			seeds (charred)		Çorum	Turkey	40.019722	34.615278000000004	Schachner 2013	Global Repositories	Short-lived Plants	Cereal/Pulse/Seed	Chronometric Only
present datasets	25.04.2025		KIA-45941	3575	30	-22.15	Boğazköy	settlement	Kesikkaya Nordwest, MBZ Nord-Inventar, 289/373			seeds (charred)		Çorum	Turkey	40.019722	34.615278000000004	Schachner 2013	Global Repositories	Short-lived Plants	Cereal/Pulse/Seed	Chronometric Only
present datasets	25.04.2025		KIA-45942	3560	30	-22.62	Boğazköy	settlement	Kesikkaya Nordwest, MBZ Nord-Inventar, 289/373			seeds (charred)		Çorum	Turkey	40.019722	34.615278000000004	Schachner 2013	Global Repositories	Short-lived Plants	Cereal/Pulse/Seed	Chronometric Only
present datasets	25.04.2025		KIA-45943	3410	30	-23.12	Boğazköy	settlement	Kesikkaya Nordwest, MBZ Nord-Inventar, 289/373			seeds (charred)		Çorum	Turkey	40.019722	34.615278000000004	Schachner 2013	Global Repositories	Short-lived Plants	Cereal/Pulse/Seed	Chronometric Only
present datasets	25.04.2025		KIA-45944	3275	40	-21.27	Boğazköy	settlement	Kesikkaya Nordwest, alth. Fußboden Gebäude 91, 289/372			seeds (charred)		Çorum	Turkey	40.019722	34.615278000000004	Schachner 2013	Global Repositories	Short-lived Plants	Cereal/Pulse/Seed	Chronometric Only
present datasets	25.04.2025		KIA-45945	3615	30	-25.04	Boğazköy	settlement	Kesikkaya Nordwest, MBZ Süd-Inventar (Gebäude 82), 289/372			seeds (charred)		Çorum	Turkey	40.019722	34.615278000000004	Schachner 2013	Global Repositories	Short-lived Plants	Cereal/Pulse/Seed	Chronometric Only
present datasets	25.04.2025		KIA-45947	2765	30	-22.73	Boğazköy	settlement	Kesikkaya Nordwest, MBZ Nord-Inventar, 289/373			seeds (charred)		Çorum	Turkey	40.019722	34.615278000000004	Schachner 2013	Global Repositories	Short-lived Plants	Cereal/Pulse/Seed	Chronometric Only
present datasets	25.04.2025		KN-90	3490	120		Boğazköy	settlement				wood		Çorum	Turkey	40.019722	34.615278000000004	Schwabedissen and Freundlich 1966	Global Repositories	Woody Plants (Charcoal)	Tree/Shrub	Chronometric Only
present datasets	25.04.2025		SUERC-36800	6635	30	-18.3	Boğazköy	settlement	Sk: Phase Upper Plateau, Context 347/410-315, infant grave, left clavicle, Grave 347/410-315 DNA id: CBT018			bone	human	Çorum	Turkey	40.019722	34.615278000000004	Reingruber and Thissen 2016	Global Repositories	Bone/Teeth (Human/Animal)	Human	Genomically Integrated
present datasets	25.04.2025	AMS	TUBITAK-0199	9207	39	-25.1	Boncuklu Tarla	settlement	K-9 Sondaj			charcoal		Mardin	Turkey	37.529444	41.832361	Kodaş 2019	Global Repositories	Woody Plants (Charcoal)	Tree/Shrub	Chronometric Only
present datasets	25.04.2025	AMS	TUBITAK-0200	8508	37	-25.1	Boncuklu Tarla	settlement	Building 14, P-9 0012			charcoal		Mardin	Turkey	37.529444	41.832361	Kodaş 2019	Global Repositories	Woody Plants (Charcoal)	Tree/Shrub	Chronometric Only
present datasets	25.04.2025	AMS	TUBITAK-0201	10389	41	-26.4	Boncuklu Tarla	settlement	Level 6b, Sample no: O10-0035			charcoal		Mardin	Turkey	37.529444	41.832361	Kodaş 2019	Global Repositories	Woody Plants (Charcoal)	Tree/Shrub	Chronometric Only
present datasets	25.04.2025		Beta-148064	2490	130		Boztepe	settlement	Iron Age			charcoal		Diyarbakır	Turkey	37.8502	40.7571	TAY Project	Global Repositories	Woody Plants (Charcoal)	Tree/Shrub	Chronometric Only
present datasets	25.04.2025		Beta-148066	2750	40		Boztepe	settlement	Iron Age			charcoal		Diyarbakır	Turkey	37.8502	40.7571	TAY Project	Global Repositories	Woody Plants (Charcoal)	Tree/Shrub	Chronometric Only
present datasets	25.04.2025		Beta-148067	2730	80		Boztepe	settlement	Iron Age			charcoal		Diyarbakır	Turkey	37.8502	40.7571	TAY Project	Global Repositories	Woody Plants (Charcoal)	Tree/Shrub	Chronometric Only
present datasets	25.04.2025		Beta-148069	2600	70		Boztepe	settlement	Iron Age			charcoal		Diyarbakır	Turkey	37.8502	40.7571	TAY Project	Global Repositories	Woody Plants (Charcoal)	Tree/Shrub	Chronometric Only
present datasets	25.04.2025		Beta-52388	2010	60		Büyüktepe Höyük	settlement						Bayburt	Turkey	40.194222	39.909748	Sagona et al. 1993	Global Repositories	Indeterminate/Other	Indeterminate	Chronometric Only
present datasets	25.04.2025		Beta-52391	1590	50		Büyüktepe Höyük	settlement						Bayburt	Turkey	40.194222	39.909748	Sagona et al. 1993	Global Repositories	Indeterminate/Other	Indeterminate	Chronometric Only
present datasets	25.04.2025		Beta-52392	2190	70		Büyüktepe Höyük	settlement						Bayburt	Turkey	40.194222	39.909748	Sagona et al. 1993	Global Repositories	Indeterminate/Other	Indeterminate	Chronometric Only
present datasets	25.04.2025		Beta-55335	2610	70		Büyüktepe Höyük	settlement						Bayburt	Turkey	40.194222	39.909748	Sagona et al. 1993	Global Repositories	Indeterminate/Other	Indeterminate	Chronometric Only
present datasets	25.04.2025		Beta-55336	3200	80		Büyüktepe Höyük	settlement	hearth			bone		Bayburt	Turkey	40.194222	39.909748	Sagona et al. 1993	Global Repositories	Bone/Teeth (Human/Animal)	Indeterminate	Chronometric Only
present datasets	25.04.2025		Beta-55337	1980	70		Büyüktepe Höyük	settlement						Bayburt	Turkey	40.194222	39.909748	Sagona et al. 1993	Global Repositories	Indeterminate/Other	Indeterminate	Chronometric Only
present datasets	25.04.2025		Beta-55338	4290	100		Büyüktepe Höyük	settlement	floor			bone		Bayburt	Turkey	40.194222	39.909748	Sagona et al. 1993	Global Repositories	Bone/Teeth (Human/Animal)	Indeterminate	Chronometric Only
present datasets	25.04.2025		Beta-55339	2300	90		Büyüktepe Höyük	settlement				bone		Bayburt	Turkey	40.194222	39.909748	Sagona et al. 1993	Global Repositories	Bone/Teeth (Human/Animal)	Indeterminate	Chronometric Only
present datasets	25.04.2025		Beta-55340	1860	60		Büyüktepe Höyük	settlement						Bayburt	Turkey	40.194222	39.909748	Sagona et al. 1993	Global Repositories	Indeterminate/Other	Indeterminate	Chronometric Only
present datasets	25.04.2025		Beta-55341	3990	70		Büyüktepe Höyük	settlement	floor			bone		Bayburt	Turkey	40.194222	39.909748	Sagona et al. 1993	Global Repositories	Bone/Teeth (Human/Animal)	Indeterminate	Chronometric Only
present datasets	25.04.2025		Beta-134069	4850	50		Çadır Höyük	settlement	deep sounding			charcoal		Yozgat	Turkey	39.6767	35.1433	CalPal; Reingruber and Thissen 2016; TAY Project	Global Repositories	Woody Plants (Charcoal)	Tree/Shrub	Chronometric Only
present datasets	25.04.2025		Beta-134070	4380	130		Çadır Höyük	settlement	Level 1			organic material		Yozgat	Turkey	39.6767	35.1433	CalPal; Reingruber and Thissen 2016; TAY Project	Global Repositories	Anthropic/Residues	Organic Residue/Artifact	Chronometric Only
present datasets	25.04.2025		Beta-146703	2890	60		Çadır Höyük	settlement	IV LBA					Yozgat	Turkey	39.6767	35.1433	TAY Project	Global Repositories	Indeterminate/Other	Indeterminate	Chronometric Only
present datasets	25.04.2025		Beta-146705	4080	80		Çadır Höyük	settlement	Level 1			charcoal		Yozgat	Turkey	39.6767	35.1433	CalPal; Reingruber and Thissen 2016; TAY Project	Global Repositories	Woody Plants (Charcoal)	Tree/Shrub	Chronometric Only
present datasets	25.04.2025		Beta-146707	6130	40		Çadır Höyük	settlement	Level 3A, stratum 4C			organic material		Yozgat	Turkey	39.6767	35.1433	Gorny et al. 2002; CalPal; Erdoğu 2003; Reingruber and Thissen 2016; TAY Project	Global Repositories	Anthropic/Residues	Organic Residue/Artifact	Chronometric Only
present datasets	25.04.2025		Beta-146710	5740	50		Çadır Höyük	settlement	Level 3A, stratum 4C			charcoal		Yozgat	Turkey	39.6767	35.1433	Gorny et al. 2002; CalPal; Erdoğu 2003; Reingruber and Thissen 2016; TAY Project	Global Repositories	Woody Plants (Charcoal)	Tree/Shrub	Chronometric Only
present datasets	25.04.2025		Beta-146714	4750	80		Çadır Höyük	settlement	deep sounding			charcoal		Yozgat	Turkey	39.6767	35.1433	CalPal; Reingruber and Thissen 2016; TAY Project	Global Repositories	Woody Plants (Charcoal)	Tree/Shrub	Chronometric Only
present datasets	25.04.2025		Beta-159385	2920	70		Çadır Höyük	settlement	IV LBA					Yozgat	Turkey	39.6767	35.1433	TAY Project	Global Repositories	Indeterminate/Other	Indeterminate	Chronometric Only
present datasets	25.04.2025		Beta-159388	3300	80		Çadır Höyük	settlement	III MBA					Yozgat	Turkey	39.6767	35.1433	TAY Project	Global Repositories	Indeterminate/Other	Indeterminate	Chronometric Only
present datasets	25.04.2025		Beta-159389	3430	70		Çadır Höyük	settlement	III MBA					Yozgat	Turkey	39.6767	35.1433	TAY Project	Global Repositories	Indeterminate/Other	Indeterminate	Chronometric Only
present datasets	25.04.2025		Beta-159391	4700	80		Çadır Höyük	settlement	Chalcolithic					Yozgat	Turkey	39.6767	35.1433	TAY Project	Global Repositories	Indeterminate/Other	Indeterminate	Chronometric Only
present datasets	25.04.2025		Ly-2523	8600	120		Cafer Höyük	settlement	IVc; level IVc; West area			charcoal		Malatya	Turkey	38.4161	38.7531	Erdoğu 2003; CalPal; Benz 2014; Flohr et al. 2016; TAY Project	Global Repositories	Woody Plants (Charcoal)	Tree/Shrub	Chronometric Only
present datasets	25.04.2025		Ly-3772	8480	140		Cafer Höyük	settlement	VI; Middle phase, level VI; cell 65			charcoal		Malatya	Turkey	38.4161	38.7531	Erdoğu 2003; CalPal; Benz 2014; Flohr et al. 2016; TAY Project	Global Repositories	Woody Plants (Charcoal)	Tree/Shrub	Chronometric Only
present datasets	25.04.2025		Ly-4437	8950	80		Cafer Höyük	settlement	Phase: XIII-IX Early Phase:;East Area, hearth			charcoal		Malatya	Turkey	38.4161	38.7531	Erdoğu 2003; CalPal; Benz 2014; Flohr et al. 2016; TAY Project	Global Repositories	Woody Plants (Charcoal)	Tree/Shrub	Chronometric Only
present datasets	25.04.2025		OxA-36173	4833	34		Çamlıbel Tarlası	settlement	Phase CBT I			charcoal		Çorum	Turkey	40.0216	34.6093	Marston et al. 2020	Global Repositories	Woody Plants (Charcoal)	Tree/Shrub	Chronometric Only
present datasets	25.04.2025		OxA-36174	4829	33		Çamlıbel Tarlası	settlement	Phase CBT I			charcoal		Çorum	Turkey	40.0216	34.6093	Marston et al. 2020	Global Repositories	Woody Plants (Charcoal)	Tree/Shrub	Chronometric Only
present datasets	25.04.2025		OZK-882	4735	40		Çamlıbel Tarlası	settlement	Phase CBT IV, Floor 146-3084			seed	Lolium	Çorum	Turkey	40.0216	34.6093	Schoop et al. 2009	Global Repositories	Short-lived Plants	Cereal/Pulse/Seed	Chronometric Only
present datasets	25.04.2025		OZK-883	4790	30		Çamlıbel Tarlası	settlement	Phase CBT IV, Floor 146-3084			grain	Cerealia	Çorum	Turkey	40.0216	34.6093	Schoop et al. 2009	Global Repositories	Short-lived Plants	Cereal/Pulse/Seed	Chronometric Only
present datasets	25.04.2025		OZK-886	4725	35		Çamlıbel Tarlası	settlement	Phase CBT II, Floor 203-2503			grain	Cerealia	Çorum	Turkey	40.0216	34.6093	Schoop et al. 2009	Global Repositories	Short-lived Plants	Cereal/Pulse/Seed	Chronometric Only
present datasets	25.04.2025		OZK-887	4780	30		Çamlıbel Tarlası	settlement	Phase CBT II, Floor 203-3087			grain	Cerealia	Çorum	Turkey	40.0216	34.6093	Schoop et al. 2009	Global Repositories	Short-lived Plants	Cereal/Pulse/Seed	Chronometric Only
present datasets	25.04.2025		AA-41168	7279	56		Can Hasan I	settlement	phase 2B(fallen brick debris [batches 2156-2159, 2161]			charcoal	Juniperus	Karaman	Turkey	37.263	33.331	Erdoğu 2003; Brami and Zanotti 2015; CalPal; Reinbruger and Thissen 2016; Flohr et al. 2016; TAY Project	Global Repositories	Woody Plants (Charcoal)	Tree/Shrub	Chronometric Only
present datasets	25.04.2025		AA-41169	7145	45		Can Hasan I	settlement	phase 2B(fallen brick debris [batches 2156-2159, 2161]			charcoal	Juniperus	Karaman	Turkey	37.263	33.331	Erdoğu 2003; Brami and Zanotti 2015; CalPal; Reinbruger and Thissen 2016; Flohr et al. 2016; TAY Project	Global Repositories	Woody Plants (Charcoal)	Tree/Shrub	Chronometric Only
present datasets	25.04.2025		AA-41170	7853	36		Can Hasan I	settlement	phase 2B(fallen brick debris [batches 2156-2159, 2161]			charcoal	Juniperus	Karaman	Turkey	37.263	33.331	Erdoğu 2003; Brami and Zanotti 2015; CalPal; Reinbruger and Thissen 2016; Flohr et al. 2016; TAY Project	Global Repositories	Woody Plants (Charcoal)	Tree/Shrub	Chronometric Only
present datasets	25.04.2025		AA-41171	7695	33		Can Hasan I	settlement	phase 2B(fallen brick debris [batches 2156-2159, 2161]			charcoal	Juniperus	Karaman	Turkey	37.263	33.331	Erdoğu 2003; Brami and Zanotti 2015; CalPal; Reinbruger and Thissen 2016; Flohr et al. 2016; TAY Project	Global Repositories	Woody Plants (Charcoal)	Tree/Shrub	Chronometric Only
present datasets	25.04.2025		P-789	6980	79		Can Hasan I	settlement	Phase: 2A		Middle Chalcolithic	charcoal		Karaman	Turkey	37.263	33.331	Erdoğu 2003; Brami and Zanotti 2015; CalPal; Reinbruger and Thissen 2016; Flohr et al. 2016; TAY Project	Global Repositories	Woody Plants (Charcoal)	Tree/Shrub	Chronometric Only
present datasets	25.04.2025		P-790	6830	78		Can Hasan I	settlement	phase 2B(fallen brick debris [batches 2156-2159, 2161]		Early Chalcolithic	charcoal		Karaman	Turkey	37.263	33.331	Erdoğu 2003; Brami and Zanotti 2015; CalPal; Reinbruger and Thissen 2016; Flohr et al. 2016; TAY Project	Global Repositories	Woody Plants (Charcoal)	Tree/Shrub	Chronometric Only
present datasets	25.04.2025		P-791	6755	80		Can Hasan I	settlement	Phase: 2B;house 3, W room, burnt fill, point B		Early Chalcolithic	charcoal		Karaman	Turkey	37.263	33.331	Erdoğu 2003; Brami and Zanotti 2015; CalPal; Reinbruger and Thissen 2016; Flohr et al. 2016; TAY Project	Global Repositories	Woody Plants (Charcoal)	Tree/Shrub	Chronometric Only
present datasets	25.04.2025		P-792	6670	76		Can Hasan I	settlement	Phase: 2B;house 3, W room, burnt fill, point B		Early Chalcolithic	charcoal		Karaman	Turkey	37.263	33.331	Erdoğu 2003; Brami and Zanotti 2015; CalPal; Reinbruger and Thissen 2016; Flohr et al. 2016; TAY Project	Global Repositories	Woody Plants (Charcoal)	Tree/Shrub	Chronometric Only
present datasets	25.04.2025		P-793	6254	78		Can Hasan I	settlement	Phase: 2B;house 3, W room, burnt fill, point C		Early Chalcolithic	charcoal		Karaman	Turkey	37.263	33.331	Erdoğu 2003; Brami and Zanotti 2015; CalPal; Reinbruger and Thissen 2016; Flohr et al. 2016; TAY Project	Global Repositories	Woody Plants (Charcoal)	Tree/Shrub	Chronometric Only
present datasets	25.04.2025		P-794	7033	89		Can Hasan I	settlement	Phase: 2B;house 3, W room, burnt fill, Square R23a		Early Chalcolithic	charcoal/seed		Karaman	Turkey	37.263	33.331	Erdoğu 2003; Brami and Zanotti 2015; CalPal; Reinbruger and Thissen 2016; Flohr et al. 2016; TAY Project	Global Repositories	Short-lived Plants	Cereal/Pulse/Seed	Chronometric Only
present datasets	25.04.2025		P-795	6832	78		Can Hasan I	settlement	Phase: 2B;house 3, E room		Early Chalcolithic	charcoal		Karaman	Turkey	37.263	33.331	Erdoğu 2003; Brami and Zanotti 2015; CalPal; Reinbruger and Thissen 2016; Flohr et al. 2016; TAY Project	Global Repositories	Woody Plants (Charcoal)	Tree/Shrub	Chronometric Only
present datasets	25.04.2025		Wk-43249	7070	23		Can Hasan I	settlement	Wall fabric			seed	Pisum sativum	Karaman	Turkey	37.263	33.331	Fairbairn et al. 2020	Global Repositories	Short-lived Plants	Cereal/Pulse/Seed	Chronometric Only
present datasets	25.04.2025		Wk-43418	7053	20		Can Hasan I	settlement	Fill			seed	Pisum sativum	Karaman	Turkey	37.263	33.331	Fairbairn et al. 2020	Global Repositories	Short-lived Plants	Cereal/Pulse/Seed	Chronometric Only
present datasets	25.04.2025		Wk-43419	7095	20		Can Hasan I	settlement	Wall fabric			grain	Hordeum vulgare	Karaman	Turkey	37.263	33.331	Fairbairn et al. 2020	Global Repositories	Short-lived Plants	Cereal/Pulse/Seed	Chronometric Only
present datasets	25.04.2025		BM-1655	7660	70		Can Hasan III	settlement	Aceramic; trench 49L/6F			charcoal		Karaman	Turkey	37.264	33.328	Burleigh et al. 1982	Global Repositories	Woody Plants (Charcoal)	Tree/Shrub	Chronometric Only
present datasets	25.04.2025		BM-1655R	7980	120	-23	Can Hasan III	settlement	Aceramic; trench 49L/6F			charcoal		Karaman	Turkey	37.264	33.328	Ergin 1975; Thissen 2002; Clare and Weninger 2014; Brami and Zanotti 2015; CalPal; Reinbruger and Thissen 2016; Flohr et al. 2016; TAY Project	Global Repositories	Woody Plants (Charcoal)	Tree/Shrub	Chronometric Only
present datasets	25.04.2025		BM-1656	7770	100		Can Hasan III	settlement	Aceramic; trench 49L/17F			charcoal		Karaman	Turkey	37.264	33.328	Burleigh et al. 1982	Global Repositories	Woody Plants (Charcoal)	Tree/Shrub	Chronometric Only
present datasets	25.04.2025		BM-1657	7760	90		Can Hasan III	settlement	Aceramic; trench 49L/28F3			charcoal		Karaman	Turkey	37.264	33.328	Burleigh et al. 1982	Global Repositories	Woody Plants (Charcoal)	Tree/Shrub	Chronometric Only
present datasets	25.04.2025		BM-1657R	8080	130	-25	Can Hasan III	settlement	Aceramic; trench 49L/28F3			charcoal		Karaman	Turkey	37.264	33.328	Ergin 1975; Thissen 2002; Clare and Weninger 2014; Brami and Zanotti 2015; CalPal; Reinbruger and Thissen 2016; Flohr et al. 2016; TAY Project	Global Repositories	Woody Plants (Charcoal)	Tree/Shrub	Chronometric Only
present datasets	25.04.2025		BM-1658	7760	90		Can Hasan III	settlement	Aceramic; trench 49L/29F			charcoal		Karaman	Turkey	37.264	33.328	Burleigh et al. 1982	Global Repositories	Woody Plants (Charcoal)	Tree/Shrub	Chronometric Only
present datasets	25.04.2025		BM-1658R	8060	130	-24	Can Hasan III	settlement	Aceramic; trench 49L/29F			charcoal		Karaman	Turkey	37.264	33.328	Ergin 1975; Thissen 2002; Clare and Weninger 2014; Brami and Zanotti 2015; CalPal; Reinbruger and Thissen 2016; Flohr et al. 2016; TAY Project	Global Repositories	Woody Plants (Charcoal)	Tree/Shrub	Chronometric Only
present datasets	25.04.2025		BM-1660R	8390	140	-23	Can Hasan III	settlement	Aceramic; trench 49L/63F			charcoal		Karaman	Turkey	37.264	33.328	Ergin 1975; Thissen 2002; Clare and Weninger 2014; Brami and Zanotti 2015; CalPal; Reinbruger and Thissen 2016; Flohr et al. 2016; TAY Project	Global Repositories	Woody Plants (Charcoal)	Tree/Shrub	Chronometric Only
present datasets	25.04.2025		BM-1662R	8460	110	-24	Can Hasan III	settlement	Aceramic; trench 49L/148F			charcoal		Karaman	Turkey	37.264	33.328	Ergin 1975; Thissen 2002; Clare and Weninger 2014; Brami and Zanotti 2015; CalPal; Reinbruger and Thissen 2016; Flohr et al. 2016; TAY Project	Global Repositories	Woody Plants (Charcoal)	Tree/Shrub	Chronometric Only
present datasets	25.04.2025		BM-1664R	8470	140	-25	Can Hasan III	settlement	Aceramic; trench 49L/156F			charcoal		Karaman	Turkey	37.264	33.328	Ergin 1975; Thissen 2002; Clare and Weninger 2014; Brami and Zanotti 2015; CalPal; Reinbruger and Thissen 2016; Flohr et al. 2016; TAY Project	Global Repositories	Woody Plants (Charcoal)	Tree/Shrub	Chronometric Only
present datasets	25.04.2025		BM-1667R	8480	110	-24	Can Hasan III	settlement	Aceramic; trench 49L/162F2			charcoal		Karaman	Turkey	37.264	33.328	Ergin 1975; Thissen 2002; Clare and Weninger 2014; Brami and Zanotti 2015; CalPal; Reinbruger and Thissen 2016; Flohr et al. 2016; TAY Project	Global Repositories	Woody Plants (Charcoal)	Tree/Shrub	Chronometric Only
present datasets	25.04.2025		HU-10	7796	140		Can Hasan III	settlement	Aceramic; phase 3, trench 49L, near summit			charcoal		Karaman	Turkey	37.264	33.328	Ergin 1975; Thissen 2002; Clare and Weninger 2014; Brami and Zanotti 2015; CalPal; Reinbruger and Thissen 2016; Flohr et al. 2016; TAY Project	Global Repositories	Woody Plants (Charcoal)	Tree/Shrub	Chronometric Only
present datasets	25.04.2025		HU-11	8584	65		Can Hasan III	settlement	Aceramic; phase 5, trench 49L, near basal layers			charcoal		Karaman	Turkey	37.264	33.328	Ergin 1975; Thissen 2002; Clare and Weninger 2014; Brami and Zanotti 2015; CalPal; Reinbruger and Thissen 2016; Flohr et al. 2016; TAY Project	Global Repositories	Woody Plants (Charcoal)	Tree/Shrub	Chronometric Only
present datasets	25.04.2025		HU-12	8543	66		Can Hasan III	settlement	Aceramic; phase basal, trench 49L			charcoal		Karaman	Turkey	37.264	33.328	Ergin 1975; Thissen 2002; Clare and Weninger 2014; Brami and Zanotti 2015; CalPal; Reinbruger and Thissen 2016; Flohr et al. 2016; TAY Project	Global Repositories	Woody Plants (Charcoal)	Tree/Shrub	Chronometric Only
present datasets	25.04.2025		HU-9	7874	70		Can Hasan III	settlement	Aceramic; phase 1-2, trench 49L, near summit			charcoal		Karaman	Turkey	37.264	33.328	Ergin 1975; Thissen 2002; Clare and Weninger 2014; Brami and Zanotti 2015; CalPal; Reinbruger and Thissen 2016; Flohr et al. 2016; TAY Project	Global Repositories	Woody Plants (Charcoal)	Tree/Shrub	Chronometric Only
present datasets	25.04.2025		OZP-848	8140	50		Can Hasan III	settlement	Wall fabric			nutshell	Amygdalus orientalis/graeca	Karaman	Turkey	37.264	33.328	Fairbairn et al. 2020	Global Repositories	Short-lived Plants	Cereal/Pulse/Seed	Chronometric Only
present datasets	25.04.2025		OZP-849	8215	45		Can Hasan III	settlement	Upper floor			nutshell	Amygdalus orientalis/graeca	Karaman	Turkey	37.264	33.328	Fairbairn et al. 2020	Global Repositories	Short-lived Plants	Cereal/Pulse/Seed	Chronometric Only
present datasets	25.04.2025		OZP-851	8250	45		Can Hasan III	settlement	Floor			nutshell	Amygdalus orientalis/graeca	Karaman	Turkey	37.264	33.328	Fairbairn et al. 2020	Global Repositories	Short-lived Plants	Cereal/Pulse/Seed	Chronometric Only
present datasets	25.04.2025		OZP-852	8245	45		Can Hasan III	settlement	Site fill			nutshell	Amygdalus	Karaman	Turkey	37.264	33.328	Fairbairn et al. 2020	Global Repositories	Short-lived Plants	Cereal/Pulse/Seed	Chronometric Only
present datasets	25.04.2025		OZP-854	8310	40		Can Hasan III	settlement	Wall fabric			grain	Triticum dicoccum	Karaman	Turkey	37.264	33.328	Fairbairn et al. 2020	Global Repositories	Short-lived Plants	Cereal/Pulse/Seed	Chronometric Only
present datasets	25.04.2025		OZP-855	8310	45		Can Hasan III	settlement	Wall fabric			grain	Triticum dicoccum	Karaman	Turkey	37.264	33.328	Fairbairn et al. 2020	Global Repositories	Short-lived Plants	Cereal/Pulse/Seed	Chronometric Only
present datasets	25.04.2025		OZQ-488	8285	40		Can Hasan III	settlement	Wall fabric			grain	Triticum dicoccum	Karaman	Turkey	37.264	33.328	Fairbairn et al. 2020	Global Repositories	Short-lived Plants	Cereal/Pulse/Seed	Chronometric Only
present datasets	25.04.2025		OZQ-489	8245	40		Can Hasan III	settlement	Floor			nutshell	Amygdalus orientalis/graeca	Karaman	Turkey	37.264	33.328	Fairbairn et al. 2020	Global Repositories	Short-lived Plants	Cereal/Pulse/Seed	Chronometric Only
present datasets	25.04.2025		OZT-757	8010	60		Can Hasan III	settlement	Fill beneath			grain	Triticum	Karaman	Turkey	37.264	33.328	Fairbairn et al. 2020	Global Repositories	Short-lived Plants	Cereal/Pulse/Seed	Chronometric Only
present datasets	25.04.2025		OZT-758	8320	60		Can Hasan III	settlement	Fill			grain	Triticum monococcum	Karaman	Turkey	37.264	33.328	Fairbairn et al. 2020	Global Repositories	Short-lived Plants	Cereal/Pulse/Seed	Chronometric Only
present datasets	25.04.2025		OZT-759	8295	45		Can Hasan III	settlement	Floor			grain	Triticum	Karaman	Turkey	37.264	33.328	Fairbairn et al. 2020	Global Repositories	Short-lived Plants	Cereal/Pulse/Seed	Chronometric Only
present datasets	25.04.2025		Wk-40639	8228	27		Can Hasan III	settlement	Floor and			grain	Secale cereale	Karaman	Turkey	37.264	33.328	Fairbairn et al. 2020	Global Repositories	Short-lived Plants	Cereal/Pulse/Seed	Chronometric Only
present datasets	25.04.2025		Wk-40643	8214	27		Can Hasan III	settlement	Wall fabric			grain	Triticum	Karaman	Turkey	37.264	33.328	Fairbairn et al. 2020	Global Repositories	Short-lived Plants	Cereal/Pulse/Seed	Chronometric Only
present datasets	25.04.2025		Wk-40644	8200	26		Can Hasan III	settlement	Fill from slot			grain	Triticum	Karaman	Turkey	37.264	33.328	Fairbairn et al. 2020	Global Repositories	Short-lived Plants	Cereal/Pulse/Seed	Chronometric Only
present datasets	25.04.2025		WK-41920	8279	32		Can Hasan III	settlement	Site fill			grain	Triticum monococcum	Karaman	Turkey	37.264	33.328	Fairbairn et al. 2020	Global Repositories	Short-lived Plants	Cereal/Pulse/Seed	Chronometric Only
present datasets	25.04.2025		WK-41921	8185	28		Can Hasan III	settlement	Occupation			grain	Triticum	Karaman	Turkey	37.264	33.328	Fairbairn et al. 2020	Global Repositories	Short-lived Plants	Cereal/Pulse/Seed	Chronometric Only
present datasets	25.04.2025		WK-41922	8239	80		Can Hasan III	settlement	Floor			grain	Triticum	Karaman	Turkey	37.264	33.328	Fairbairn et al. 2020	Global Repositories	Short-lived Plants	Cereal/Pulse/Seed	Chronometric Only
present datasets	25.04.2025		WK-41923	8129	31		Can Hasan III	settlement	Brown fill			grain	Triticum	Karaman	Turkey	37.264	33.328	Fairbairn et al. 2020	Global Repositories	Short-lived Plants	Cereal/Pulse/Seed	Chronometric Only
present datasets	25.04.2025		WK-41924	8219	28		Can Hasan III	settlement	Wall fabric			grain	Triticum	Karaman	Turkey	37.264	33.328	Fairbairn et al. 2020	Global Repositories	Short-lived Plants	Cereal/Pulse/Seed	Chronometric Only
present datasets	25.04.2025		WK-41925	8209	26		Can Hasan III	settlement	Collapsed			grain	Triticum	Karaman	Turkey	37.264	33.328	Fairbairn et al. 2020	Global Repositories	Short-lived Plants	Cereal/Pulse/Seed	Chronometric Only
present datasets	25.04.2025		WK-41926	8212	29		Can Hasan III	settlement	Floor			grain	Triticum	Karaman	Turkey	37.264	33.328	Fairbairn et al. 2020	Global Repositories	Short-lived Plants	Cereal/Pulse/Seed	Chronometric Only
present datasets	25.04.2025		P-760	2970	50		Cape Gelidonya	shipwreck			Bronze Age	wood (twigs)	quercus	Antalya	Turkey	36.1664	30.4165	Manning and Weninger 1992	Global Repositories	Woody Plants (Charcoal)	Tree/Shrub	Chronometric Only
present datasets	25.04.2025		Unknown-Catal	8060	80		Çatalhöyük East	settlement	building 1, phase 2			charcoal		Konya	Turkey	37.6664	32.8257	CalPal	Global Repositories	Woody Plants (Charcoal)	Tree/Shrub	Chronometric Only
present datasets	25.04.2025		Poz-13570	3450	35		Çatalhöyük East	settlement	Phase , Sp.248			bone	human	Konya	Turkey	37.6664	32.8257	Reingruber and Thissen 2016	Global Repositories	Bone/Teeth (Human/Animal)	Human	Chronometric Only
present datasets	25.04.2025		Poz-13697	3886	41		Çatalhöyük East	settlement	Phase , Infill of Sp.248			bone		Konya	Turkey	37.6664	32.8257	Reingruber and Thissen 2016	Global Repositories	Bone/Teeth (Human/Animal)	Indeterminate	Chronometric Only
present datasets	25.04.2025		Poz-19074	4380	90		Çatalhöyük East	settlement	Phase , Infill of Sp.248			bone	human	Konya	Turkey	37.6664	32.8257	Reingruber and Thissen 2016	Global Repositories	Bone/Teeth (Human/Animal)	Human	Chronometric Only
present datasets	25.04.2025		Poz-13568	6050	50		Çatalhöyük East	settlement	Phase , Infill of Sp.248; TP, disarticulated fragment of a child's skull from the upper part of the infill of Sp.248			bone	human	Konya	Turkey	37.6664	32.8257	Marciniak et al. 2015; Reingruber and Thissen 2016; Flohr et al. 2016	Global Repositories	Bone/Teeth (Human/Animal)	Human	Chronometric Only
present datasets	25.04.2025		Poz-13698	6610	40		Çatalhöyük East	settlement	Phase , Floor of Sp.248; TP, partially articulated mature female skeleton deposited on the floor of Sp.248			bone	human	Konya	Turkey	37.6664	32.8257	Marciniak et al. 2015; Reingruber and Thissen 2016; Flohr et al. 2016	Global Repositories	Bone/Teeth (Human/Animal)	Human	Chronometric Only
present datasets	25.04.2025		Poz-40786	6720	40		Çatalhöyük East	settlement	Phase , Sp.410; TP, probably from part of (7870) that was erroneously excavated as (7882) and so the sample was actually from Sp.410			bone	Ovis	Konya	Turkey	37.6664	32.8257	Marciniak et al. 2015; Reingruber and Thissen 2016; Flohr et al. 2016	Global Repositories	Bone/Teeth (Human/Animal)	Animal	Chronometric Only
present datasets	25.04.2025		Poz-40788	6870	50		Çatalhöyük East	settlement	Phase , Midden in Sp.410; TP, (7867_B), a midden in Sp.410			bone	Ovis/Capra	Konya	Turkey	37.6664	32.8257	Marciniak et al. 2015; Reingruber and Thissen 2016; Flohr et al. 2016	Global Repositories	Bone/Teeth (Human/Animal)	Animal	Chronometric Only
present datasets	25.04.2025		Poz-19104	6990	40		Çatalhöyük East	settlement	Phase , Infill of Sp.248; TP, disarticulated fragment of a child's skull from the upper part of the infill of Sp.248			bone	human	Konya	Turkey	37.6664	32.8257	Marciniak et al. 2015; Reingruber and Thissen 2016; Flohr et al. 2016	Global Repositories	Bone/Teeth (Human/Animal)	Human	Chronometric Only
present datasets	25.04.2025		AA-27983	7015	55	-23	Çatalhöyük East	settlement	unit 2410=6020/6086 buried soil horizons and land surfaces; KOPAL Area; unit 2410=6020/6086 buried soil horizons and land surfaces			charcoal		Konya	Turkey	37.6664	32.8257	CalPal; Brami and Zanotti 2015; Reingruber and Thissen 2016; Flohr et al. 2016	Global Repositories	Woody Plants (Charcoal)	Tree/Shrub	Chronometric Only
present datasets	25.04.2025		UCIAMS-113462	7025	20		Çatalhöyük East	settlement	Phase , Sp.248; TP, first proximate phalanx from articulated left foot of articulated lower left leg and foot under skeleton 11569 in Sp.248			bone	human	Konya	Turkey	37.6664	32.8257	Marciniak et al. 2015; Reingruber and Thissen 2016; Flohr et al. 2016	Global Repositories	Bone/Teeth (Human/Animal)	Human	Chronometric Only
present datasets	25.04.2025		Poz-13569	7090	50		Çatalhöyük East	settlement	Phase , South area of Sp.248; TP, southern area of Sp.248			bone	Bos	Konya	Turkey	37.6664	32.8257	Marciniak et al. 2015; Reingruber and Thissen 2016; Flohr et al. 2016	Global Repositories	Bone/Teeth (Human/Animal)	Animal	Chronometric Only
present datasets	25.04.2025		Poz-24011	7090	70		Çatalhöyük East	settlement	Phase , Floor F.3151 in B.74; TP, floor F.3151 in B.74			charcoal		Konya	Turkey	37.6664	32.8257	Marciniak et al. 2015; Reingruber and Thissen 2016; Flohr et al. 2016	Global Repositories	Woody Plants (Charcoal)	Tree/Shrub	Chronometric Only
present datasets	25.04.2025		Poz-7449	7100	50		Çatalhöyük East	settlement	Level I; TP, burial under building 33; human rib from crouched burial of an infant in a basket from F.1166 in B.33; Phase I, BACH Area; burial under B.33; phase I, BACH Area; burial under B.33			bone	human	Konya	Turkey	37.6664	32.8257	Marciniak and Czerniak 2007; Brami 2014; Brami and Zanotti 2015; Flohr et al. 2016	Global Repositories	Bone/Teeth (Human/Animal)	Human	Chronometric Only
present datasets	25.04.2025		UCIAMS-113460	7130	20		Çatalhöyük East	settlement	Phase , Midden in Sp.412; TP, (7867-A), a midden in Sp.412			bone	Ovis/Capra	Konya	Turkey	37.6664	32.8257	Marciniak et al. 2015; Reingruber and Thissen 2016; Flohr et al. 2016	Global Repositories	Bone/Teeth (Human/Animal)	Animal	Chronometric Only
present datasets	25.04.2025		UCIAMS-113463	7145	20		Çatalhöyük East	settlement	Phase , Crouched burial in basket, F.1166, B.33; TP, human rib from crouched burial of an infant in a basket from F.1166 in B.33			bone	human	Konya	Turkey	37.6664	32.8257	Marciniak et al. 2015; Reingruber and Thissen 2016; Flohr et al. 2016	Global Repositories	Bone/Teeth (Human/Animal)	Human	Chronometric Only
present datasets	25.04.2025		Poz-13700	7150	50		Çatalhöyük East	settlement	Phase , Installation in Sp.248; TP, installation made from a young female human skeleton and cattle bucranion in Sp.248			bone	Bos	Konya	Turkey	37.6664	32.8257	Marciniak et al. 2015; Reingruber and Thissen 2016; Flohr et al. 2016	Global Repositories	Bone/Teeth (Human/Animal)	Animal	Chronometric Only
present datasets	25.04.2025		OxA-X-205811	7160	80	-23.8	Çatalhöyük East	settlement	North Area; building 1, unit 2169, inhaled			charcoal		Konya	Turkey	37.6664	32.8257	Bronk Ramsey et. al. 2009	Global Repositories	Woody Plants (Charcoal)	Tree/Shrub	Chronometric Only
present datasets	25.04.2025		UCIAMS-113461	7175	20		Çatalhöyük East	settlement	Phase , Sp.248; TP, left tibia from articulated leg bones in Sp.248, stratigraphically later than installation 11562/11566/11702			bone	human	Konya	Turkey	37.6664	32.8257	Marciniak et al. 2015; Reingruber and Thissen 2016; Flohr et al. 2016	Global Repositories	Bone/Teeth (Human/Animal)	Human	Chronometric Only
present datasets	25.04.2025		PL-980526B	7180	80	-23	Çatalhöyük East	settlement	unit 2410=6020/6086 buried soil horizons and land surfaces; unassigned; unit 2410=6020/6086 buried soil horizons and land surfaces			charcoal		Konya	Turkey	37.6664	32.8257	CalPal; Flohr et al. 2016	Global Repositories	Woody Plants (Charcoal)	Tree/Shrub	Chronometric Only
present datasets	25.04.2025		Poz-19075	7180	40		Çatalhöyük East	settlement	Phase , Infill of Sp.248; TP, infill of SP.248			bone	human	Konya	Turkey	37.6664	32.8257	Marciniak et al. 2015; Reingruber and Thissen 2016; Flohr et al. 2016	Global Repositories	Bone/Teeth (Human/Animal)	Human	Chronometric Only
present datasets	25.04.2025		Poz-18999	7183	55		Çatalhöyük East	settlement	Phase , Infill in SP.431; TP, infill in Sp.431			charcoal		Konya	Turkey	37.6664	32.8257	Marciniak et al. 2015; Reingruber and Thissen 2016; Flohr et al. 2016	Global Repositories	Woody Plants (Charcoal)	Tree/Shrub	Chronometric Only
present datasets	25.04.2025		OxA-10092	7185	65	-22.167	Çatalhöyük East	settlement	unassigned;unit 6020; KOPAL 1, unit 6086			grain (charred)	Triticum	Konya	Turkey	37.6664	32.8257	Bronk Ramsey et al. 2002 and 2009; Cessford 2005; Brami and Zanotti 2015; Reingruber and Thissen 2016; Flohr et al. 2016; TAY Project	Global Repositories	Short-lived Plants	Cereal/Pulse/Seed	Chronometric Only
present datasets	25.04.2025		OxA-X-1084-07	7190	140	-23	Çatalhöyük East	settlement	North Area; building 1, unit 1424; phase 2B			charcoal		Konya	Turkey	37.6664	32.8257	Cessford 2005; Bronk Ramsey 2009: Brami 2014; Brami and Zanotti 2015; CalPal; Reingruber and Thissen 2016; Flohr et al. 2016	Global Repositories	Woody Plants (Charcoal)	Tree/Shrub	Chronometric Only
present datasets	25.04.2025		Poz-7451	7190	40		Çatalhöyük East	settlement	Level II; TP, roof underneath midden placed under floor of building 33, upper layer / trampled midden in Sp.414; Phase II?, BACH Area; 'roof' beneath midden under floor of B.33, upper layer; phase II, BACH Area; 'roof' beneath midden under floor of B.33, upper layer			charcoal		Konya	Turkey	37.6664	32.8257	Marciniak and Czerniak 2007; Brami 2014; Brami and Zanotti 2015; Flohr et al. 2016	Global Repositories	Woody Plants (Charcoal)	Tree/Shrub	Chronometric Only
present datasets	25.04.2025		Poz-7450	7210	50		Çatalhöyük East	settlement	Level I; TP, oven F.993 in B.33; Phase I, BACH Area; oven in B.33; phase I, BACH Area; oven in B.33			charcoal		Konya	Turkey	37.6664	32.8257	Marciniak and Czerniak 2007; Brami 2014; Brami and Zanotti 2015; Flohr et al. 2016	Global Repositories	Woody Plants (Charcoal)	Tree/Shrub	Chronometric Only
present datasets	25.04.2025		Poz-40793	7250	50		Çatalhöyük East	settlement	Phase , Mortuary deposit in Sp.327; TP, mortuary deposit in Sp.327			bone	human	Konya	Turkey	37.6664	32.8257	Marciniak et al. 2015; Reingruber and Thissen 2016; Flohr et al. 2016	Global Repositories	Bone/Teeth (Human/Animal)	Human	Chronometric Only
present datasets	25.04.2025		Poz-40794	7250	50		Çatalhöyük East	settlement	Phase , Mortuary deposit in Sp.327; TP, mortuary deposit in Sp.327			bone	human	Konya	Turkey	37.6664	32.8257	Marciniak et al. 2015; Reingruber and Thissen 2016; Flohr et al. 2016	Global Repositories	Bone/Teeth (Human/Animal)	Human	Chronometric Only
present datasets	25.04.2025		UCIAMS-113459	7265	25		Çatalhöyük East	settlement	Phase , Infill in SP.439; TP, infill in Sp.439			bone	Ovis	Konya	Turkey	37.6664	32.8257	Marciniak et al. 2015; Reingruber and Thissen 2016; Flohr et al. 2016	Global Repositories	Bone/Teeth (Human/Animal)	Animal	Chronometric Only
present datasets	25.04.2025		Poz-24012	7270	50		Çatalhöyük East	settlement	Phase , Fire installation F.2867, B.72; TP, fire installation F.2867 in B.72			charcoal		Konya	Turkey	37.6664	32.8257	Marciniak et al. 2015; Reingruber and Thissen 2016; Flohr et al. 2016	Global Repositories	Woody Plants (Charcoal)	Tree/Shrub	Chronometric Only
present datasets	25.04.2025		Poz-40792	7270	50		Çatalhöyük East	settlement	Phase , Final use of oven F.1918, B.61; TP, final use of oven F.1918 in B.61			grain (charred)	Hordeum vulgare	Konya	Turkey	37.6664	32.8257	Marciniak et al. 2015; Reingruber and Thissen 2016; Flohr et al. 2016	Global Repositories	Short-lived Plants	Cereal/Pulse/Seed	Chronometric Only
present datasets	25.04.2025		Poz-19006	7280	50		Çatalhöyük East	settlement	Phase , Floor F.3147, B.62; TP, floor F.3147 in B.62			charcoal		Konya	Turkey	37.6664	32.8257	Marciniak et al. 2015; Reingruber and Thissen 2016; Flohr et al. 2016	Global Repositories	Woody Plants (Charcoal)	Tree/Shrub	Chronometric Only
present datasets	25.04.2025		Poz-40790	7290	50		Çatalhöyük East	settlement	Phase , Ashy rake-out of oven F.1918, B.61; TP, ashy rake-out associated with oven F.1918 in B.61			grain (charred)	Triticum	Konya	Turkey	37.6664	32.8257	Marciniak et al. 2015; Reingruber and Thissen 2016; Flohr et al. 2016	Global Repositories	Short-lived Plants	Cereal/Pulse/Seed	Chronometric Only
present datasets	25.04.2025		OxA-X-2054-06	7291	38	-23.8	Çatalhöyük East	settlement	North Area; building 1, unit 2527; nd; nd			charcoal		Konya	Turkey	37.6664	32.8257	Bronk Ramsey et al. 2009; Clare and Weninger 2014; CalPal; Brami and Zanotti 2015; Reingruber and Thissen 2016; Flohr et al. 2016	Global Repositories	Woody Plants (Charcoal)	Tree/Shrub	Chronometric Only
present datasets	25.04.2025		UCIAMS-96512	7295	25	-22.1	Çatalhöyük East	settlement	Phase , Ashy fill of pit F.1938, B.61 second phase; TP, ashy fill of pit F.1938 cut into the floor of the second phase of B.61			seed (charred)	Pisum	Konya	Turkey	37.6664	32.8257	Marciniak et al. 2015; Reingruber and Thissen 2016; Flohr et al. 2016	Global Repositories	Short-lived Plants	Cereal/Pulse/Seed	Chronometric Only
present datasets	25.04.2025		UCIAMS-96513	7300	25	-20.5	Çatalhöyük East	settlement	Phase , Ashy rake-out of oven F.1918, B.61; TP, ashy rake-out associated with oven F.1918 in B.61			grain (charred)	Triticum	Konya	Turkey	37.6664	32.8257	Marciniak et al. 2015; Reingruber and Thissen 2016; Flohr et al. 2016	Global Repositories	Short-lived Plants	Cereal/Pulse/Seed	Chronometric Only
present datasets	25.04.2025		Poz-40796	7310	50		Çatalhöyük East	settlement	Phase , Fill of construction cut fill for B.72; TP, fill of construction cut for B.72			bone	Ovis	Konya	Turkey	37.6664	32.8257	Marciniak et al. 2015; Reingruber and Thissen 2016; Flohr et al. 2016	Global Repositories	Bone/Teeth (Human/Animal)	Animal	Chronometric Only
present datasets	25.04.2025		UCIAMS-96507	7310	35		Çatalhöyük East	settlement	Phase , Fill of oven F.2854, B.73; TP, charcoal-rich fill of oven F.2854			grain (charred)	Triticum	Konya	Turkey	37.6664	32.8257	Marciniak et al. 2015; Reingruber and Thissen 2016; Flohr et al. 2016	Global Repositories	Short-lived Plants	Cereal/Pulse/Seed	Chronometric Only
present datasets	25.04.2025		OxA-X-1084-08	7330	75	-24.7	Çatalhöyük East	settlement	North Area; building 1, unit 1378; building 1, phase 5B; North Area, unit 1378, skeleton			charcoal		Konya	Turkey	37.6664	32.8257	Cessford 2005; Bronk Ramsey et al. 2009; CalPal; Brami and Zanotti 2015; Reingruber and Thissen 2016; Flohr et al. 2016	Global Repositories	Woody Plants (Charcoal)	Tree/Shrub	Chronometric Only
present datasets	25.04.2025		UCIAMS-96510	7335	25	-21.8	Çatalhöyük East	settlement	Phase , Hearth F.1943, B.73; TP, hearth F.1943 in B.73			seed (charred)	Fabaceae	Konya	Turkey	37.6664	32.8257	Marciniak et al. 2015; Reingruber and Thissen 2016; Flohr et al. 2016	Global Repositories	Short-lived Plants	Cereal/Pulse/Seed	Chronometric Only
present datasets	25.04.2025		UCIAMS-96514	7335	30	-23.1	Çatalhöyük East	settlement	Phase , Final use of oven F.1918, B.61; TP, final use of oven F.1918 in B.61			grain (charred)	Hordeum vulgare	Konya	Turkey	37.6664	32.8257	Marciniak et al. 2015; Reingruber and Thissen 2016; Flohr et al. 2016	Global Repositories	Short-lived Plants	Cereal/Pulse/Seed	Chronometric Only
present datasets	25.04.2025		UCIAMS-96506	7350	25	-23.4	Çatalhöyük East	settlement	Phase , Ashy layer, hearth F.2888, B.72; TP, ashy layer in hearth F.2888 in B.72			seed (charred)	Lens	Konya	Turkey	37.6664	32.8257	Marciniak et al. 2015; Reingruber and Thissen 2016; Flohr et al. 2016	Global Repositories	Short-lived Plants	Cereal/Pulse/Seed	Chronometric Only
present datasets	25.04.2025		Poz-40782	7360	50		Çatalhöyük East	settlement	Phase , Ashy layer, hearth F.2888, B.72; TP, ashy layer in hearth F.2888 in B.72			seed (charred)	Lens	Konya	Turkey	37.6664	32.8257	Marciniak et al. 2015; Reingruber and Thissen 2016; Flohr et al. 2016	Global Repositories	Short-lived Plants	Cereal/Pulse/Seed	Chronometric Only
present datasets	25.04.2025		Poz-7452	7360	50		Çatalhöyük East	settlement	Level II; TP, roof underneath midden placed under floor of building 33, lower layer / trampled midden in Sp.414; Phase II?, BACH Area; roof' beneath midden under floor of B.33, lower layer; phase II, BACH Area; roof' beneath midden under floor of B.33, lower layer			charcoal		Konya	Turkey	37.6664	32.8257	Marciniak and Czerniak 2007; Brami 2014; Brami and Zanotti 2015; Flohr et al. 2016	Global Repositories	Woody Plants (Charcoal)	Tree/Shrub	Chronometric Only
present datasets	25.04.2025		Poz-40795	7380	60		Çatalhöyük East	settlement	Phase , Infill in Sp.420; TP, infill in Sp.420			bone	Ovis	Konya	Turkey	37.6664	32.8257	Marciniak et al. 2015; Reingruber and Thissen 2016; Flohr et al. 2016	Global Repositories	Bone/Teeth (Human/Animal)	Animal	Chronometric Only
present datasets	25.04.2025		Poz-13571	7390	40		Çatalhöyük East	settlement	Phase , Floor F.3135, B.61; TP, from floor F.3135 in B.61			charcoal		Konya	Turkey	37.6664	32.8257	Marciniak et al. 2015; Reingruber and Thissen 2016; Flohr et al. 2016	Global Repositories	Woody Plants (Charcoal)	Tree/Shrub	Chronometric Only
present datasets	25.04.2025		UCIAMS-96508	7405	25	-24.4	Çatalhöyük East	settlement	Phase , Ash and charcoal concentration, F.3182 oven rake-out, B.72; TP, circular concentration of ash and charcoal F.3182, probably rake-out from oven F.1940 in B.72			plant remains (charred)	Poaceae	Konya	Turkey	37.6664	32.8257	Marciniak et al. 2015; Reingruber and Thissen 2016; Flohr et al. 2016	Global Repositories	Short-lived Plants	Cereal/Pulse/Seed	Chronometric Only
present datasets	25.04.2025		Poz-40785	7410	50		Çatalhöyük East	settlement	Phase , charcoal and ash layer on floor of oven F.1940, B.72; TP, layer of charcoal and ash on floor of oven F.1940 in B.72			seed (charred)	Pisum	Konya	Turkey	37.6664	32.8257	Marciniak et al. 2015; Reingruber and Thissen 2016; Flohr et al. 2016	Global Repositories	Short-lived Plants	Cereal/Pulse/Seed	Chronometric Only
present datasets	25.04.2025		Poz-19001	7430	50		Çatalhöyük East	settlement	Phase , Floor F.3132, B.61; TP, occupation layer on floor F.3132			charcoal		Konya	Turkey	37.6664	32.8257	Marciniak et al. 2015; Reingruber and Thissen 2016; Flohr et al. 2016	Global Repositories	Woody Plants (Charcoal)	Tree/Shrub	Chronometric Only
present datasets	25.04.2025		UCIAMS-96505	7430	25	-16.9	Çatalhöyük East	settlement	Phase , Fill in oven F.3181; latest use of unexcavated B.81; TP, dark fill in oven F.3181			plant remains (charred)	Monocotyledon	Konya	Turkey	37.6664	32.8257	Marciniak et al. 2015; Reingruber and Thissen 2016; Flohr et al. 2016	Global Repositories	Short-lived Plants	Cereal/Pulse/Seed	Chronometric Only
present datasets	25.04.2025		UCIAMS-96509	7430	30		Çatalhöyük East	settlement	Phase , charcoal and ash layer on floor of oven F.1940, B.72; TP, layer of charcoal and ash on floor of oven F.1940 in B.72			seed (charred)	Pisum	Konya	Turkey	37.6664	32.8257	Marciniak et al. 2015; Reingruber and Thissen 2016; Flohr et al. 2016	Global Repositories	Short-lived Plants	Cereal/Pulse/Seed	Chronometric Only
present datasets	25.04.2025		Poz-19007	7440	50		Çatalhöyük East	settlement	Phase , Oven F.1940 in B.72; TP, oven F.1940 in B.72			charcoal		Konya	Turkey	37.6664	32.8257	Marciniak et al. 2015; Reingruber and Thissen 2016; Flohr et al. 2016	Global Repositories	Woody Plants (Charcoal)	Tree/Shrub	Chronometric Only
present datasets	25.04.2025		UCIAMS-96511	7445	30	-22.8	Çatalhöyük East	settlement	Phase , Fill of hearth F.1933, B.62; TP, charcoal-rich fill of hearth F.1933 in B.62			nutshell (charred)	Amygdalus/Prunus	Konya	Turkey	37.6664	32.8257	Reingruber and Thissen 2016; Flohr et al. 2016	Global Repositories	Short-lived Plants	Cereal/Pulse/Seed	Chronometric Only
present datasets	25.04.2025		Poz-19004	7450	50		Çatalhöyük East	settlement	Phase , Floor F.3132, B.61; TP, floor F.3132 in B.61			charcoal		Konya	Turkey	37.6664	32.8257	Marciniak et al. 2015; Reingruber and Thissen 2016; Flohr et al. 2016	Global Repositories	Woody Plants (Charcoal)	Tree/Shrub	Chronometric Only
present datasets	25.04.2025		Poz-40784	7450	50		Çatalhöyük East	settlement	Phase , Ash and charcoal concentration, F.3182 oven rake-out, B.72; TP, circular concentration of ash and charcoal F.3182, probably rake-out from oven F.1940 in B.72			plant remains (charred)	Poaceae	Konya	Turkey	37.6664	32.8257	Marciniak et al. 2015; Reingruber and Thissen 2016; Flohr et al. 2016	Global Repositories	Short-lived Plants	Cereal/Pulse/Seed	Chronometric Only
present datasets	25.04.2025		Poz-40789	7450	50		Çatalhöyük East	settlement	Phase , Ashy fill of pit F.1938, B.61 second phase; TP, ashy fill of pit F.1938 cut into the floor of the second phase of B.61			seed (charred)	Pisum	Konya	Turkey	37.6664	32.8257	Marciniak et al. 2015; Reingruber and Thissen 2016; Flohr et al. 2016	Global Repositories	Short-lived Plants	Cereal/Pulse/Seed	Chronometric Only
present datasets	25.04.2025		Poz-19002	7460	70		Çatalhöyük East	settlement	Phase , Floor F.3135, B.61; TP, from floor F.3135 in B.61			charcoal		Konya	Turkey	37.6664	32.8257	Marciniak et al. 2015; Reingruber and Thissen 2016; Flohr et al. 2016	Global Repositories	Woody Plants (Charcoal)	Tree/Shrub	Chronometric Only
present datasets	25.04.2025		Poz-19005	7460	50		Çatalhöyük East	settlement	Phase , Hearth F.1933, B.62; TP, hearth F.1933 in B.62			charcoal		Konya	Turkey	37.6664	32.8257	Marciniak et al. 2015; Reingruber and Thissen 2016; Flohr et al. 2016	Global Repositories	Woody Plants (Charcoal)	Tree/Shrub	Chronometric Only
present datasets	25.04.2025		Poz-40783	7460	50		Çatalhöyük East	settlement	Phase , Fill of oven F.2854, B.73; TP, charcoal-rich fill of oven F.2854			grain (charred)	Triticum	Konya	Turkey	37.6664	32.8257	Marciniak et al. 2015; Reingruber and Thissen 2016; Flohr et al. 2016	Global Repositories	Short-lived Plants	Cereal/Pulse/Seed	Chronometric Only
present datasets	25.04.2025		OxA-11176	7465	75	-21.65	Çatalhöyük East	settlement	Level VI;unit 1417, floor sequence, building 1; phase VI, North Area; building 1, phase 2B, unit 1417, floor sequence; building 1, phase 2B; North Area, unit 1417, floor sequence			grain (charred)	Hordeum/Triticum	Konya	Turkey	37.6664	32.8257	Cessford 2005; Bronk Ramsey et al. 2009; Clare and Weninger 2014; CalPal; Brami and Zanotti 2015; Reingruber and Thissen 2016; Flohr et al. 2016	Global Repositories	Short-lived Plants	Cereal/Pulse/Seed	Chronometric Only
present datasets	25.04.2025		P-1361	7499	93		Çatalhöyük East	settlement	Level V;F.V.1, hearth, South Area			charcoal	Juniperus	Konya	Turkey	37.6664	32.8257	Stuckenrath and Lawn 1969; Cessford 2005; Clare and Weninger 2014; Brami and Zanotti 2015; Reingruber and Thissen 2016; Flohr et al. 2016; TAY Project	Global Repositories	Woody Plants (Charcoal)	Tree/Shrub	Chronometric Only
present datasets	25.04.2025		P-769	7505	93		Çatalhöyük East	settlement	Level VIA;shrine E.VI.25; South Area, probably storage bin			grain	Cerealia	Konya	Turkey	37.6664	32.8257	Cessford 2005; CalPal; Brami and Zanotti 2015; Reingruber and Thissen 2016; Flohr et al. 2016	Global Repositories	Short-lived Plants	Cereal/Pulse/Seed	Chronometric Only
present datasets	25.04.2025		OxA-11078	7515	60	-22.2	Çatalhöyük East	settlement	Level VI;unit 1415, floor sequence, building 1; phase VI, North Area; building 1, phase 2C, unit 1415, floor sequence; building 1, phase 2C; North Area, unit 1415, floor sequence			grain (charred)	Triticum dicoccum	Konya	Turkey	37.6664	32.8257	Cessford 2005; Bronk Ramsey et al. 2009; Clare and Weninger 2014; CalPal; Brami and Zanotti 2015; Reingruber and Thissen 2016; Flohr et al. 2016	Global Repositories	Short-lived Plants	Cereal/Pulse/Seed	Chronometric Only
present datasets	25.04.2025		P-796	7521	77		Çatalhöyük East	settlement	Level II;shrine AII.1; South Area, bin or hearth			grain	Cerealia	Konya	Turkey	37.6664	32.8257	Cessford 2005; Clare and Weninger 2014; Brami and Zanotti 2015; Reingruber and Thissen 2016; Flohr et al. 2016; TAY Project	Global Repositories	Short-lived Plants	Cereal/Pulse/Seed	Chronometric Only
present datasets	25.04.2025		P-781	7524	90		Çatalhöyük East	settlement	Level VIB;A.VI.1, roof beam; South Area			charcoal	Quercus	Konya	Turkey	37.6664	32.8257	Cessford 2005; Clare and Weninger 2014; Brami and Zanotti 2015; Reingruber and Thissen 2016; Flohr et al. 2016; TAY Project	Global Repositories	Woody Plants (Charcoal)	Tree/Shrub	Chronometric Only
present datasets	25.04.2025		OxA-11269	7530	45	-11.39	Çatalhöyük East	settlement	North Area; building 1, unit 3030; building 1, phase E; North Area, unit 3030, external fill			seed (silicified)	Celtis	Konya	Turkey	37.6664	32.8257	Cessford 2005; Bronk Ramsey et al. 2009; CalPal; Brami and Zanotti 2015; Reingruber and Thissen 2016; Flohr et al. 2016	Global Repositories	Short-lived Plants	Cereal/Pulse/Seed	Chronometric Only
present datasets	25.04.2025		Poz-13696	7530	50		Çatalhöyük East	settlement	Phase , Basal fill of pit F.1916, B.61; TP, from the basal fill of pit F.1916 in B.61			charcoal		Konya	Turkey	37.6664	32.8257	Marciniak et al. 2015; Reingruber and Thissen 2016; Flohr et al. 2016	Global Repositories	Woody Plants (Charcoal)	Tree/Shrub	Chronometric Only
present datasets	25.04.2025		P-774	7531	94		Çatalhöyük East	settlement	level III; South Area, A.III.1			charcoal		Konya	Turkey	37.6664	32.8257	Cessford 2015; Brami and Zanotti 2015; Reingruber and Thissen 2016; Flohr et al. 2016; TAY Project	Global Repositories	Woody Plants (Charcoal)	Tree/Shrub	Chronometric Only
present datasets	25.04.2025		OxA-11182	7535	45	-15.5	Çatalhöyük East	settlement	Level VI;unit 1344, storage, building 1			bone	Capra	Konya	Turkey	37.6664	32.8257	Cessford 2005; CalPal; Brami and Zanotti 2015; Reingruber and Thissen 2016; Flohr et al. 2016	Global Repositories	Bone/Teeth (Human/Animal)	Animal	Chronometric Only
present datasets	25.04.2025		P-778	7538	89		Çatalhöyük East	settlement	Level VII;room E.VII.24; South Area, probably storage bin			grain	Cerealia	Konya	Turkey	37.6664	32.8257	Cessford 2005; Clare and Weninger 2014; Brami and Zanotti 2015; Reingruber and Thissen 2016; Flohr et al. 2016; TAY Project	Global Repositories	Short-lived Plants	Cereal/Pulse/Seed	Chronometric Only
present datasets	25.04.2025		Poz-19000	7539	47		Çatalhöyük East	settlement	Phase , Platform F.2892 in B.74; TP, platform F.2892 in B.74			seeds (charred)		Konya	Turkey	37.6664	32.8257	Marciniak et al. 2015; Reingruber and Thissen 2016; Flohr et al. 2016	Global Repositories	Short-lived Plants	Cereal/Pulse/Seed	Chronometric Only
present datasets	25.04.2025		OxA-11077	7540	60	-23.332	Çatalhöyük East	settlement	Level VI;unit 1344, storage, building 1; phase VI, North Area; building 1, phase 3, unit 1344, storage; building 1, phase 3; North Area, unit 1344, storage			seeds (charred)	Lens	Konya	Turkey	37.6664	32.8257	Cessford 2005; Bronk Ramsey et al. 2009; Clare and Weninger 2014; CalPal; Brami and Zanotti 2015; Reingruber and Thissen 2016; Flohr et al. 2016	Global Repositories	Short-lived Plants	Cereal/Pulse/Seed	Chronometric Only
present datasets	25.04.2025		P-772	7572	91		Çatalhöyük East	settlement	Level VI;E.VI.1, post; South Area			charcoal	Quercus	Konya	Turkey	37.6664	32.8257	Cessford 2005; Clare and Weninger 2014; Brami and Zanotti 2015; Reingruber and Thissen 2016; Flohr et al. 2016; TAY Project	Global Repositories	Woody Plants (Charcoal)	Tree/Shrub	Chronometric Only
present datasets	25.04.2025		P-827	7579	86		Çatalhöyük East	settlement	Level VI;E.VI.1, burial 3			charred brain	human	Konya	Turkey	37.6664	32.8257	Cessford 2005; Clare and Weninger 2014; Brami and Zanotti 2015; Reingruber and Thissen 2016; Flohr et al. 2016; TAY Project	Global Repositories	Anthropic/Residues	Organic Residue/Artifact	Chronometric Only
present datasets	25.04.2025		OxA-11079	7590	60	-22.625	Çatalhöyük East	settlement	Level VI;unit 1429, floor sequence, building 1; phase VI, North Area; building 1, phase 2B, unit 1429, floor sequence; building 1, phase 2B; North Area, unit 1429, floor sequence			grain (charred)	Hordeum/Triticum	Konya	Turkey	37.6664	32.8257	Bronk Ramsey et al. 2009; Clare and Weninger 2014; CalPal; Brami and Zanotti 2015; Reingruber and Thissen 2016; Flohr et al. 2016	Global Repositories	Short-lived Plants	Cereal/Pulse/Seed	Chronometric Only
present datasets	25.04.2025		OxA-16797	7598	43	-18.66	Çatalhöyük East	settlement	phase VI, North Area; building 1			bone	Ovis/Capra	Konya	Turkey	37.6664	32.8257	Bronk Ramsey et al. 2009; Clare and Weninger 2014; CalPal; Brami and Zanotti 2015; Reingruber and Thissen 2016; Flohr et al. 2016	Global Repositories	Bone/Teeth (Human/Animal)	Animal	Chronometric Only
present datasets	25.04.2025		AA-19344	7620	50	-22.3	Çatalhöyük East	settlement	Level IV; phase IV, BACH Area; C-TU-CTL-C; level IV; South Area, E.IV.1, post			charcoal	Juniperus	Konya	Turkey	37.6664	32.8257	Cessford 2005; Clare and Weninger 2014; Brami and Zanotti 2015; Reingruber and Thissen 2016; Flohr et al. 2016; TAY Project	Global Repositories	Woody Plants (Charcoal)	Tree/Shrub	Chronometric Only
present datasets	25.04.2025		OxA-11045	7620	45	-21.008	Çatalhöyük East	settlement	unit 3036, external fill; phase VI, North Area; building 1, phase E, unit 3036, external fill; building 1, phase E; North Area, unit 3036, external fill			seeds (charred)	Lens	Konya	Turkey	37.6664	32.8257	Cessford 2005; Bronk Ramsey et al. 2009; Clare and Weninger 2014; CalPal; Brami and Zanotti 2015; Reingruber and Thissen 2016; Flohr et al. 2016	Global Repositories	Short-lived Plants	Cereal/Pulse/Seed	Chronometric Only
present datasets	25.04.2025		PL-980515A	7620	100		Çatalhöyük East	settlement	Level VI/VII;unit 2256, building 3; phase VII/VI, BACH Area; unit 2256			seeds (charred)		Konya	Turkey	37.6664	32.8257	Clare and Weninger 2014; CalPal; Brami and Zanotti 2015; Reingruber and Thissen 2016; Flohr et al. 2016	Global Repositories	Short-lived Plants	Cereal/Pulse/Seed	Chronometric Only
present datasets	25.04.2025		Poz-13573	7620	50		Çatalhöyük East	settlement	Phase , Platform F.3134, B.61; TP, platform F.3134 in B.61			charcoal		Konya	Turkey	37.6664	32.8257	Marciniak et al. 2015; Reingruber and Thissen 2016; Flohr et al. 2016	Global Repositories	Woody Plants (Charcoal)	Tree/Shrub	Chronometric Only
present datasets	25.04.2025		AA-19345	7626	52	-23	Çatalhöyük East	settlement	Level IV; phase IV, BACH Area; C-TU-CTL-D; level IV; South Area, E.IV.1, post			charcoal	Juniperus	Konya	Turkey	37.6664	32.8257	Cessford 2005; Clare and Weninger 2014; Brami and Zanotti 2015; Reingruber and Thissen 2016; Flohr et al. 2016; TAY Project	Global Repositories	Woody Plants (Charcoal)	Tree/Shrub	Chronometric Only
present datasets	25.04.2025		P-797	7629	90		Çatalhöyük East	settlement	Level VIB;E.VI.28, post; South Area			charcoal	Juniperus	Konya	Turkey	37.6664	32.8257	Cessford 2005; Clare and Weninger 2014; Brami and Zanotti 2015; Reingruber and Thissen 2016; Flohr et al. 2016; TAY Project	Global Repositories	Woody Plants (Charcoal)	Tree/Shrub	Chronometric Only
present datasets	25.04.2025		OxA-11007	7630	45	-18.4	Çatalhöyük East	settlement	Level VI;unit 1334, pit fill, building 1, worked point 1334.X14			bone	Ovis/Capra	Konya	Turkey	37.6664	32.8257	Clare and Weninger 2014; CalPal; Brami and Zanotti 2015; Reingruber and Thissen 2016; Flohr et al. 2016	Global Repositories	Bone/Teeth (Human/Animal)	Animal	Chronometric Only
present datasets	25.04.2025		OxA-11268	7630	50	-9.36	Çatalhöyük East	settlement	North Area; building 1, unit 3036; building 1, phase E; North Area, unit 3036, external fill			seeds (calcified)	Celtis	Konya	Turkey	37.6664	32.8257	Cessford 2005; Bronk Ramsey et al. 2009; CalPal; Brami and Zanotti 2015; Reingruber and Thissen 2016; Flohr et al. 2016	Global Repositories	Short-lived Plants	Cereal/Pulse/Seed	Chronometric Only
present datasets	25.04.2025		OxA-11040	7640	45	-21.733	Çatalhöyük East	settlement	Level VI;unit 1459, floor sequence, building 1; phase VI, North Area; building 1, phase 2B, unit 1459, floor sequence; building 1, phase 2B; North Area, unit 1459, floor sequence			grain (charred)	Hordeum/Triticum	Konya	Turkey	37.6664	32.8257	Cessford 2005; Bronk Ramsey et al. 2009; Clare and Weninger 2014; CalPal; Brami and Zanotti 2015; Reingruber and Thissen 2016; Flohr et al. 2016	Global Repositories	Short-lived Plants	Cereal/Pulse/Seed	Chronometric Only
present datasets	25.04.2025		P-776	7640	91		Çatalhöyük East	settlement	Level VI;E.V.4, post; South Area			charcoal	Juniperus	Konya	Turkey	37.6664	32.8257	Cessford 2005; Clare and Weninger 2014; Brami and Zanotti 2015; Reingruber and Thissen 2016; Flohr et al. 2016; TAY Project	Global Repositories	Woody Plants (Charcoal)	Tree/Shrub	Chronometric Only
present datasets	25.04.2025		PL-9800562A	7640	90	-22.7	Çatalhöyük East	settlement	unit 1416, floor sequence, building 1; Level VI; unit 1416, floor sequence, building 1			grain (charred)	Cerealia	Konya	Turkey	37.6664	32.8257	CalPal; Reingruber and Thissen 2016; Flohr et al. 2016	Global Repositories	Short-lived Plants	Cereal/Pulse/Seed	Chronometric Only
present datasets	25.04.2025		OxA-11041	7655	45	-22.596	Çatalhöyük East	settlement	Level VI;unit 2142, fill of posthole, building 1; phase VI, North Area; building 1, phase 3, unit 2142 fill of posthole; building 1, phase 3; North Area, unit 2142, fill of posthole			grain (charred)	Hordeum vulgare	Konya	Turkey	37.6664	32.8257	Cessford 2005; Bronk Ramsey et al. 2009; Clare and Weninger 2014; CalPal; Brami and Zanotti 2015; Reingruber and Thissen 2016; Flohr et al. 2016	Global Repositories	Short-lived Plants	Cereal/Pulse/Seed	Chronometric Only
present datasets	25.04.2025		OxA-16798	7657	43	-18.113	Çatalhöyük East	settlement	phase VI, North Area; building 1, unit 1378			bone	human	Konya	Turkey	37.6664	32.8257	Cessford 2005; Bronk Ramsey et al. 2009; Clare and Weninger 2014; CalPal; Brami and Zanotti 2015; Reingruber and Thissen 2016; Flohr et al. 2016	Global Repositories	Bone/Teeth (Human/Animal)	Human	Chronometric Only
present datasets	25.04.2025		P-1375	7661	99		Çatalhöyük East	settlement	Level VI;E.VI.25, burnt post; South Area			charcoal	Ulmus	Konya	Turkey	37.6664	32.8257	Cessford 2005; Clare and Weninger 2014; Brami and Zanotti 2015; Reingruber and Thissen 2016; Flohr et al. 2016; TAY Project	Global Repositories	Woody Plants (Charcoal)	Tree/Shrub	Chronometric Only
present datasets	25.04.2025		AA-19346	7670	50	-23.1	Çatalhöyük East	settlement	Level IV; phase IV, BACH Area; C-TU-CTL-E; level IV; South Area, E.IV.1, post			charcoal	Juniperus	Konya	Turkey	37.6664	32.8257	Cessford 2005; Clare and Weninger 2014; Brami and Zanotti 2015; Reingruber and Thissen 2016; Flohr et al. 2016; TAY Project	Global Repositories	Woody Plants (Charcoal)	Tree/Shrub	Chronometric Only
present datasets	25.04.2025		OxA-11545	7670	40	-22.783	Çatalhöyük East	settlement	Level VI;unit 1391, stakehole, building 1; phase VI, North Area; building 1, phase 4, unit 1391, stakehole; building 1, phase 4; North Area, unit 1391, stakehole			seeds (charred)	Leguminosae	Konya	Turkey	37.6664	32.8257	Cessford 2005; Bronk Ramsey et al. 2009; Clare and Weninger 2014; CalPal; Brami and Zanotti 2015; Reingruber and Thissen 2016; Flohr et al. 2016	Global Repositories	Short-lived Plants	Cereal/Pulse/Seed	Chronometric Only
present datasets	25.04.2025		OxA-11031	7675	50	-23.163	Çatalhöyük East	settlement	Level VI;unit 1390, stakehole, building 1; phase VI, North Area; building 1, phase 4, unit 1390, stakehole; building 1, phase 4; North Area, unit 1390, stakehole			grain (charred)	Hordeum/Triticum	Konya	Turkey	37.6664	32.8257	Cessford 2005; Bronk Ramsey et al. 2009; Clare and Weninger 2014; CalPal; Brami and Zanotti 2015; Reingruber and Thissen 2016; Flohr et al. 2016	Global Repositories	Short-lived Plants	Cereal/Pulse/Seed	Chronometric Only
present datasets	25.04.2025		OxA-11043	7680	50	-22.848	Çatalhöyük East	settlement	Level VI;unit 2166, general fill, building 1; phase VI, North Area; building 1, phase 1B, unit 2166, general fill; building 1, phase 1B; North Area, unit 2166, general fill			grain (charred)	Triticum dicoccum	Konya	Turkey	37.6664	32.8257	Cessford 2005; Bronk Ramsey et al. 2009; Clare and Weninger 2014; CalPal; Brami and Zanotti 2015; Reingruber and Thissen 2016; Flohr et al. 2016	Global Repositories	Short-lived Plants	Cereal/Pulse/Seed	Chronometric Only
present datasets	25.04.2025		OxA-11044	7680	50	-20.952	Çatalhöyük East	settlement	Level VI;unit 3030, external fill; phase VI, North Area; building 1, phase E, unit 3030, external fill; building 1, phase E; North Area, unit 3030, external fill			grain (charred)	Hordeum/Triticum	Konya	Turkey	37.6664	32.8257	Cessford 2005; Bronk Ramsey et al. 2009; Clare and Weninger 2014; CalPal; Brami and Zanotti 2015; Reingruber and Thissen 2016; Flohr et al. 2016	Global Repositories	Short-lived Plants	Cereal/Pulse/Seed	Chronometric Only
present datasets	25.04.2025		P-1366	7684	90		Çatalhöyük East	settlement	Level VII;shrine E.VIII.45, fill; South Area			charcoal		Konya	Turkey	37.6664	32.8257	Cessford 2005; Clare and Weninger 2014; Brami and Zanotti 2015; Reingruber and Thissen 2016; Flohr et al. 2016; TAY Project	Global Repositories	Woody Plants (Charcoal)	Tree/Shrub	Chronometric Only
present datasets	25.04.2025		OxA-11030	7685	40	-23.456	Çatalhöyük East	settlement	Level VI;unit 1358, floor sequence, building 1; phase VI, North Area; building 1, phase 4, unit 1358, floor sequence; building 1, phase 4; North Area, unit 1358, floor sequence			grain (charred)	Triticum dicoccum	Konya	Turkey	37.6664	32.8257	Cessford 2005; Bronk Ramsey et al. 2009; Clare and Weninger 2014; CalPal; Brami and Zanotti 2015; Reingruber and Thissen 2016; Flohr et al. 2016	Global Repositories	Short-lived Plants	Cereal/Pulse/Seed	Chronometric Only
present datasets	25.04.2025		OxA-16801	7690	43	-18.552	Çatalhöyük East	settlement	phase VI, North Area; building 1, unit 2115			bone	human	Konya	Turkey	37.6664	32.8257	Bronk Ramsey et al. 2009; Clare and Weninger 2014; CalPal; Brami and Zanotti 2015; Reingruber and Thissen 2016; Flohr et al. 2016	Global Repositories	Bone/Teeth (Human/Animal)	Human	Chronometric Only
present datasets	25.04.2025		AA-27979	7700	60	-23.5	Çatalhöyük East	settlement	Level VI;unit 1416, floor sequence; phase VI, North Area; building 1, phase 2, unit 1416 floor of sequence; building 1, phase 2; North Area, unit 1416, floor sequence			grain (charred)	Cerealia	Konya	Turkey	37.6664	32.8257	Cessford 2005; Bronk Ramsey et al. 2009; Clare and Weninger 2014; CalPal; Brami and Zanotti 2015; Reingruber and Thissen 2016; Flohr et al. 2016	Global Repositories	Short-lived Plants	Cereal/Pulse/Seed	Chronometric Only
present datasets	25.04.2025		Poz-24009	7700	50		Çatalhöyük East	settlement	Phase , Floor F.3141, B.72; TP, floor F.3441 in B.72			charcoal		Konya	Turkey	37.6664	32.8257	Marciniak et al. 2015; Reingruber and Thissen 2016; Flohr et al. 2016	Global Repositories	Woody Plants (Charcoal)	Tree/Shrub	Chronometric Only
present datasets	25.04.2025		OxA-16800	7704	45	-19.478	Çatalhöyük East	settlement	phase VI, North Area; building 1, unit 1960			bone	human	Konya	Turkey	37.6664	32.8257	Cessford 2005; Bronk Ramsey et al. 2009; Clare and Weninger 2014; CalPal; Brami and Zanotti 2015; Reingruber and Thissen 2016; Flohr et al. 2016	Global Repositories	Bone/Teeth (Human/Animal)	Human	Chronometric Only
present datasets	25.04.2025		P-777	7704	91		Çatalhöyük East	settlement	Level VIB;E.VI.10, post; South Area			charcoal	Juniperus	Konya	Turkey	37.6664	32.8257	Cessford 2005; Clare and Weninger 2014; Brami and Zanotti 2015; Reingruber and Thissen 2016; Flohr et al. 2016; TAY Project	Global Repositories	Woody Plants (Charcoal)	Tree/Shrub	Chronometric Only
present datasets	25.04.2025		OxA-11712	7705	55	-23.004	Çatalhöyük East	settlement	Level VI;unit 1332, storage, building 1; phase VI, North Area; building 1, phase 3, unit 1332, storage; building 1, phase 3; North Area, unit 1332, storage			seeds (charred)	Lens	Konya	Turkey	37.6664	32.8257	Cessford 2005; Bronk Ramsey et al. 2009; Clare and Weninger 2014; CalPal; Brami and Zanotti 2015; Reingruber and Thissen 2016; Flohr et al. 2016	Global Repositories	Short-lived Plants	Cereal/Pulse/Seed	Chronometric Only
present datasets	25.04.2025		OxA-16799	7707	44	-19.659	Çatalhöyük East	settlement	phase VI, North Area; building 1, unit 1959			bone	human	Konya	Turkey	37.6664	32.8257	Cessford 2005; Bronk Ramsey et al. 2009; Clare and Weninger 2014; CalPal; Brami and Zanotti 2015; Reingruber and Thissen 2016; Flohr et al. 2016	Global Repositories	Bone/Teeth (Human/Animal)	Human	Chronometric Only
present datasets	25.04.2025		AA-18105	7710	100	-23.9	Çatalhöyük East	settlement	Level IV; phase IV, BACH Area; C-TU-CTL-B; level IV; South Area, E.IV.1, post			charcoal	Juniperus	Konya	Turkey	37.6664	32.8257	Cessford 2005; Clare and Weninger 2014; Brami and Zanotti 2015; Reingruber and Thissen 2016; Flohr et al. 2016; TAY Project	Global Repositories	Woody Plants (Charcoal)	Tree/Shrub	Chronometric Only
present datasets	25.04.2025		AA-27978	7710	70	-22.1	Çatalhöyük East	settlement	phase VI, North Area; building 1, phase 3, unit 1349 fill of basin; building 1, phase 3; North Area, unit 1349, fill of basin			grain (charred)	Cerealia	Konya	Turkey	37.6664	32.8257	Cessford 2005; Clare and Weninger 2014; CalPal; Brami and Zanotti 2015; Reingruber and Thissen 2016; Flohr et al. 2016	Global Repositories	Short-lived Plants	Cereal/Pulse/Seed	Chronometric Only
present datasets	25.04.2025		OxA-11155	7710	50	-21.611	Çatalhöyük East	settlement	Level VI;unit 1454, floor sequence, building 1; phase VI, North Area; building 1, phase 2C, unit 1454, floor sequence; building 1, phase 2C; North Area, unit 1454, floor sequence			grain (charred)	Hordeum/Triticum	Konya	Turkey	37.6664	32.8257	Cessford 2005; Bronk Ramsey et al. 2009; Clare and Weninger 2014; CalPal; Brami and Zanotti 2015; Reingruber and Thissen 2016; Flohr et al. 2016	Global Repositories	Short-lived Plants	Cereal/Pulse/Seed	Chronometric Only
present datasets	25.04.2025		PL-972139A	7710	70	-23	Çatalhöyük East	settlement	Level VI;unit 1349, fill of basin, building 1; phase VI, North Area; building 1, phase 3, unit 1349 fill of basin; building 1, phase 3; North Area, unit 1349, fill of basin			grain (charred)	Cerealia	Konya	Turkey	37.6664	32.8257	Cessford 2005; Clare and Weninger 2014; CalPal; Brami and Zanotti 2015; Reingruber and Thissen 2016; Flohr et al. 2016	Global Repositories	Short-lived Plants	Cereal/Pulse/Seed	Chronometric Only
present datasets	25.04.2025		OxA-16802	7712	43	-18.484	Çatalhöyük East	settlement	phase VI, North Area; building 1, unit 2529			bone	human	Konya	Turkey	37.6664	32.8257	Bronk Ramsey et al. 2009; Clare and Weninger 2014; CalPal; Brami and Zanotti 2015; Reingruber and Thissen 2016; Flohr et al. 2016	Global Repositories	Bone/Teeth (Human/Animal)	Human	Chronometric Only
present datasets	25.04.2025		OxA-11075	7725	75	-17.9	Çatalhöyük East	settlement	Level VI;unit 1400, general fill, building 1			bone	Bos	Konya	Turkey	37.6664	32.8257	Cessford 2005; Clare and Weninger 2014; CalPal; Brami and Zanotti 2015; Reingruber and Thissen 2016; Flohr et al. 2016	Global Repositories	Bone/Teeth (Human/Animal)	Animal	Chronometric Only
present datasets	25.04.2025		P-1365	7729	80		Çatalhöyük East	settlement	Level VIA;E.VIA.70, ladder; South Area			charcoal	Juniperus	Konya	Turkey	37.6664	32.8257	Cessford 2005; Clare and Weninger 2014; Brami and Zanotti 2015; Reingruber and Thissen 2016; Flohr et al. 2016; TAY Project	Global Repositories	Woody Plants (Charcoal)	Tree/Shrub	Chronometric Only
present datasets	25.04.2025		OxA-11029	7730	45	-24.068	Çatalhöyük East	settlement	Level VI;unit 1332, storage, building 1; phase VI, North Area; building 1, phase 3, unit 1332, storage; building 1, phase 3; North Area, unit 1332, storage			seeds (charred)	Lens	Konya	Turkey	37.6664	32.8257	Cessford 2005; Bronk Ramsey et al. 2009; Clare and Weninger 2014; CalPal; Brami and Zanotti 2015; Reingruber and Thissen 2016; Flohr et al. 2016	Global Repositories	Short-lived Plants	Cereal/Pulse/Seed	Chronometric Only
present datasets	25.04.2025		OxA-11046	7730	50	-21.325	Çatalhöyük East	settlement	Level VII;unit 3810, packing against wall, building 5; phase VII, North Area; building 5, phase B, unit 3810, packing against wall; building 5, phase B; North Area, unit 3810, packing against wall			grain (charred)	Triticum dicoccum	Konya	Turkey	37.6664	32.8257	Cessford 2005; Bronk Ramsey et al. 2009; Clare and Weninger 2014; CalPal; Brami and Zanotti 2015; Reingruber and Thissen 2016; Flohr et al. 2016	Global Repositories	Short-lived Plants	Cereal/Pulse/Seed	Chronometric Only
present datasets	25.04.2025		PL-980559A	7730	80		Çatalhöyük East	settlement	Level VI;unit 2555, building 1; phase VI, BACH Area; unit 2255			charcoal		Konya	Turkey	37.6664	32.8257	Clare and Weninger 2014; CalPal; Brami and Zanotti 2015; Reingruber and Thissen 2016; Flohr et al. 2016	Global Repositories	Woody Plants (Charcoal)	Tree/Shrub	Chronometric Only
present datasets	25.04.2025		AA-19351	7747	65	-23.9	Çatalhöyük East	settlement	Level IV; phase IV, BACH Area; C-TU-CTL-J; level IV; South Area, E.IV.1, post			charcoal	Juniperus	Konya	Turkey	37.6664	32.8257	Cessford 2005; Clare and Weninger 2014; Brami and Zanotti 2015; Reingruber and Thissen 2016; Flohr et al. 2016; TAY Project	Global Repositories	Woody Plants (Charcoal)	Tree/Shrub	Chronometric Only
present datasets	25.04.2025		OxA-11183	7750	45	-21.572	Çatalhöyük East	settlement	Level VI;unit 1366, base of hearth, building 1; phase VI, North Area; building 1, phase 4, unit 1366, base of hearth; building 1, phase 4; North Area, unit 1366, base of hearth			grain (charred)	Hordeum/Triticum	Konya	Turkey	37.6664	32.8257	Cessford 2005; Bronk Ramsey et al. 2009; Clare and Weninger 2014; CalPal; Brami and Zanotti 2015; Reingruber and Thissen 2016; Flohr et al. 2016	Global Repositories	Short-lived Plants	Cereal/Pulse/Seed	Chronometric Only
present datasets	25.04.2025		OxA-11713	7755	55	-23.481	Çatalhöyük East	settlement	Level VI;unit 1344, storage, building 1; phase VI, North Area; building 1, phase 3, unit 1344, storage; building 1, phase 3; North Area, unit 1344, storage			seeds (charred)	Lens	Konya	Turkey	37.6664	32.8257	Cessford 2005; Bronk Ramsey et al. 2009; Clare and Weninger 2014; CalPal; Brami and Zanotti 2015; Reingruber and Thissen 2016; Flohr et al. 2016	Global Repositories	Short-lived Plants	Cereal/Pulse/Seed	Chronometric Only
present datasets	25.04.2025		OxA-13805	7755	39	-8.9	Çatalhöyük East	settlement	Phase Pre XII.A, Space 181, unit 4839, dump/midden			seed (silicified)	Celtis	Konya	Turkey	37.6664	32.8257	Reingruber and Thissen 2016	Global Repositories	Short-lived Plants	Cereal/Pulse/Seed	Chronometric Only
present datasets	25.04.2025		P-1374	7757	92		Çatalhöyük East	settlement	Level XII;room E.XII.29, fill; South Area			charcoal	Ulmus	Konya	Turkey	37.6664	32.8257	Cessford 2005; Clare and Weninger 2014; Brami and Zanotti 2015; Reingruber and Thissen 2016; Flohr et al. 2016; TAY Project	Global Repositories	Woody Plants (Charcoal)	Tree/Shrub	Chronometric Only
present datasets	25.04.2025		OxA-11049	7760	50	-19.4	Çatalhöyük East	settlement	Level VI;unit 1959, skeleton, building 1			bone	human	Konya	Turkey	37.6664	32.8257	Cessford 2005; Clare and Weninger 2014; CalPal; Brami and Zanotti 2015; Reingruber and Thissen 2016; Flohr et al. 2016	Global Repositories	Bone/Teeth (Human/Animal)	Human	Chronometric Only
present datasets	25.04.2025		PL-980519A	7760	80	-22.5	Çatalhöyük East	settlement	Level VII;space 112, unit 2703 hearth lining; phase VII, South Area; space 112, unit 2703 hearth lining; level VII; South Area, space 112, hearth lining			grain (charred)	Cerealia	Konya	Turkey	37.6664	32.8257	Cessford 2005; CalPal; Brami and Zanotti 2015; Reingruber and Thissen 2016; Flohr et al. 2016	Global Repositories	Short-lived Plants	Cereal/Pulse/Seed	Chronometric Only
present datasets	25.04.2025		PL-980563A	7760	90	-22.4	Çatalhöyük East	settlement	space 112, unit 1888 hearth base; Level VII; space 112, unit 1888 hearth base			grain	Cerealia	Konya	Turkey	37.6664	32.8257	CalPal; Flohr et al. 2016	Global Repositories	Short-lived Plants	Cereal/Pulse/Seed	Chronometric Only
present datasets	25.04.2025		OxA-11032	7765	40	-22.002	Çatalhöyük East	settlement	Level VI;unit 1456, floor sequence, building 1; phase VI, North Area; building 1, phase 2C, unit 1456, floor sequence; building 1, phase 2C; North Area, unit 1456, floor sequence			grain (charred)	Hordeum/Triticum	Konya	Turkey	37.6664	32.8257	Cessford 2005; Bronk Ramsey et al. 2009; Clare and Weninger 2014; CalPal; Brami and Zanotti 2015; Reingruber and Thissen 2016; Flohr et al. 2016	Global Repositories	Short-lived Plants	Cereal/Pulse/Seed	Chronometric Only
present datasets	25.04.2025		OxA-13804	7765	38	-8.6	Çatalhöyük East	settlement	Phase Pre XII.A, Space 181, unit 4836, midden			seed (silicified)	Celtis	Konya	Turkey	37.6664	32.8257	Reingruber and Thissen 2016	Global Repositories	Short-lived Plants	Cereal/Pulse/Seed	Chronometric Only
present datasets	25.04.2025		OxA-11050	7775	50	-19.6	Çatalhöyük East	settlement	Level VI;unit 1960, skeleton, building 1			bone	human	Konya	Turkey	37.6664	32.8257	Cessford 2005; Bronk Ramsey et al. 2009; Clare and Weninger 2014; CalPal; Brami and Zanotti 2015; Reingruber and Thissen 2016; Flohr et al. 2016	Global Repositories	Bone/Teeth (Human/Animal)	Human	Chronometric Only
present datasets	25.04.2025		OxA-9945	7775	50	-23.01	Çatalhöyük East	settlement	unassigned;unit 6079; KOPAL5, unit 6079; Kopal			seeds (charred)	Scirpus	Konya	Turkey	37.6664	32.8257	Bronk Ramsey et al. 2002 and 2009; Cessford 2005; Brami and Zanotti 2015; Reingruber and Thissen 2016; Flohr et al. 2016; TAY Project	Global Repositories	Short-lived Plants	Cereal/Pulse/Seed	Chronometric Only
present datasets	25.04.2025		AA-27976	7780	55		Çatalhöyük East	settlement	Level VI/VII;unit 2255, building 3; phase VII/VI, BACH Area; unit 2255			charcoal		Konya	Turkey	37.6664	32.8257	Clare and Weninger 2014; CalPal; Brami and Zanotti 2015; Reingruber and Thissen 2016; Flohr et al. 2016	Global Repositories	Woody Plants (Charcoal)	Tree/Shrub	Chronometric Only
present datasets	25.04.2025		OxA-11028	7780	40	-22.564	Çatalhöyük East	settlement	Level VI;unit 1226, fill of skoop, building 1; phase VI, North Area; building 1, phase 2B, unit 1226, fill of skoop; building 1, phase 2B; North Area, unit 1226, fill of scoop			grain (charred)	Hordeum/Triticum	Konya	Turkey	37.6664	32.8257	Cessford 2005; Bronk Ramsey et al. 2009; Clare and Weninger 2014; CalPal; Brami and Zanotti 2015; Reingruber and Thissen 2016; Flohr et al. 2016	Global Repositories	Short-lived Plants	Cereal/Pulse/Seed	Chronometric Only
present datasets	25.04.2025		PL-980520A	7780	80	-25	Çatalhöyük East	settlement	Level VII;space 112, unit 2704 hearth base; phase VII, South Area; space 112, unit 2704 hearth base; level VII; South Area, space 112, hearth base			grain (charred)	Cerealia	Konya	Turkey	37.6664	32.8257	Cessford 2005; CalPal; Brami and Zanotti 2015; Reingruber and Thissen 2016; Flohr et al. 2016	Global Repositories	Short-lived Plants	Cereal/Pulse/Seed	Chronometric Only
present datasets	25.04.2025		OxA-11042	7785	45	-23.115	Çatalhöyük East	settlement	Level VI;unit 2165, general fill, building 1; phase VI, North Area; building 1, phase 1B, unit 2165, general fill; Building 1, phase 1B; North Area, unit 2165, general fill			grain (charred)	Hordeum/Triticum	Konya	Turkey	37.6664	32.8257	Cessford 2005; Bronk Ramsey et al. 2009; Clare and Weninger 2014; CalPal; Brami and Zanotti 2015; Reingruber and Thissen 2016; Flohr et al. 2016	Global Repositories	Short-lived Plants	Cereal/Pulse/Seed	Chronometric Only
present datasets	25.04.2025		AA-27980	7790	60	-24.4	Çatalhöyük East	settlement	Level VII;space 105, unit 1091 fill of wall cut; phase VIII-VII, South Area; space 105, unit 1091 fill of wall cut; level VII; South Area, space 105, fill of wall cut			grain (charred)	Cerealia	Konya	Turkey	37.6664	32.8257	Cessford 2005; CalPal; Brami and Zanotti 2015; Reingruber and Thissen 2016; Flohr et al. 2016	Global Repositories	Short-lived Plants	Cereal/Pulse/Seed	Chronometric Only
present datasets	25.04.2025		OxA-11047	7790	50	-17.9	Çatalhöyük East	settlement	Level VI;unit 1378, skeleton, buidling 1			bone	human	Konya	Turkey	37.6664	32.8257	Cessford 2005; Clare and Weninger 2014; CalPal; Brami and Zanotti 2015; Reingruber and Thissen 2016; Flohr et al. 2016	Global Repositories	Bone/Teeth (Human/Animal)	Human	Chronometric Only
present datasets	25.04.2025		Poz-24010	7790	50		Çatalhöyük East	settlement	Phase , Floor F.3149 in B.74; TP, floor F.3149 in B.74			charcoal		Konya	Turkey	37.6664	32.8257	Marciniak et al. 2015; Reingruber and Thissen 2016; Flohr et al. 2016	Global Repositories	Woody Plants (Charcoal)	Tree/Shrub	Chronometric Only
present datasets	25.04.2025		OxA-11048	7800	50	-17.7	Çatalhöyük East	settlement	Level VI;unit 1466, skeleton, building 1			bone	human	Konya	Turkey	37.6664	32.8257	Cessford 2005; Clare and Weninger 2014; CalPal; Brami and Zanotti 2015; Reingruber and Thissen 2016; Flohr et al. 2016	Global Repositories	Bone/Teeth (Human/Animal)	Human	Chronometric Only
present datasets	25.04.2025		PL-980511A	7800	100	-22.9	Çatalhöyük East	settlement	Level VIII;space 151, unit 1883 building fill; phase IX-VIII, South Area; space 151, unit 1883 building fill; level VIII; South Area, building 4, space 151, building fill			grain (charred)	Cerealia	Konya	Turkey	37.6664	32.8257	Cessford 2005; CalPal; Brami and Zanotti 2015; Reingruber and Thissen 2016; Flohr et al. 2016	Global Repositories	Short-lived Plants	Cereal/Pulse/Seed	Chronometric Only
present datasets	25.04.2025		PL-980570A	7800	90	-23.3	Çatalhöyük East	settlement	space 112, unit 2730 fill of scoop; Level VII; space 112, unit 2730 fill of scoop			grain	Cerealia	Konya	Turkey	37.6664	32.8257	CalPal; Flohr et al. 2016	Global Repositories	Short-lived Plants	Cereal/Pulse/Seed	Chronometric Only
present datasets	25.04.2025		PL-972431A	7810	80	-22.7	Çatalhöyük East	settlement	Level VII;space 105, unit 1091 fill of wall cut; phase VIII-VII, South Area; space 105, unit 1091 fill of wall cut; level VII; South Area, space 105, fill of wall cut			grain (charred)	Cerealia	Konya	Turkey	37.6664	32.8257	Cessford 2005; CalPal; Brami and Zanotti 2015; Reingruber and Thissen 2016; Flohr et al. 2016	Global Repositories	Short-lived Plants	Cereal/Pulse/Seed	Chronometric Only
present datasets	25.04.2025		PL-980514A	7810	100		Çatalhöyük East	settlement	Level VI/VII;unit 2215, building 3; phase VII/VI, BACH Area; unit 2215			seeds (charred)		Konya	Turkey	37.6664	32.8257	Cessford 2005; Clare and Weninger 2014; CalPal; Brami and Zanotti 2015; Reingruber and Thissen 2016; Flohr et al. 2016	Global Repositories	Short-lived Plants	Cereal/Pulse/Seed	Chronometric Only
present datasets	25.04.2025		PL-980410AB	7815	60	-24.4	Çatalhöyük East	settlement	Level IX;space 117, unit 2328 dump; level IX; South Area, unit 2348, building 2, space 117, dump			charcoal		Konya	Turkey	37.6664	32.8257	Cessford 2005; Reingruber and Thissen 2016; Flohr et al. 2016	Global Repositories	Woody Plants (Charcoal)	Tree/Shrub	Chronometric Only
present datasets	25.04.2025		PL-980521A	7820	90	-22.9	Çatalhöyük East	settlement	unit 2142, fill of posthole, building 1; Level VII; unit 2142, fill of posthole, building 1			grain	Cerealia	Konya	Turkey	37.6664	32.8257	CalPal; Flohr et al. 2016	Global Repositories	Short-lived Plants	Cereal/Pulse/Seed	Chronometric Only
present datasets	25.04.2025		PL-980566A	7820	90	-22.9	Çatalhöyük East	settlement	space 115, unit 1579 dump; Level VIII; South Area, space 115, unit 1579, coarsely bedded midden			grain (charred)	Cerealia	Konya	Turkey	37.6664	32.8257	Cessford 2005: CalPal; Flohr et al. 2016	Global Repositories	Short-lived Plants	Cereal/Pulse/Seed	Chronometric Only
present datasets	25.04.2025		OxA-13869	7830	40	-9.8	Çatalhöyük East	settlement	Phase Pre XII.A, Space 181, unit 4848, burning event			seed (silicified)	Celtis	Konya	Turkey	37.6664	32.8257	Reingruber and Thissen 2016	Global Repositories	Short-lived Plants	Cereal/Pulse/Seed	Chronometric Only
present datasets	25.04.2025		PL-972126A	7830	80	-22.4	Çatalhöyük East	settlement	Level VI;unit 1442, fill of basin, building 1; phase VI, North Area; building 1, phase 2A, unit 1442, fill of basin; building 1, phase 2A; North Area, unit 1442, fill of basin			grain (charred)	Cerealia	Konya	Turkey	37.6664	32.8257	Cessford 2005; Clare and Weninger 2014; CalPal; Brami and Zanotti 2015; Reingruber and Thissen 2016; Flohr et al. 2016	Global Repositories	Short-lived Plants	Cereal/Pulse/Seed	Chronometric Only
present datasets	25.04.2025		PL-980522A	7830	90		Çatalhöyük East	settlement	unit 2412=6010 quarry pits and related activities; unassigned; unit 2412=6010 quarry pits and related activities			grain	Cerealia	Konya	Turkey	37.6664	32.8257	CalPal; Flohr et al. 2016	Global Repositories	Short-lived Plants	Cereal/Pulse/Seed	Chronometric Only
present datasets	25.04.2025		PL-980518A	7840	80	-24	Çatalhöyük East	settlement	Level VII;space 113, unit 2310 floors; phase VII, South Area; space 113, unit 2310 floors; level VII; South Area, space 113, floors			grain (charred)	Cerealia	Konya	Turkey	37.6664	32.8257	Cessford 2005; CalPal; Brami and Zanotti 2015; Reingruber and Thissen 2016; Flohr et al. 2016	Global Repositories	Short-lived Plants	Cereal/Pulse/Seed	Chronometric Only
present datasets	25.04.2025		P-1371	7844	102		Çatalhöyük East	settlement	Level X;court E.X.29, fill; South Area			charcoal		Konya	Turkey	37.6664	32.8257	Cessford 2005; Clare and Weninger 2014; Brami and Zanotti 2015; Reingruber and Thissen 2016; Flohr et al. 2016; TAY Project	Global Repositories	Woody Plants (Charcoal)	Tree/Shrub	Chronometric Only
present datasets	25.04.2025		OxA-X-1045-13	7850	110	-18.9	Çatalhöyük East	settlement	North Area; building 1, unit 1456; building 1, phase 2C; North Area, unit 1456, floor sequence			bone	animal	Konya	Turkey	37.6664	32.8257	Cessford 2005; Bronk Ramsey 2009; CalPal; Brami and Zanotti 2015; Reingruber and Thissen 2016; Flohr et al. 2016	Global Repositories	Bone/Teeth (Human/Animal)	Animal	Chronometric Only
present datasets	25.04.2025		PL-9800507B	7850	90	-24.1	Çatalhöyük East	settlement	Level VII; South Area, space 109, unit 2701, oven construction			grain (charred)	Cerealia	Konya	Turkey	37.6664	32.8257	Cessford 2005; Reingruber and Thissen 2016; Flohr et al. 2016	Global Repositories	Short-lived Plants	Cereal/Pulse/Seed	Chronometric Only
present datasets	25.04.2025		PL-980513A	7850	100	-22.2	Çatalhöyük East	settlement	Level VIII;space 115, unit 2732 midden; phase VIII, South Area; space 115, unit 2732 midden; level VIII; South Area, space 115, finely-bedded midden			grain (charred)	Cerealia	Konya	Turkey	37.6664	32.8257	Cessford 2005; CalPal; Brami and Zanotti 2015; Reingruber and Thissen 2016; Flohr et al. 2016	Global Repositories	Short-lived Plants	Cereal/Pulse/Seed	Chronometric Only
present datasets	25.04.2025		PL-980561A	7850	80	-22.3	Çatalhöyük East	settlement	Level VII;space 107, unit 1084 floors; phase VII, South Area; space 107, unit 1084 floors; level VII; South Area, space 108, floors			grain (charred)	Cerealia	Konya	Turkey	37.6664	32.8257	Cessford 2005; CalPal; Brami and Zanotti 2015; Reingruber and Thissen 2016; Flohr et al. 2016	Global Repositories	Short-lived Plants	Cereal/Pulse/Seed	Chronometric Only
present datasets	25.04.2025		P-1367	7853	97		Çatalhöyük East	settlement	Level VIII;shrine E.VIII.45, hearth; South Area			charcoal	Quercus/Ulmus	Konya	Turkey	37.6664	32.8257	Cessford 2005; Clare and Weninger 2014; Brami and Zanotti 2015; Reingruber and Thissen 2016; Flohr et al. 2016; TAY Project	Global Repositories	Woody Plants (Charcoal)	Tree/Shrub	Chronometric Only
present datasets	25.04.2025		OxA-11051	7855	45	-18.5	Çatalhöyük East	settlement	Level VI;unit 2115, skeleton, building 1			bone	human	Konya	Turkey	37.6664	32.8257	Cessford 2005; Clare and Weninger 2014; CalPal; Brami and Zanotti 2015; Reingruber and Thissen 2016; Flohr et al. 2016	Global Repositories	Bone/Teeth (Human/Animal)	Human	Chronometric Only
present datasets	25.04.2025		OxA-11052	7860	45	-18.3	Çatalhöyük East	settlement	Level VI;unit 2529, skeleton, building 1			bone	human	Konya	Turkey	37.6664	32.8257	Cessford 2005; Clare and Weninger 2014; CalPal; Brami and Zanotti 2015; Reingruber and Thissen 2016; Flohr et al. 2016	Global Repositories	Bone/Teeth (Human/Animal)	Human	Chronometric Only
present datasets	25.04.2025		PL-980512A	7860	100	-19.9	Çatalhöyük East	settlement	Level VIII;space 151, unit 2348 building fill; phase IX-VIII, South Area; space 151, unit 2348 building fill; level VIII; South Area, building 4, space 151, building fill			grain (charred)	Cerealia	Konya	Turkey	37.6664	32.8257	Cessford 2005; CalPal; Brami and Zanotti 2015; Reingruber and Thissen 2016; Flohr et al. 2016	Global Repositories	Short-lived Plants	Cereal/Pulse/Seed	Chronometric Only
present datasets	25.04.2025		OxA-X-1042-22	7870	60	-17.8	Çatalhöyük East	settlement	North Area; building 1, unit 1358; building 1, phase 4; North Area, unit 1358, floor sequence			bone	Ovis	Konya	Turkey	37.6664	32.8257	Cessford 2005; Bronk Ramsey 2009; CalPal; Brami and Zanotti 2015; Reingruber and Thissen 2016; Flohr et al. 2016	Global Repositories	Bone/Teeth (Human/Animal)	Animal	Chronometric Only
present datasets	25.04.2025		PL-9800568A	7880	90	-21.9	Çatalhöyük East	settlement	level IX; South Area, unit 1889, building 2, space 117, bin fill			grain (charred)	Cerealia	Konya	Turkey	37.6664	32.8257	Cessford 2005; Reingruber and Thissen 2016; Flohr et al. 2016	Global Repositories	Short-lived Plants	Cereal/Pulse/Seed	Chronometric Only
present datasets	25.04.2025		OxA-12107	7904	38	-9.6	Çatalhöyük East	settlement	Phase Pre XII.D, Space 181, unit 5324, alluviated dump			seed (silicified)	Celtis	Konya	Turkey	37.6664	32.8257	Reingruber and Thissen 2016	Global Repositories	Short-lived Plants	Cereal/Pulse/Seed	Chronometric Only
present datasets	25.04.2025		P-1362	7904	111		Çatalhöyük East	settlement	Level VIB;room E.VIB.27, burnt post; South Area			charcoal	Ulmus	Konya	Turkey	37.6664	32.8257	Cessford 2005; Clare and Weninger 2014; Brami and Zanotti 2015; Reingruber and Thissen 2016; Flohr et al. 2016; TAY Project	Global Repositories	Woody Plants (Charcoal)	Tree/Shrub	Chronometric Only
present datasets	25.04.2025		OxA-9943	7910	55	-22.108	Çatalhöyük East	settlement	unassigned;unit 6013; KOPAL 2, unit 6013; Kopal			grain (charred)	Triticum	Konya	Turkey	37.6664	32.8257	Bronk Ramsey et al. 2002 and 2009; Cessford 2005; Brami and Zanotti 2015; Reingruber and Thissen 2016; Flohr et al. 2016; TAY Project	Global Repositories	Short-lived Plants	Cereal/Pulse/Seed	Chronometric Only
present datasets	25.04.2025		PL-980558A	7910	80	-23.2	Çatalhöyük East	settlement	Level VI;unit 2181, general fill, building 1; phase VI, North Area; building 1, phase 1B, unit 2181 general fill; Building 1, phase 1B; North Area, unit 2181, general fill			charcoal		Konya	Turkey	37.6664	32.8257	Cessford 2005; CalPal; Clare and Weninger 2014; Brami and Zanotti 2015; Reingruber and Thissen 2016; Flohr et al. 2016	Global Repositories	Woody Plants (Charcoal)	Tree/Shrub	Chronometric Only
present datasets	25.04.2025		PL-980560A	7910	80	-22	Çatalhöyük East	settlement	Level VIII;space 151, unit 1587 midden; phase VIII, South Area; space 115, unit 1587 midden; level VIII; South Area, space 115, finely-bedded midden			grain (charred)	Cerealia	Konya	Turkey	37.6664	32.8257	Cessford 2005; CalPal; Brami and Zanotti 2015; Reingruber and Thissen 2016; Flohr et al. 2016	Global Repositories	Short-lived Plants	Cereal/Pulse/Seed	Chronometric Only
present datasets	25.04.2025		P-1363	7911	103		Çatalhöyük East	settlement	Level VI;room E.V.49, burnt beam; South Area			charcoal		Konya	Turkey	37.6664	32.8257	Cessford 2005; Clare and Weninger 2014; Brami and Zanotti 2015; Reingruber and Thissen 2016; Flohr et al. 2016; TAY Project	Global Repositories	Woody Plants (Charcoal)	Tree/Shrub	Chronometric Only
present datasets	25.04.2025		P-770	7912	94		Çatalhöyük East	settlement	Level VI;A.VI.1, roof beam; South Area			charcoal	Quercus/Juniperus	Konya	Turkey	37.6664	32.8257	Cessford 2005; Clare and Weninger 2014; Brami and Zanotti 2015; Reingruber and Thissen 2016; Flohr et al. 2016; TAY Project	Global Repositories	Woody Plants (Charcoal)	Tree/Shrub	Chronometric Only
present datasets	25.04.2025		OxA-13806	7914	40	-11.9	Çatalhöyük East	settlement	Phase Pre XII.D, Space 181, unit 5237, midden			seed (silicified)	Celtis	Konya	Turkey	37.6664	32.8257	Reingruber and Thissen 2016	Global Repositories	Short-lived Plants	Cereal/Pulse/Seed	Chronometric Only
present datasets	25.04.2025		P-1372	7915	85		Çatalhöyük East	settlement	Level X;court E.X.29, fill; South Area			bone/charcoal	Ulmus	Konya	Turkey	37.6664	32.8257	Cessford 2005; Clare and Weninger 2014; Brami and Zanotti 2015; Reingruber and Thissen 2016; Flohr et al. 2016; TAY Project	Global Repositories	Bone/Teeth (Human/Animal)	Animal	Chronometric Only
present datasets	25.04.2025		AA-19350	7918	54	-23.2	Çatalhöyük East	settlement	Level IV; phase IV, BACH Area; C-TU-CTL-I; level IV; South Area, E.IV.1, post			charcoal	Juniperus	Konya	Turkey	37.6664	32.8257	Cessford 2005; Clare and Weninger 2014; Brami and Zanotti 2015; Reingruber and Thissen 2016; Flohr et al. 2016; TAY Project	Global Repositories	Woody Plants (Charcoal)	Tree/Shrub	Chronometric Only
present datasets	25.04.2025		UCIAMS-103138	7920	25	-17.8	Çatalhöyük East	settlement	Phase XI, Space 198, unit 4850, penning deposit			bone	Ovis/Capra	Konya	Turkey	37.6664	32.8257	Reingruber and Thissen 2016	Global Repositories	Bone/Teeth (Human/Animal)	Animal	Chronometric Only
present datasets	25.04.2025		OxA-23523	7931	38	-17.8	Çatalhöyük East	settlement	Phase XII, Space 199, unit 4826, basket burial			bone	human	Konya	Turkey	37.6664	32.8257	Reingruber and Thissen 2016	Global Repositories	Bone/Teeth (Human/Animal)	Human	Chronometric Only
present datasets	25.04.2025		OxA-9774	7935	50	-23.246	Çatalhöyük East	settlement	XI; phase XI, South Area; unit 4715; level XI; South Area, unit 4715, space 198, penning deposit			seeds (charred)	Scirpus	Konya	Turkey	37.6664	32.8257	Bronk Ramsey et al. 2002 and 2009; Cessford 2005; Brami and Zanotti 2015; Reingruber and Thissen 2016; Flohr et al. 2016; TAY Project	Global Repositories	Short-lived Plants	Cereal/Pulse/Seed	Chronometric Only
present datasets	25.04.2025		P-1364	7936	98		Çatalhöyük East	settlement	Level VIB;E.VIB.70, burnt post; South Area			charcoal	Ulmus	Konya	Turkey	37.6664	32.8257	Cessford 2005; Clare and Weninger 2014; Brami and Zanotti 2015; Reingruber and Thissen 2016; Flohr et al. 2016; TAY Project	Global Repositories	Woody Plants (Charcoal)	Tree/Shrub	Chronometric Only
present datasets	25.04.2025		P-1369	7937	109		Çatalhöyük East	settlement	Level X;court E.X.29, fill; South Area			charcoal		Konya	Turkey	37.6664	32.8257	Cessford 2005; Clare and Weninger 2014; Brami and Zanotti 2015; Reingruber and Thissen 2016; Flohr et al. 2016; TAY Project	Global Repositories	Woody Plants (Charcoal)	Tree/Shrub	Chronometric Only
present datasets	25.04.2025		PL-972424A	7940	80	-24	Çatalhöyük East	settlement	Level VI;unit 2198, general fill, building 1; phase VI, North Area; building 1, phase 1B, unit 2198 general fill; Building 1, phase 1B; North Area, unit 2198, general fill			grain (charred)	Cerealia	Konya	Turkey	37.6664	32.8257	Cessford 2005; CalPal; Clare and Weninger 2014; Brami and Zanotti 2015; Reingruber and Thissen 2016; Flohr et al. 2016	Global Repositories	Short-lived Plants	Cereal/Pulse/Seed	Chronometric Only
present datasets	25.04.2025		UCIAMS-103136	7940	25	-19.8	Çatalhöyük East	settlement	Phase Pre XII.A, Space 181, unit 4836, midden			bone	Ovis/Capra	Konya	Turkey	37.6664	32.8257	Reingruber and Thissen 2016	Global Repositories	Bone/Teeth (Human/Animal)	Animal	Chronometric Only
present datasets	25.04.2025		UCIAMS-98210	7940	30		Çatalhöyük East	settlement	Phase X, B.18 (E.X.8), Space 171, burial			bone	human	Konya	Turkey	37.6664	32.8257	Reingruber and Thissen 2016	Global Repositories	Bone/Teeth (Human/Animal)	Human	Chronometric Only
present datasets	25.04.2025		AA-19349	7944	65	-23	Çatalhöyük East	settlement	Level IV; phase IV, BACH Area; C-TU-CTL-H; level IV; South Area, E.IV.1, post			charcoal	Juniperus	Konya	Turkey	37.6664	32.8257	Cessford 2005; Clare and Weninger 2014; Brami and Zanotti 2015; Reingruber and Thissen 2016; Flohr et al. 2016; TAY Project	Global Repositories	Woody Plants (Charcoal)	Tree/Shrub	Chronometric Only
present datasets	25.04.2025		OxA-21262	7955	40	-17.3	Çatalhöyük East	settlement	Phase X, B.23 (E.X.1), grave F.544, basket burial			bone	human	Konya	Turkey	37.6664	32.8257	Reingruber and Thissen 2016	Global Repositories	Bone/Teeth (Human/Animal)	Human	Chronometric Only
present datasets	25.04.2025		OxA-9980	7955	75	-19.433	Çatalhöyük East	settlement	unassigned;unit 6020; KOPAL 1, unit 6020; ; Kopal			grain (charred)	Triticum	Konya	Turkey	37.6664	32.8257	Bronk Ramsey et al. 2002 and 2009; Brami and Zanotti 2015; Reingruber and Thissen 2016; Flohr et al. 2016; TAY Project	Global Repositories	Short-lived Plants	Cereal/Pulse/Seed	Chronometric Only
present datasets	25.04.2025		UCIAMS-103134	7955	25	-16.09	Çatalhöyük East	settlement	Phase X, B.23 (E.X.1), Space 200, floor			bone	Ovis	Konya	Turkey	37.6664	32.8257	Reingruber and Thissen 2016	Global Repositories	Bone/Teeth (Human/Animal)	Animal	Chronometric Only
present datasets	25.04.2025		OxA-9771	7965	55	-21.772	Çatalhöyük East	settlement	Phase: Hodder KOPAL Area;unit 6013; KOPAL 2, unit 6013; Kopal			grain (charred)	Triticum	Konya	Turkey	37.6664	32.8257	Bronk Ramsey et al. 2002 and 2009; Cessford 2005; Brami and Zanotti 2015; Reingruber and Thissen 2016; Flohr et al. 2016; TAY Project	Global Repositories	Short-lived Plants	Cereal/Pulse/Seed	Chronometric Only
present datasets	25.04.2025		UCIAMS-103137	7965	30	-20.7	Çatalhöyük East	settlement	Phase Pre XII.A, Space 181, unit 4837, midden			bone	Ovis/Capra	Konya	Turkey	37.6664	32.8257	Reingruber and Thissen 2016	Global Repositories	Bone/Teeth (Human/Animal)	Animal	Chronometric Only
present datasets	25.04.2025		UCIAMS-98208	7965	25		Çatalhöyük East	settlement	Phase XII, Space 199, unit 4517, penning deposit			bone	Ovis/Capra	Konya	Turkey	37.6664	32.8257	Reingruber and Thissen 2016	Global Repositories	Bone/Teeth (Human/Animal)	Animal	Chronometric Only
present datasets	25.04.2025		UCIAMS-103135	7970	25	-18.3	Çatalhöyük East	settlement	Phase XII, Space 199, unit 4826, basket burial			bone	human	Konya	Turkey	37.6664	32.8257	Reingruber and Thissen 2016	Global Repositories	Bone/Teeth (Human/Animal)	Human	Chronometric Only
present datasets	25.04.2025		UCIAMS-103139	7970	25	-18.8	Çatalhöyük East	settlement	Phase Pre XII.A, Space 181, unit 4865, midden			bone	Bos	Konya	Turkey	37.6664	32.8257	Reingruber and Thissen 2016	Global Repositories	Bone/Teeth (Human/Animal)	Animal	Chronometric Only
present datasets	25.04.2025		OxA-9944	7975	50	-20.898	Çatalhöyük East	settlement	unassigned;unit 6075; KOPAL 3, unit 6075; Kopal			grain (charred)	Triticum	Konya	Turkey	37.6664	32.8257	Bronk Ramsey et al. 2002 and 2009; Cessford 2005; Brami and Zanotti 2015; Reingruber and Thissen 2016; Flohr et al. 2016; TAY Project	Global Repositories	Short-lived Plants	Cereal/Pulse/Seed	Chronometric Only
present datasets	25.04.2025		OxA-9946	7980	55	-23.273	Çatalhöyük East	settlement	Level XI;unit 4715; phase XI, South Area; unit 4715; level XI; South Area, unit 4715, space 198, penning deposit			seeds (charred)	Scirpus	Konya	Turkey	37.6664	32.8257	Bronk Ramsey et al. 2002 and 2009; Cessford 2005; Brami and Zanotti 2015; Reingruber and Thissen 2016; Flohr et al. 2016; TAY Project	Global Repositories	Short-lived Plants	Cereal/Pulse/Seed	Chronometric Only
present datasets	25.04.2025		UCIAMS-103141	7980	25	-18.9	Çatalhöyük East	settlement	Phase Pre XII.A, Space 181, unit 4869, midden			bone	Bos	Konya	Turkey	37.6664	32.8257	Reingruber and Thissen 2016	Global Repositories	Bone/Teeth (Human/Animal)	Animal	Chronometric Only
present datasets	25.04.2025		AA-19348	7982	52	-23.2	Çatalhöyük East	settlement	Level IV; phase IV, BACH Area; C-TU-CTL-G; level IV; South Area, E.IV.1, post			charcoal	Juniperus	Konya	Turkey	37.6664	32.8257	Cessford 2005; Clare and Weninger 2014; Brami and Zanotti 2015; Reingruber and Thissen 2016; Flohr et al. 2016; TAY Project	Global Repositories	Woody Plants (Charcoal)	Tree/Shrub	Chronometric Only
present datasets	25.04.2025		OxA-9776	7985	55	-23.517	Çatalhöyük East	settlement	Pre. XII.B; phase Pre-XII.B, South Area; unit 5292; level pre XII.B; South Area, unit 5292, space 181, fill of scoop			seeds (charred)	Scirpus	Konya	Turkey	37.6664	32.8257	Bronk Ramsey et al. 2002 and 2009; Cessford 2005; Brami and Zanotti 2015; Reingruber and Thissen 2016; Flohr et al. 2016; TAY Project	Global Repositories	Short-lived Plants	Cereal/Pulse/Seed	Chronometric Only
present datasets	25.04.2025		OxA-9947	7985	50	-22.441	Çatalhöyük East	settlement	Level XII;unit 4822; phase XII, South Area; unit 4822; level XII; South Area, unit 4822, space 199, penning deposit			grain (charred)	Hordeum/Scirpus/Triticum	Konya	Turkey	37.6664	32.8257	Bronk Ramsey et al. 2002 and 2009; Cessford 2005; Brami and Zanotti 2015; Reingruber and Thissen 2016; Flohr et al. 2016; TAY Project	Global Repositories	Short-lived Plants	Cereal/Pulse/Seed	Chronometric Only
present datasets	25.04.2025		OxA-11267	7990	50	-10.1	Çatalhöyük East	settlement	level Pre XII.C; South Area, unit 5323, space 181, coarsely-bedded midden			seeds (calcified)	Celtis	Konya	Turkey	37.6664	32.8257	Bronk Ramsey et al. 2009; Flohr et al. 2016	Global Repositories	Short-lived Plants	Cereal/Pulse/Seed	Chronometric Only
present datasets	25.04.2025		UCIAMS-98209	7990	25		Çatalhöyük East	settlement	Phase XII, Space 199, unit 4517, penning deposit			bone	Ovis	Konya	Turkey	37.6664	32.8257	Reingruber and Thissen 2016	Global Repositories	Bone/Teeth (Human/Animal)	Animal	Chronometric Only
present datasets	25.04.2025		AA-19347	7998	54	-23.7	Çatalhöyük East	settlement	Level IV; phase IV, BACH Area; C-TU-CTL-F; level IV; South Area, E.IV.1, post			charcoal	Juniperus	Konya	Turkey	37.6664	32.8257	Cessford 2005; Clare and Weninger 2014; Brami and Zanotti 2015; Reingruber and Thissen 2016; Flohr et al. 2016; TAY Project	Global Repositories	Woody Plants (Charcoal)	Tree/Shrub	Chronometric Only
present datasets	25.04.2025		OxA-13807	8000	38	-10.7	Çatalhöyük East	settlement	Phase Pre XII.D, Space 181, unit 5328, midden			seed (silicified)	Celtis	Konya	Turkey	37.6664	32.8257	Reingruber and Thissen 2016	Global Repositories	Short-lived Plants	Cereal/Pulse/Seed	Chronometric Only
present datasets	25.04.2025		OxA-27087	8000	40	-16	Çatalhöyük East	settlement	Phase Pre XII.A, Space 181, unit 4867, midden			bone	Ovis	Konya	Turkey	37.6664	32.8257	Reingruber and Thissen 2016	Global Repositories	Bone/Teeth (Human/Animal)	Animal	Chronometric Only
present datasets	25.04.2025		UCIAMS-109995	8020	30		Çatalhöyük East	settlement	Phase Pre XII.D, Space 181, unit 5328, midden			bone	Ovis/Capra	Konya	Turkey	37.6664	32.8257	Reingruber and Thissen 2016	Global Repositories	Bone/Teeth (Human/Animal)	Animal	Chronometric Only
present datasets	25.04.2025		OxA-23249	8024	35		Çatalhöyük East	settlement				bone	Canis	Konya	Turkey	37.6664	32.8257	Cessford 2001	Global Repositories	Bone/Teeth (Human/Animal)	Animal	Chronometric Only
present datasets	25.04.2025		OxA-9772	8025	55	-20.984	Çatalhöyük East	settlement	unassigned;unit 6075; KOPAL 3, unit 6075; Kopal			grain (charred)	Triticum	Konya	Turkey	37.6664	32.8257	Bronk Ramsey et al. 2002 and 2009; Cessford 2005; Brami and Zanotti 2015; Reingruber and Thissen 2016; Flohr et al. 2016; TAY Project	Global Repositories	Short-lived Plants	Cereal/Pulse/Seed	Chronometric Only
present datasets	25.04.2025		UCIAMS-103140	8025	25	-17.7	Çatalhöyük East	settlement	Phase Pre XII.A, Space 181, unit 4867, midden			bone	Ovis	Konya	Turkey	37.6664	32.8257	Reingruber and Thissen 2016	Global Repositories	Bone/Teeth (Human/Animal)	Animal	Chronometric Only
present datasets	25.04.2025		OxA-23247	8027	37	-17.1	Çatalhöyük East	settlement	Phase XI, Space 198, unit 4850, penning deposit			bone	Ovis/Capra	Konya	Turkey	37.6664	32.8257	Reingruber and Thissen 2016	Global Repositories	Bone/Teeth (Human/Animal)	Animal	Chronometric Only
present datasets	25.04.2025		OxA-9950	8030	50	-21.401	Çatalhöyük East	settlement	Pre XII.B;unit 5276; phase Pre-XII.B, South Area; unit 5276; level pre XII.B; South Area, unit 5276, space 181, lime burning			grain (charred)	Pisum/Triticum	Konya	Turkey	37.6664	32.8257	Bronk Ramsey et al. 2002 and 2009; Cessford 2005; Brami and Zanotti 2015; Reingruber and Thissen 2016; Flohr et al. 2016; TAY Project	Global Repositories	Short-lived Plants	Cereal/Pulse/Seed	Chronometric Only
present datasets	25.04.2025		UCIAMS-109992	8030	30	-17	Çatalhöyük East	settlement	Phase Pre XII.B, Space 181, unit 5283, midden			bone	Ovis	Konya	Turkey	37.6664	32.8257	Reingruber and Thissen 2016	Global Repositories	Bone/Teeth (Human/Animal)	Animal	Chronometric Only
present datasets	25.04.2025		OxA-21261	8033	39	-18	Çatalhöyük East	settlement	Phase X, B.23 (E.X.1), grave F.543, basket burial			bone	human	Konya	Turkey	37.6664	32.8257	Reingruber and Thissen 2016	Global Repositories	Bone/Teeth (Human/Animal)	Human	Chronometric Only
present datasets	25.04.2025		UCIAMS-109991	8035	30		Çatalhöyük East	settlement	Phase Pre XII.B, Space 181, unit 5279, midden			bone	Canis	Konya	Turkey	37.6664	32.8257	Reingruber and Thissen 2016	Global Repositories	Bone/Teeth (Human/Animal)	Animal	Chronometric Only
present datasets	25.04.2025		P-1370	8036	104		Çatalhöyük East	settlement	Level X;room E.X.28, hearth; South Area			charcoal	Ulmus	Konya	Turkey	37.6664	32.8257	Cessford 2005; Clare and Weninger 2014; Brami and Zanotti 2015; Reingruber and Thissen 2016; Flohr et al. 2016; TAY Project	Global Repositories	Woody Plants (Charcoal)	Tree/Shrub	Chronometric Only
present datasets	25.04.2025		P-775	8037	96		Çatalhöyük East	settlement	Level IV;E.IV.4, centre of post; South Area			charcoal	Juniperus	Konya	Turkey	37.6664	32.8257	Cessford 2005; Clare and Weninger 2014; Brami and Zanotti 2015; Reingruber and Thissen 2016; Flohr et al. 2016; TAY Project	Global Repositories	Woody Plants (Charcoal)	Tree/Shrub	Chronometric Only
present datasets	25.04.2025		OxA-9949	8050	50	-21.718	Çatalhöyük East	settlement	Pre XII.A;unit 4848; phase Pre-XII.A, South Area; unit 4848; level pre XII.A; South Area, unit 4848, space 181, burning event			seeds (charred)	Pisum	Konya	Turkey	37.6664	32.8257	Bronk Ramsey et al. 2002 and 2009; Cessford 2005; Brami and Zanotti 2015; Reingruber and Thissen 2016; Flohr et al. 2016; TAY Project	Global Repositories	Short-lived Plants	Cereal/Pulse/Seed	Chronometric Only
present datasets	25.04.2025		PL-9800565A	8050	70	-22.6	Çatalhöyük East	settlement	level VII; South Area, space 107, construction			grain (charred)	Cerealia	Konya	Turkey	37.6664	32.8257	Cessford 2005; CalPal; Brami and Zanotti 2015; Reingruber and Thissen 2016; Flohr et al. 2016	Global Repositories	Short-lived Plants	Cereal/Pulse/Seed	Chronometric Only
present datasets	25.04.2025		AA-18104	8065	50	-23.5	Çatalhöyük East	settlement	Level IV; phase IV, BACH Area; C-TU-CTL-A; level IV; South Area, E.IV.1, post			charcoal	Juniperus	Konya	Turkey	37.6664	32.8257	Cessford 2005; Clare and Weninger 2014; Brami and Zanotti 2015; Reingruber and Thissen 2016; Flohr et al. 2016; TAY Project	Global Repositories	Woody Plants (Charcoal)	Tree/Shrub	Chronometric Only
present datasets	25.04.2025		PL-972425A	8070	80	-24.3	Çatalhöyük East	settlement	Level VI;unit 2124, grave fill, building 1; phase VI, North Area; building 1, phase 2B, unit 2124 grave fill; building 1, phase 2B; North Area, unit 2124, grave fill			charcoal		Konya	Turkey	37.6664	32.8257	Cessford 2005; Clare and Weninger 2014; CalPal; Brami and Zanotti 2015; Reingruber and Thissen 2016; Flohr et al. 2016	Global Repositories	Woody Plants (Charcoal)	Tree/Shrub	Chronometric Only
present datasets	25.04.2025		OxA-23248	8082	37	-19.5	Çatalhöyük East	settlement	Phase Pre XII.A, Space 181, unit 4869, midden			bone	Ovis	Konya	Turkey	37.6664	32.8257	Reingruber and Thissen 2016	Global Repositories	Bone/Teeth (Human/Animal)	Animal	Chronometric Only
present datasets	25.04.2025		AA-47057	8085	66		Çatalhöyük East	settlement	KOPAL Area; unit 6025 quarry pits and related activities			bone	Bos	Konya	Turkey	37.6664	32.8257	Cessford 2005; CalPal; Brami and Zanotti 2015; Reingruber and Thissen 2016; Flohr et al. 2016	Global Repositories	Bone/Teeth (Human/Animal)	Animal	Chronometric Only
present datasets	25.04.2025		OxA-23250	8085	36	-19.2	Çatalhöyük East	settlement	Phase Pre XII.B, Space 181, unit 5283, midden			bone	Ovis/Capra	Konya	Turkey	37.6664	32.8257	Reingruber and Thissen 2016	Global Repositories	Bone/Teeth (Human/Animal)	Animal	Chronometric Only
present datasets	25.04.2025		OxA-9775	8090	55	-20.548	Çatalhöyük East	settlement	XII; phase XII, South Area; unit 4826; level XII; South Area, unit 4826, space 199, burning event			grain (charred)	Hordeum/Scirpus/Triticum	Konya	Turkey	37.6664	32.8257	Bronk Ramsey et al. 2002 and 2009; Cessford 2005; Brami and Zanotti 2015; Reingruber and Thissen 2016; Flohr et al. 2016; TAY Project	Global Repositories	Short-lived Plants	Cereal/Pulse/Seed	Chronometric Only
present datasets	25.04.2025		OxA-9948	8090	50	-20.73	Çatalhöyük East	settlement	Level XII;unit 4826; phase XII, South Area; unit 4826; level XII; South Area, unit 4826, space 199, burning event			grain (charred)	Hordeum/Scirpus/Triticum	Konya	Turkey	37.6664	32.8257	Bronk Ramsey et al. 2002 and 2009; Cessford 2005; Brami and Zanotti 2015; Reingruber and Thissen 2016; Flohr et al. 2016; TAY Project	Global Repositories	Short-lived Plants	Cereal/Pulse/Seed	Chronometric Only
present datasets	25.04.2025		P-782	8092	98		Çatalhöyük East	settlement	Level X;shrine E.X.1 hearth; South Area			charcoal		Konya	Turkey	37.6664	32.8257	Cessford 2005; Clare and Weninger 2014; Brami and Zanotti 2015; Reingruber and Thissen 2016; Flohr et al. 2016; TAY Project	Global Repositories	Woody Plants (Charcoal)	Tree/Shrub	Chronometric Only
present datasets	25.04.2025		OxA-23251	8137	36	-15.5	Çatalhöyük East	settlement	Phase Pre XII.C, Space 181, unit 5308, midden			bone	Capra	Konya	Turkey	37.6664	32.8257	Reingruber and Thissen 2016	Global Repositories	Bone/Teeth (Human/Animal)	Animal	Chronometric Only
present datasets	25.04.2025		OxA-9892	8150	50	-23.695	Çatalhöyük East	settlement	Pre XII.C;unit 5317; phase Pre-XII.C, South Area; unit 5317; level pre XII.C; South Area, unit 5317, space 181, burning event			seeds (charred)	Lens	Konya	Turkey	37.6664	32.8257	Bronk Ramsey et al. 2002 and 2009; Cessford 2005; Brami and Zanotti 2015; Reingruber and Thissen 2016; Flohr et al. 2016; TAY Project	Global Repositories	Short-lived Plants	Cereal/Pulse/Seed	Chronometric Only
present datasets	25.04.2025		OxA-9893	8155	50	-22.045	Çatalhöyük East	settlement	Pre XII.D;unit 5329; phase Pre-XII.D, South Area; unit 5329; level pre XII.D; South Area, unit 5329, space 181, alluvitated dump			grain (charred)	Cerealia/Scirpus/Triticum	Konya	Turkey	37.6664	32.8257	Bronk Ramsey et al. 2002 and 2009; Cessford 2005; Brami and Zanotti 2015; Reingruber and Thissen 2016; Flohr et al. 2016; TAY Project	Global Repositories	Short-lived Plants	Cereal/Pulse/Seed	Chronometric Only
present datasets	25.04.2025		OxA-9777	8160	50	-23.903	Çatalhöyük East	settlement	Pre. XII.C; phase Pre-XII.C, South Area; unit 5323; level pre XII.C; South Area, unit 5323, space 181, coarsely-bedded midden			seeds (charred)	Lens	Konya	Turkey	37.6664	32.8257	Bronk Ramsey et al. 2002 and 2009; Cessford 2005; Brami and Zanotti 2015; Reingruber and Thissen 2016; Flohr et al. 2016; TAY Project	Global Repositories	Short-lived Plants	Cereal/Pulse/Seed	Chronometric Only
present datasets	25.04.2025		UCIAMS-109993	8160	30	-17.4	Çatalhöyük East	settlement	Phase Pre XII.C, Space 181, unit 5316, midden			bone	Ovis	Konya	Turkey	37.6664	32.8257	Reingruber and Thissen 2016	Global Repositories	Bone/Teeth (Human/Animal)	Animal	Chronometric Only
present datasets	25.04.2025		OxA-13870	8170	45	-12.7	Çatalhöyük East	settlement	Phase Pre XII.C, Space 181, unit 5315, midden			seed (silicified)	Celtis	Konya	Turkey	37.6664	32.8257	Reingruber and Thissen 2016	Global Repositories	Short-lived Plants	Cereal/Pulse/Seed	Chronometric Only
present datasets	25.04.2025		P-779	8190	99		Çatalhöyük East	settlement	Level IX;room E.IX.8, floor and fill; South Area			charcoal		Konya	Turkey	37.6664	32.8257	Brami and Zanotti 2015; CalPal; Flohr et al. 2016	Global Repositories	Woody Plants (Charcoal)	Tree/Shrub	Chronometric Only
present datasets	25.04.2025		AA-27982	8195	80	-24	Çatalhöyük East	settlement	Pre XII.D;Core CH94A, alluviated dump?; phase Pre-XII.D, Base of E. mound; core CH94A, alluviated dump; Pre XII.D?; South Area, Core CH94A, base of East mound			charcoal		Konya	Turkey	37.6664	32.8257	Cessford 2005; CalPal; Brami and Zanotti 2015; Reingruber and Thissen 2016; Flohr et al. 2016	Global Repositories	Woody Plants (Charcoal)	Tree/Shrub	Chronometric Only
present datasets	25.04.2025		OxA-23252	8199	36	-17.9	Çatalhöyük East	settlement	Phase Pre XII.D, Space 181, unit 5328, midden			bone	Ovis/Capra	Konya	Turkey	37.6664	32.8257	Reingruber and Thissen 2016	Global Repositories	Bone/Teeth (Human/Animal)	Animal	Chronometric Only
present datasets	25.04.2025		UCIAMS-109994	8210	30	-18.2	Çatalhöyük East	settlement	Phase Pre XII.C, Space 181, unit 5323, midden			bone	Ovis/Capra	Konya	Turkey	37.6664	32.8257	Reingruber and Thissen 2016	Global Repositories	Bone/Teeth (Human/Animal)	Animal	Chronometric Only
present datasets	25.04.2025		OxA-9778	8240	55	-21.388	Çatalhöyük East	settlement	Pre. XII.D; phase Pre-XII.D, South Area; unit 5324; level pre XII.D; South Area, unit 5324, space 181, alluviated dump			grain (charred)	Triticum dicoccum,Pisum	Konya	Turkey	37.6664	32.8257	Bronk Ramsey et al. 2002 and 2009; Cessford 2005; Brami and Zanotti 2015; Reingruber and Thissen 2016; Flohr et al. 2016; TAY Project	Global Repositories	Short-lived Plants	Cereal/Pulse/Seed	Chronometric Only
present datasets	25.04.2025		PL-980525A	8390	90	-24	Çatalhöyük East	settlement	Pre XII.D;Core CH94A, alluviated dump?; phase Pre-XII.D, Base of E. mound; core CH94A, alluviated dump; Pre XII.D?; South Area, Core CH94A, base of East mound			charcoal		Konya	Turkey	37.6664	32.8257	Cessford 2005; CalPal; Brami and Zanotti 2015; Reingruber and Thissen 2016; Flohr et al. 2016	Global Repositories	Woody Plants (Charcoal)	Tree/Shrub	Chronometric Only
present datasets	25.04.2025		OxA-11763	6626	36	-22.218	Çatalhöyük West	settlement	West TII.5			grain (charred)	Cerealia	Konya	Turkey	37.6663	32.8229	Higham et al. 2007; Clare and Weninger 2014; CalPal; Brami and Zanotti 2015; Flohr et al. 2016; ORAU	Global Repositories	Short-lived Plants	Cereal/Pulse/Seed	Chronometric Only
present datasets	25.04.2025		Poz-24052	6630	40		Çatalhöyük West	settlement	Midden deposit			bone		Konya	Turkey	37.6663	32.8229	Biehl et al. 2012	Global Repositories	Bone/Teeth (Human/Animal)	Indeterminate	Chronometric Only
present datasets	25.04.2025		OxA-11762	6662	38	-21.799	Çatalhöyük West	settlement	West TII.4			grain (charred)	Cerealia	Konya	Turkey	37.6663	32.8229	Higham et al. 2007; Clare and Weninger 2014; CalPal; Brami and Zanotti 2015; Flohr et al. 2016; ORAU	Global Repositories	Short-lived Plants	Cereal/Pulse/Seed	Chronometric Only
present datasets	25.04.2025		OxA-12105	6682	34	-9.55	Çatalhöyük West	settlement	West TI.16; West T1.16; West TI.16			seeds	Celtis	Konya	Turkey	37.6663	32.8229	Higham et al. 2007; Clare and Weninger 2014; CalPal; Brami and Zanotti 2015; Flohr et al. 2016; ORAU	Global Repositories	Short-lived Plants	Cereal/Pulse/Seed	Chronometric Only
present datasets	25.04.2025		OxA-11764	6707	38	-22.056	Çatalhöyük West	settlement	West TII.6			grain (charred)	Cerealia	Konya	Turkey	37.6663	32.8229	Higham et al. 2007; Clare and Weninger 2014; CalPal; Brami and Zanotti 2015; Flohr et al. 2016; ORAU	Global Repositories	Short-lived Plants	Cereal/Pulse/Seed	Chronometric Only
present datasets	25.04.2025		OxA-11761	6730	40	-21.958	Çatalhöyük West	settlement	West TII.3			grain (charred)	Cerealia	Konya	Turkey	37.6663	32.8229	Higham et al. 2007; Clare and Weninger 2014; CalPal; Brami and Zanotti 2015; Flohr et al. 2016; ORAU	Global Repositories	Short-lived Plants	Cereal/Pulse/Seed	Chronometric Only
present datasets	25.04.2025		SUERC-59349	6782	34		Çatalhöyük West	settlement	B.106			bone	Ovis aries	Konya	Turkey	37.6663	32.8229	Orton et al. 2018	Global Repositories	Bone/Teeth (Human/Animal)	Animal	Chronometric Only
present datasets	25.04.2025		SUERC-59350	6877	32		Çatalhöyük West	settlement	B.106			bone	Ovis/Capra	Konya	Turkey	37.6663	32.8229	Orton et al. 2018	Global Repositories	Bone/Teeth (Human/Animal)	Animal	Chronometric Only
present datasets	25.04.2025		OxA-12106	6894	34	-10.06	Çatalhöyük West	settlement	West TI.17			seeds	Celtis	Konya	Turkey	37.6663	32.8229	Higham et al. 2007; Clare and Weninger 2014; CalPal; Brami and Zanotti 2015; Flohr et al. 2016; ORAU	Global Repositories	Short-lived Plants	Cereal/Pulse/Seed	Chronometric Only
present datasets	25.04.2025		OxA-11760	6904	39	-22.42	Çatalhöyük West	settlement	West TII.2			grain (charred)	Cerealia	Konya	Turkey	37.6663	32.8229	Higham et al. 2007; Clare and Weninger 2014; CalPal; Brami and Zanotti 2015; Flohr et al. 2016; ORAU	Global Repositories	Short-lived Plants	Cereal/Pulse/Seed	Chronometric Only
present datasets	25.04.2025		OxA-29613	6912	36		Çatalhöyük West	settlement	B.98			bone	Ovis aries	Konya	Turkey	37.6663	32.8229	Orton et al. 2018	Global Repositories	Bone/Teeth (Human/Animal)	Animal	Chronometric Only
present datasets	25.04.2025		OxA-11773	6915	34	-23.949	Çatalhöyük West	settlement	West TI.6			grain (charred)	Cerealia	Konya	Turkey	37.6663	32.8229	Higham et al. 2007; Clare and Weninger 2014; CalPal; Brami and Zanotti 2015; Flohr et al. 2016; ORAU	Global Repositories	Short-lived Plants	Cereal/Pulse/Seed	Chronometric Only
present datasets	25.04.2025		OxA-27663	6918	38		Çatalhöyük West	settlement	B.106			bone	Canis familiaris	Konya	Turkey	37.6663	32.8229	Orton et al. 2018	Global Repositories	Bone/Teeth (Human/Animal)	Animal	Chronometric Only
present datasets	25.04.2025		OxA-11756	6937	38	-20.787	Çatalhöyük West	settlement	West TI.10			grain (charred)	Cerealia	Konya	Turkey	37.6663	32.8229	Higham et al. 2007; Clare and Weninger 2014; CalPal; Brami and Zanotti 2015; Flohr et al. 2016; ORAU	Global Repositories	Short-lived Plants	Cereal/Pulse/Seed	Chronometric Only
present datasets	25.04.2025		PL-980524A	6940	80		Çatalhöyük West	settlement	Base of mound; Core CH96W; phase basal			charcoal		Konya	Turkey	37.6663	32.8229	CalPal; Brami and Zanotti 2015; Flohr et al. 2016; ORAU	Global Repositories	Woody Plants (Charcoal)	Tree/Shrub	Chronometric Only
present datasets	25.04.2025		OxA-27664	6941	37		Çatalhöyük West	settlement				bone		Konya	Turkey	37.6663	32.8229	Orton et al. 2018	Global Repositories	Bone/Teeth (Human/Animal)	Indeterminate	Chronometric Only
present datasets	25.04.2025		OxA-29614	6944	36		Çatalhöyük West	settlement	B.98			bone	Bos taurus	Konya	Turkey	37.6663	32.8229	Orton et al. 2018	Global Repositories	Bone/Teeth (Human/Animal)	Animal	Chronometric Only
present datasets	25.04.2025		OxA-11754	6945	39	-21.882	Çatalhöyük West	settlement	West TI.8			grain (charred)	Cerealia	Konya	Turkey	37.6663	32.8229	Higham et al. 2007; Clare and Weninger 2014; CalPal; Brami and Zanotti 2015; Flohr et al. 2016; ORAU	Global Repositories	Short-lived Plants	Cereal/Pulse/Seed	Chronometric Only
present datasets	25.04.2025		OxA-27662	6950	36		Çatalhöyük West	settlement	B.106			bone	Capra hircus	Konya	Turkey	37.6663	32.8229	Orton et al. 2018	Global Repositories	Bone/Teeth (Human/Animal)	Animal	Chronometric Only
present datasets	25.04.2025		Poz-24049	6960	40		Çatalhöyük West	settlement	Deep sounding			bone		Konya	Turkey	37.6663	32.8229	Biehl et al. 2012	Global Repositories	Bone/Teeth (Human/Animal)	Indeterminate	Chronometric Only
present datasets	25.04.2025		OxA-27665	6966	37		Çatalhöyük West	settlement	B.106			bone	Ovis/Capra	Konya	Turkey	37.6663	32.8229	Orton et al. 2018	Global Repositories	Bone/Teeth (Human/Animal)	Animal	Chronometric Only
present datasets	25.04.2025		OxA-11774	6969	36	-22.721	Çatalhöyük West	settlement	West TI.7			grain (charred)	Cerealia	Konya	Turkey	37.6663	32.8229	Higham et al. 2007; Clare and Weninger 2014; CalPal; Brami and Zanotti 2015; Flohr et al. 2016; ORAU	Global Repositories	Short-lived Plants	Cereal/Pulse/Seed	Chronometric Only
present datasets	25.04.2025		OxA-27744	6986	36		Çatalhöyük West	settlement	B.105			bone	Ovis aries	Konya	Turkey	37.6663	32.8229	Orton et al. 2018	Global Repositories	Bone/Teeth (Human/Animal)	Animal	Chronometric Only
present datasets	25.04.2025		OxA-12089	6990	40	-22.244	Çatalhöyük West	settlement	West TI.2			grain (charred)	Cerealia	Konya	Turkey	37.6663	32.8229	Higham et al. 2007; Clare and Weninger 2014; CalPal; Brami and Zanotti 2015; Flohr et al. 2016; ORAU	Global Repositories	Short-lived Plants	Cereal/Pulse/Seed	Chronometric Only
present datasets	25.04.2025		Poz-24050	6990	40		Çatalhöyük West	settlement	Deep sounding			bone		Konya	Turkey	37.6663	32.8229	Biehl et al. 2012	Global Repositories	Bone/Teeth (Human/Animal)	Indeterminate	Chronometric Only
present datasets	25.04.2025		OxA-27666	6992	36		Çatalhöyük West	settlement	B.106			bone	Equus	Konya	Turkey	37.6663	32.8229	Orton et al. 2018	Global Repositories	Bone/Teeth (Human/Animal)	Animal	Chronometric Only
present datasets	25.04.2025		OxA-29615	7007	36		Çatalhöyük West	settlement	B.125			bone	Ovis/Capra	Konya	Turkey	37.6663	32.8229	Orton et al. 2018	Global Repositories	Bone/Teeth (Human/Animal)	Animal	Chronometric Only
present datasets	25.04.2025		OxA-27671	7013	40		Çatalhöyük West	settlement	B.106			bone	Ovis/Capra	Konya	Turkey	37.6663	32.8229	Orton et al. 2018	Global Repositories	Bone/Teeth (Human/Animal)	Animal	Chronometric Only
present datasets	25.04.2025		OxA-11758	7028	37	-23.133	Çatalhöyük West	settlement	West TI.14			grain (charred)	Cerealia	Konya	Turkey	37.6663	32.8229	Higham et al. 2007; Clare and Weninger 2014; CalPal; Brami and Zanotti 2015; Flohr et al. 2016; ORAU	Global Repositories	Short-lived Plants	Cereal/Pulse/Seed	Chronometric Only
present datasets	25.04.2025		OxA-11759	7028	39	-23.589	Çatalhöyük West	settlement	West TI.15			grain (charred)	Cerealia	Konya	Turkey	37.6663	32.8229	Higham et al. 2007; Clare and Weninger 2014; CalPal; Brami and Zanotti 2015; Flohr et al. 2016; ORAU	Global Repositories	Short-lived Plants	Cereal/Pulse/Seed	Chronometric Only
present datasets	25.04.2025		AA-27981	7040	40		Çatalhöyük West	settlement	Base of mound; phase basal, core CH96W			charcoal		Konya	Turkey	37.6663	32.8229	Göktürk et al. 2002; CalPal; Brami and Zanotti 2015; Flohr et al. 2016; Tay Project	Global Repositories	Woody Plants (Charcoal)	Tree/Shrub	Chronometric Only
present datasets	25.04.2025		OxA-27669	7043	36		Çatalhöyük West	settlement	B.106			bone	Ovis/Capra	Konya	Turkey	37.6663	32.8229	Orton et al. 2018	Global Repositories	Bone/Teeth (Human/Animal)	Animal	Chronometric Only
present datasets	25.04.2025		OxA-11755	7049	39	-23.35	Çatalhöyük West	settlement	West TI.9			grain (charred)	Cerealia	Konya	Turkey	37.6663	32.8229	Higham et al. 2007; Clare and Weninger 2014; CalPal; Brami and Zanotti 2015; Flohr et al. 2016; ORAU	Global Repositories	Short-lived Plants	Cereal/Pulse/Seed	Chronometric Only
present datasets	25.04.2025		OxA-27667	7059	37		Çatalhöyük West	settlement	B.105			bone	Ovis/Capra	Konya	Turkey	37.6663	32.8229	Orton et al. 2018	Global Repositories	Bone/Teeth (Human/Animal)	Animal	Chronometric Only
present datasets	25.04.2025		OxA-11750	7065	40	-21.471	Çatalhöyük West	settlement	West TI.1			grain (charred)	Cerealia	Konya	Turkey	37.6663	32.8229	Higham et al. 2007; Clare and Weninger 2014; CalPal; Brami and Zanotti 2015; Flohr et al. 2016; ORAU	Global Repositories	Short-lived Plants	Cereal/Pulse/Seed	Chronometric Only
present datasets	25.04.2025		OxA-11751	7070	45	-23.478	Çatalhöyük West	settlement	West TI.4			grain (charred)	Cerealia	Konya	Turkey	37.6663	32.8229	Higham et al. 2007; Clare and Weninger 2014; CalPal; Brami and Zanotti 2015; Flohr et al. 2016; ORAU	Global Repositories	Short-lived Plants	Cereal/Pulse/Seed	Chronometric Only
present datasets	25.04.2025		OxA-27670	7074	36		Çatalhöyük West	settlement	B.106			bone	Ovis/Capra	Konya	Turkey	37.6663	32.8229	Orton et al. 2018	Global Repositories	Bone/Teeth (Human/Animal)	Animal	Chronometric Only
present datasets	25.04.2025		OxA-11757	7103	39	-23.632	Çatalhöyük West	settlement	West TI.12			grain (charred)	Cerealia	Konya	Turkey	37.6663	32.8229	Higham et al. 2007; Clare and Weninger 2014; CalPal; Brami and Zanotti 2015; Flohr et al. 2016; ORAU	Global Repositories	Short-lived Plants	Cereal/Pulse/Seed	Chronometric Only
present datasets	25.04.2025		Poz-24048	7160	40		Çatalhöyük West	settlement	Surface with pots			bone		Konya	Turkey	37.6663	32.8229	Biehl et al. 2012	Global Repositories	Bone/Teeth (Human/Animal)	Indeterminate	Chronometric Only
present datasets	25.04.2025		OxA-27668	7205	36		Çatalhöyük West	settlement	B.106			bone	Ovis/Capra	Konya	Turkey	37.6663	32.8229	Orton et al. 2018	Global Repositories	Bone/Teeth (Human/Animal)	Animal	Chronometric Only
present datasets	25.04.2025		OxA-27672	7247	36		Çatalhöyük West	settlement	B.106			bone	Large ungulate	Konya	Turkey	37.6663	32.8229	Orton et al. 2018	Global Repositories	Bone/Teeth (Human/Animal)	Animal	Chronometric Only
present datasets	25.04.2025		GrN-10358	9180	80		Çayönü	settlement	Round Building Phase;Building RB, KE 6-1; Round Building (later layers), level r3;			charcoal		Diyarbakır	Turkey	38.2164	39.7264	Özdogan 1999; Thissen 2002; CalPal; Flohr et al. 2016; TAY Project	Global Repositories	Woody Plants (Charcoal)	Tree/Shrub	Chronometric Only
present datasets	25.04.2025		GrN-10359	9050	140		Çayönü	settlement	Round Building Phase;Building RB, KE 6-5; Round Building, level r3			charcoal		Diyarbakır	Turkey	38.2164	39.7264	Özdogan 1999; Thissen 2002; CalPal; Flohr et al. 2016; TAY Project	Global Repositories	Woody Plants (Charcoal)	Tree/Shrub	Chronometric Only
present datasets	25.04.2025		GrN-10360	9300	140		Çayönü	settlement	Round Building Phase;Level r?, KW 8-1; Round Building (later layers)			charcoal		Diyarbakır	Turkey	38.2164	39.7264	Özdogan 1999; Thissen 2002; CalPal; Flohr et al. 2016; TAY Project	Global Repositories	Woody Plants (Charcoal)	Tree/Shrub	Chronometric Only
present datasets	25.04.2025		GrN-10361	9290	110		Çayönü	settlement	Round Building Phase;Building RA, floor KW 6-5; Round Building, level r4			charcoal		Diyarbakır	Turkey	38.2164	39.7264	Özdogan 1999; Thissen 2002; CalPal; Flohr et al. 2016; TAY Project	Global Repositories	Woody Plants (Charcoal)	Tree/Shrub	Chronometric Only
present datasets	25.04.2025		GrN-13947	9240	90		Çayönü	settlement	Channeled Building Phase;ch 1-4; Channeled Building, ch1-4			charcoal		Diyarbakır	Turkey	38.2164	39.7264	Biçakçi 1998; Thissen 2002; CalPal; Flohr et al. 2016; TAY Project	Global Repositories	Woody Plants (Charcoal)	Tree/Shrub	Chronometric Only
present datasets	25.04.2025		GrN-13948	8910	50		Çayönü	settlement	Cobble-Paved Building Phase;Square 19M, hearth; Cobble-Paved Building, cp1-3,			charcoal		Diyarbakır	Turkey	38.2164	39.7264	Biçakçi 1998; Thissen 2002; CalPal; Flohr et al. 2016; TAY Project	Global Repositories	Woody Plants (Charcoal)	Tree/Shrub	Chronometric Only
present datasets	25.04.2025		GrN-13949	9205	45		Çayönü	settlement	Channeled Building Phase;ch 1-4; Channeled Building, ch1-4			charcoal		Diyarbakır	Turkey	38.2164	39.7264	Biçakçi 1998; Thissen 2002; CalPal; Flohr et al. 2016; TAY Project	Global Repositories	Woody Plants (Charcoal)	Tree/Shrub	Chronometric Only
present datasets	25.04.2025		GrN-14857	9155	35		Çayönü	settlement	Channeled Building Phase;Square 27L, fire pit; Channeled Building, ch1-4			charcoal		Diyarbakır	Turkey	38.2164	39.7264	Biçakçi 1998; Thissen 2002; CalPal; Flohr et al. 2016; TAY Project	Global Repositories	Woody Plants (Charcoal)	Tree/Shrub	Chronometric Only
present datasets	25.04.2025		GrN-14859	9170	50		Çayönü	settlement	Channeled Building Phase;Building DG; Channeled Building, ch1-4			charcoal		Diyarbakır	Turkey	38.2164	39.7264	Biçakçi 1998; Thissen 2002; CalPal; Flohr et al. 2016; TAY Project	Global Repositories	Woody Plants (Charcoal)	Tree/Shrub	Chronometric Only
present datasets	25.04.2025		GrN-14860	9040	35		Çayönü	settlement	Channeled Building Phase;Square 20N, fire pit; Channeled Building, ch1-4			charcoal		Diyarbakır	Turkey	38.2164	39.7264	Biçakçi 1998; Thissen 2002; CalPal; Flohr et al. 2016; TAY Project	Global Repositories	Woody Plants (Charcoal)	Tree/Shrub	Chronometric Only
present datasets	25.04.2025		GrN-14861	9090	50		Çayönü	settlement	Grill Building Phase;Building GH, outdoor area; Grill Building (late), levels g1-4			charcoal		Diyarbakır	Turkey	38.2164	39.7264	Biçakçi 1998; Thissen 2002; CalPal; Flohr et al. 2016; TAY Project	Global Repositories	Woody Plants (Charcoal)	Tree/Shrub	Chronometric Only
present datasets	25.04.2025		GrN-14862	8920	130		Çayönü	settlement	Cobble-Paved Building Phase;Building BM; Cobble-Paved Building, cp1-3			charcoal		Diyarbakır	Turkey	38.2164	39.7264	Biçakçi 1998; Thissen 2002; CalPal; Flohr et al. 2016; TAY Project	Global Repositories	Woody Plants (Charcoal)	Tree/Shrub	Chronometric Only
present datasets	25.04.2025		GrN-16462	9040	65		Çayönü	settlement	g1-4; Grill Building (late), Levels g1-4; Grill Building			charcoal		Diyarbakır	Turkey	38.2164	39.7264	Özdogan 1999; Thissen 2002; CalPal; Flohr et al. 2016; TAY Project	Global Repositories	Woody Plants (Charcoal)	Tree/Shrub	Chronometric Only
present datasets	25.04.2025		GrN-16463	8040	60		Çayönü	settlement	Cell Building-Large Room Building Transition; EA floor			charcoal		Diyarbakır	Turkey	38.2164	39.7264	Biçakçi 1998; Thissen 2002; CalPal; Flohr et al. 2016; TAY Project	Global Repositories	Woody Plants (Charcoal)	Tree/Shrub	Chronometric Only
present datasets	25.04.2025		GrN-4458	9520	100		Çayönü	settlement	K-12. unit 12; Level of Building FA, flagstone, niv. T/2; Level of Building FA, flagstone, niv. T/2			charcoal		Diyarbakır	Turkey	38.2164	39.7264	Biçakçi 1998; Thissen 2002; CalPal; Flohr et al. 2016; TAY Project	Global Repositories	Woody Plants (Charcoal)	Tree/Shrub	Chronometric Only
present datasets	25.04.2025		GrN-4459	9200	60		Çayönü	settlement	Grill Building Phase;K 6-9; grill-plan phase, phase IV-V; grill-plan phase, phase IV-V			charcoal		Diyarbakır	Turkey	38.2164	39.7264	Biçakçi 1998; Thissen 2002; CalPal; Flohr et al. 2016; TAY Project	Global Repositories	Woody Plants (Charcoal)	Tree/Shrub	Chronometric Only
present datasets	25.04.2025		GrN-5827	5815	65		Çayönü	settlement	Dark-Faced Burnished Ware;Trench BN (NS); Dark-Faced Burnished Ware Horizon, level 5 (-270 cm)			charcoal		Diyarbakır	Turkey	38.2164	39.7264	Biçakçi 1998; Thissen 2002; CalPal; Flohr et al. 2016; TAY Project	Global Repositories	Woody Plants (Charcoal)	Tree/Shrub	Chronometric Only
present datasets	25.04.2025		GrN-5952	6100	80		Çayönü	settlement	Dark-Faced Burnished Ware;Trench BN (NS); Dark-Faced Burnished Ware Horizon, level 5 (-275, -285 cm)			charcoal		Diyarbakır	Turkey	38.2164	39.7264	Biçakçi 1998; Thissen 2002; CalPal; Flohr et al. 2016; TAY Project	Global Repositories	Woody Plants (Charcoal)	Tree/Shrub	Chronometric Only
present datasets	25.04.2025		GrN-5954	8055	75		Çayönü	settlement	Cell/Large Room Building Phase;QC 5,4, fill; Cell Building-Large Room Building Transition; nd fill			charcoal		Diyarbakır	Turkey	38.2164	39.7264	Biçakçi 1998; Thissen 2002; CalPal; Flohr et al. 2016; TAY Project	Global Repositories	Woody Plants (Charcoal)	Tree/Shrub	Chronometric Only
present datasets	25.04.2025		GrN-6241	9275	95		Çayönü	settlement	ch1-4; Channeled Building, ch1-4; Channeled Building			charcoal		Diyarbakır	Turkey	38.2164	39.7264	Biçakçi 1998; Thissen 2002; CalPal; Flohr et al. 2016; TAY Project	Global Repositories	Woody Plants (Charcoal)	Tree/Shrub	Chronometric Only
present datasets	25.04.2025		GrN-6242	8795	50		Çayönü	settlement	cp1-3; Cobble-Paved Building, cp1-3; Cobble-Paved Building			charcoal		Diyarbakır	Turkey	38.2164	39.7264	Biçakçi 1998; Thissen 2002; CalPal; Flohr et al. 2016; TAY Project	Global Repositories	Woody Plants (Charcoal)	Tree/Shrub	Chronometric Only
present datasets	25.04.2025		GrN-6243	9320	55		Çayönü	settlement	Pit; """"""""Basal pits"""""""" (poss. contemp. to later Round Building and Early Grill Building Subphases), phase I; """"""""Basal pits""""""""			charcoal		Diyarbakır	Turkey	38.2164	39.7264	Biçakçi 1998; Thissen 2002; CalPal; Flohr et al. 2016; TAY Project	Global Repositories	Woody Plants (Charcoal)	Tree/Shrub	Chronometric Only
present datasets	25.04.2025		GrN-6244	8980	80		Çayönü	settlement	ch1-4; Channeled Building, ch1-4; Channeled Building			charcoal		Diyarbakır	Turkey	38.2164	39.7264	Biçakçi 1998; Thissen 2002; CalPal; Flohr et al. 2016; TAY Project	Global Repositories	Woody Plants (Charcoal)	Tree/Shrub	Chronometric Only
present datasets	25.04.2025		GrN-8078	8355	50		Çayönü	settlement	Cell Building Phase;hearth, SA 14-17; Cell Building, c1-3a-b; Cell Building			charcoal		Diyarbakır	Turkey	38.2164	39.7264	Biçakçi 1998; Thissen 2002; CalPal; Flohr et al. 2016; TAY Project	Global Repositories	Woody Plants (Charcoal)	Tree/Shrub	Chronometric Only
present datasets	25.04.2025		GrN-8079	9250	60		Çayönü	settlement	Basal Pits;hearth, HA, 24-1; """"""""Basal pits"""""""" (poss. contemp. to later Round Building and Early Grill Building Subphases); """"""""Basal pits""""""""			charcoal		Diyarbakır	Turkey	38.2164	39.7264	Biçakçi 1998; Thissen 2002; CalPal; Flohr et al. 2016; TAY Project	Global Repositories	Woody Plants (Charcoal)	Tree/Shrub	Chronometric Only
present datasets	25.04.2025		GrN-8103	10430	80		Çayönü	settlement	Round Building Phase;S, 3-1.; """"""""Basal Level"""""""" (round houses?)			charcoal		Diyarbakır	Turkey	38.2164	39.7264	Biçakçi 1998; Thissen 2002; CalPal; Flohr et al. 2016; TAY Project	Global Repositories	Woody Plants (Charcoal)	Tree/Shrub	Chronometric Only
present datasets	25.04.2025		GrN-8819	8080	90		Çayönü	settlement	Cell/Large Room Building Phase;hearth, SE, 12-2; Cell Building-Large Room Building Transition; nd hearth			charcoal		Diyarbakır	Turkey	38.2164	39.7264	Biçakçi 1998; Thissen 2002; CalPal; Flohr et al. 2016; TAY Project	Global Repositories	Woody Plants (Charcoal)	Tree/Shrub	Chronometric Only
present datasets	25.04.2025		GrN-8820	8865	45		Çayönü	settlement	Cobble-Paved Building Phase;Building BG, hearth, HG, 14-0; Cobble-Paved Building, cp1-3; Cobble-Paved Building			charcoal		Diyarbakır	Turkey	38.2164	39.7264	Biçakçi 1998; Thissen 2002; CalPal; Flohr et al. 2016; TAY Project	Global Repositories	Woody Plants (Charcoal)	Tree/Shrub	Chronometric Only
present datasets	25.04.2025		GrN-8821	9175	55		Çayönü	settlement	Basal Pits;hearth, HA, 25/-1/1; """"""""Basal pits"""""""" (poss. contemp. to later Round Building and Early Grill Building Subphases); """"""""Basal pits""""""""			charcoal		Diyarbakır	Turkey	38.2164	39.7264	Biçakçi 1998; Thissen 2002; CalPal; Flohr et al. 2016; TAY Project	Global Repositories	Woody Plants (Charcoal)	Tree/Shrub	Chronometric Only
present datasets	25.04.2025		METU-10	9510	100		Çayönü	settlement	tumulus			charcoal		Diyarbakır	Turkey	38.2164	39.7264	Özbakan 1988	Global Repositories	Woody Plants (Charcoal)	Tree/Shrub	Chronometric Only
present datasets	25.04.2025		UCLA-1703C	7620	140		Çayönü	settlement	lr11-6; Large Room Building Subphase, Ir1-6; Large Room Building Subphase, Ir1-6			bone		Diyarbakır	Turkey	38.2164	39.7264	Çambel and Braidwood 1980; Biçakçi 1998; Thissen 2002; Flohr et al. 2016; TAY Project	Global Repositories	Bone/Teeth (Human/Animal)	Indeterminate	Chronometric Only
present datasets	25.04.2025		Erl-14519	4089	38	-27.3	Çukuriçi Höyük	settlement	CuHö IV;681/11/1			charcoal		İzmir	Turkey	37.9292	27.3594	Horejs and Weninger 2016	Global Repositories	Woody Plants (Charcoal)	Tree/Shrub	Chronometric Only
present datasets	25.04.2025		VERA-5024	4100	40	-20.1	Çukuriçi Höyük	settlement	CuHö IV;540/11/2			bone	Bos primigenius	İzmir	Turkey	37.9292	27.3594	Horejs and Weninger 2016	Global Repositories	Bone/Teeth (Human/Animal)	Animal	Chronometric Only
present datasets	25.04.2025		Erl-14525	4116	40	-28	Çukuriçi Höyük	settlement	CuHö III;909/12/1			charcoal		İzmir	Turkey	37.9292	27.3594	Horejs and Weninger 2016	Global Repositories	Woody Plants (Charcoal)	Tree/Shrub	Chronometric Only
present datasets	25.04.2025		Erl-14516	4120	38	-27.2	Çukuriçi Höyük	settlement	Levelling layer (III-IV)			charcoal		İzmir	Turkey	37.9292	27.3594	Horejs and Weninger 2016	Global Repositories	Woody Plants (Charcoal)	Tree/Shrub	Chronometric Only
present datasets	25.04.2025		Erl-14517	4186	34	-26.3	Çukuriçi Höyük	settlement	Cuk IV;627/11/1			charcoal		İzmir	Turkey	37.9292	27.3594	Horejs and Weninger 2016	Global Repositories	Woody Plants (Charcoal)	Tree/Shrub	Chronometric Only
present datasets	25.04.2025		VERA-5125	4195	35	-23	Çukuriçi Höyük	settlement	CuHö IV;574/11/1			seed	Gramineae	İzmir	Turkey	37.9292	27.3594	Horejs and Weninger 2016	Global Repositories	Short-lived Plants	Cereal/Pulse/Seed	Chronometric Only
present datasets	25.04.2025		Erl-14524	4242	36	-28	Çukuriçi Höyük	settlement	CuHö IV;1004/11/1			charcoal		İzmir	Turkey	37.9292	27.3594	Horejs and Weninger 2016	Global Repositories	Woody Plants (Charcoal)	Tree/Shrub	Chronometric Only
present datasets	25.04.2025		Erl-14523	4252	37	-27	Çukuriçi Höyük	settlement	CuHö III;891/11/1			charcoal		İzmir	Turkey	37.9292	27.3594	Horejs and Weninger 2016	Global Repositories	Woody Plants (Charcoal)	Tree/Shrub	Chronometric Only
present datasets	25.04.2025		VERA-4654	4285	30	-14.5	Çukuriçi Höyük	settlement	CuHö III;377/11/1			seed		İzmir	Turkey	37.9292	27.3594	Horejs and Weninger 2016	Global Repositories	Short-lived Plants	Cereal/Pulse/Seed	Chronometric Only
present datasets	25.04.2025		MAMS-15267	4366	28	-32.2	Çukuriçi Höyük	settlement	11/1206/11/1			grain	Cerealia	İzmir	Turkey	37.9292	27.3594	CalPal	Global Repositories	Short-lived Plants	Cereal/Pulse/Seed	Chronometric Only
present datasets	25.04.2025		Erl-14518	4412	40	-26.5	Çukuriçi Höyük	settlement	CuHö IV;614/11/1			charcoal		İzmir	Turkey	37.9292	27.3594	Horejs and Weninger 2016	Global Repositories	Woody Plants (Charcoal)	Tree/Shrub	Chronometric Only
present datasets	25.04.2025		Erl-14520	4430	33		Çukuriçi Höyük	settlement	Phase VII, 812/2			charcoal		İzmir	Turkey	37.9292	27.3594	Brami 2014; Brami and Zanotti 2015; Clare and Weninger 2014	Global Repositories	Woody Plants (Charcoal)	Tree/Shrub	Chronometric Only
present datasets	25.04.2025		MAMS-15271	4458	28	-28.8	Çukuriçi Höyük	settlement	11/1462/11/1			plant remains	Fabaceae	İzmir	Turkey	37.9292	27.3594	CalPal	Global Repositories	Short-lived Plants	Cereal/Pulse/Seed	Chronometric Only
present datasets	25.04.2025		KN-5971	4459	23	-25	Çukuriçi Höyük	settlement	59/11/1			charcoal		İzmir	Turkey	37.9292	27.3594	CalPal	Global Repositories	Woody Plants (Charcoal)	Tree/Shrub	Chronometric Only
present datasets	25.04.2025		VERA-4652	4475	35	-17	Çukuriçi Höyük	settlement	Phase VII, 316/2; phase CuHö VII, 316/2			fruitstone	Ficus	İzmir	Turkey	37.9292	27.3594	Brami 2014; Brami and Zanotti 2015; CalPal	Global Repositories	Short-lived Plants	Cereal/Pulse/Seed	Chronometric Only
present datasets	25.04.2025		VERA-4653	4575	35		Çukuriçi Höyük	settlement	Phase VII, 317/11/1; phase CuHö VII , 317/11/1			grain	Cerealia	İzmir	Turkey	37.9292	27.3594	Brami 2014; Brami and Zanotti 2015; Clare and Weninger 2014	Global Repositories	Short-lived Plants	Cereal/Pulse/Seed	Chronometric Only
present datasets	25.04.2025		Erl-14522	4654	33		Çukuriçi Höyük	settlement	Phase VII, 812/12/1; phase CuHö VII , 812/12/1			charcoal		İzmir	Turkey	37.9292	27.3594	Brami 2014; Brami and Zanotti 2015; Clare and Weninger 2014	Global Repositories	Woody Plants (Charcoal)	Tree/Shrub	Chronometric Only
present datasets	25.04.2025		Erl-14512	6507	39	-22.7	Çukuriçi Höyük	settlement	CuHö VII; 94/11/2			bone	Sus scrofa	İzmir	Turkey	37.9292	27.3594	Horejs 2012; Flohr et al. 2016	Global Repositories	Bone/Teeth (Human/Animal)	Animal	Chronometric Only
present datasets	25.04.2025		Erl-14515	6649	49	-19.7	Çukuriçi Höyük	settlement	phase CuHö VI , 96/11/1			bone	Ovis/Capra	İzmir	Turkey	37.9292	27.3594	Weninger et al. 2014; CalPal; Brami and Zanotti 2015; CalPal; Flohr et al. 2016	Global Repositories	Bone/Teeth (Human/Animal)	Animal	Chronometric Only
present datasets	25.04.2025		VERA-4651	6685	40	-23.3	Çukuriçi Höyük	settlement	CuHö III;207/11/1; phase CuHö III, 207/11/1; CuHö III; 207/11/1			grain	Cerealia	İzmir	Turkey	37.9292	27.3594	Weninger et al. 2014; Horejs and Weninger 2016; CalPal	Global Repositories	Short-lived Plants	Cereal/Pulse/Seed	Chronometric Only
present datasets	25.04.2025		Erl-14513	7053	36	-19.6	Çukuriçi Höyük	settlement	CuHö VII; 94/11/1			bone	Capra	İzmir	Turkey	37.9292	27.3594	Horejs 2012; Flohr et al. 2016	Global Repositories	Bone/Teeth (Human/Animal)	Animal	Chronometric Only
present datasets	25.04.2025		VERA-5025	7145	40	-20.3	Çukuriçi Höyük	settlement	CuHö IV;388/11/1			bone	Ovis	İzmir	Turkey	37.9292	27.3594	Weninger et al. 2014; Horejs and Weninger 2016; CalPal	Global Repositories	Bone/Teeth (Human/Animal)	Animal	Chronometric Only
present datasets	25.04.2025		MAMS-15269	7246	32	-20.7	Çukuriçi Höyük	settlement	phase CuHö VIII, 11/1297/11/2; CuHö VIII; 11/1297/11/2			seeds	Vicia faba	İzmir	Turkey	37.9292	27.3594	Brami and Zanotti 2015; CalPal; Flohr et al. 2016	Global Repositories	Short-lived Plants	Cereal/Pulse/Seed	Chronometric Only
present datasets	25.04.2025		VERA-5027	7260	40	-12.5	Çukuriçi Höyük	settlement	Phase VIII, 165/3,26.41 m			bone	Sus scrofa	İzmir	Turkey	37.9292	27.3594	Brami 2014; Brami and Zanotti 2015; Clare nd Weninger 2014; CalPal; Flohr et al. 2016	Global Repositories	Bone/Teeth (Human/Animal)	Animal	Chronometric Only
present datasets	25.04.2025		VERA-5026	7275	35	-14.7	Çukuriçi Höyük	settlement	Phase VIII, 26/5, 24.91 m			bone	Bos	İzmir	Turkey	37.9292	27.3594	Brami 2014; Brami and Zanotti 2015; Clare nd Weninger 2014; CalPal; Flohr et al. 2016	Global Repositories	Bone/Teeth (Human/Animal)	Animal	Chronometric Only
present datasets	25.04.2025		MAMS-15268	7280	34	-28	Çukuriçi Höyük	settlement	phase CuHö VIII, 11/1297/11/1; CuHö VIII; 11/1297/11/1			grain	Cerealia	İzmir	Turkey	37.9292	27.3594	Brami and Zanotti 2015; CalPal; Flohr et al. 2016	Global Repositories	Short-lived Plants	Cereal/Pulse/Seed	Chronometric Only
present datasets	25.04.2025		UGAMS-13569	7320	30		Çukuriçi Höyük	settlement				plant remains		İzmir	Turkey	37.9292	27.3594	Stock et al. 2015	Global Repositories	Short-lived Plants	Cereal/Pulse/Seed	Chronometric Only
present datasets	25.04.2025		UGAMS-6044	7390	30	-25	Çukuriçi Höyük	settlement	Core EPH 214; _23.88 m; Core EPH 214; 23.88 m; Older VIII; EPH 214,100 cm			charcoal		İzmir	Turkey	37.9292	27.3594	Brami 2014; Brami and Zanotti 2015; Clare nd Weninger 2014; CalPal; Flohr et al. 2016	Global Repositories	Woody Plants (Charcoal)	Tree/Shrub	Chronometric Only
present datasets	25.04.2025		UGAMS-6041	7400	30	-26.1	Çukuriçi Höyük	settlement	Core EPH 215; _22.72 m; Core EPH 215; 22.72 m; Older VIII; EPH 215,195 cm			charcoal		İzmir	Turkey	37.9292	27.3594	Brami 2014; Brami and Zanotti 2015; Clare nd Weninger 2014; CalPal; Flohr et al. 2016	Global Repositories	Woody Plants (Charcoal)	Tree/Shrub	Chronometric Only
present datasets	25.04.2025		UGAMS-6042	7400	30	-25.6	Çukuriçi Höyük	settlement	Core EPH 204;_22.44 m; Core EPH 204;22.44 m; Older VIII; EPH 204, 295 cm			charcoal		İzmir	Turkey	37.9292	27.3594	Brami 2014; Brami and Zanotti 2015; Clare nd Weninger 2014; CalPal; Flohr et al. 2016	Global Repositories	Woody Plants (Charcoal)	Tree/Shrub	Chronometric Only
present datasets	25.04.2025		MAMS-10878	7409	39	-23.2	Çukuriçi Höyük	settlement	Older VIII; EPH 214,232 cm			bone		İzmir	Turkey	37.9292	27.3594	Horejs 2012; Flohr et al. 2016	Global Repositories	Bone/Teeth (Human/Animal)	Indeterminate	Chronometric Only
present datasets	25.04.2025		Erl-14521	7568	39	-19.9	Çukuriçi Höyük	settlement	Core EPH 214; 21.91 m; Older VIII			bone		İzmir	Turkey	37.9292	27.3594	Brami 2014; Brami and Zanotti 2015; Clare nd Weninger 2014; CalPal; Flohr et al. 2016	Global Repositories	Bone/Teeth (Human/Animal)	Indeterminate	Chronometric Only
present datasets	25.04.2025		UGAMS-6040	7590	30		Çukuriçi Höyük	settlement	Core EPH 204; _23.09 m; Core EPH 204; 23.09 m; Older VIII; EPH204,194 cm			charcoal		İzmir	Turkey	37.9292	27.3594	Brami 2014; Brami and Zanotti 2015; Clare nd Weninger 2014; CalPal; Flohr et al. 2016	Global Repositories	Woody Plants (Charcoal)	Tree/Shrub	Chronometric Only
present datasets	25.04.2025		UGAMS-6043	7690	30	-26.4	Çukuriçi Höyük	settlement	Core EPH 215; _21.43 m; Core EPH 215; 21.43 m; Older VIII; EPH 215,345 cm			charcoal		İzmir	Turkey	37.9292	27.3594	Brami 2014; Brami and Zanotti 2015; Clare nd Weninger 2014; CalPal; Flohr et al. 2016	Global Repositories	Woody Plants (Charcoal)	Tree/Shrub	Chronometric Only
present datasets	25.04.2025		MAMS-23784	7697	33	-18.4	Çukuriçi Höyük	settlement	Phase XII, CuHö 14/2208/11/1			grain	Cerealia	İzmir	Turkey	37.9292	27.3594	Horejs et al. 2015; Reingruber and Thissen 2016	Global Repositories	Short-lived Plants	Cereal/Pulse/Seed	Chronometric Only
present datasets	25.04.2025		MAMS-24424	7707	29	-20.5	Çukuriçi Höyük	settlement	Phase XII, EIL 1-2210/10/1- 2			plant remains	Fabaceae	İzmir	Turkey	37.9292	27.3594	Horejs et al. 2015; Reingruber and Thissen 2016	Global Repositories	Short-lived Plants	Cereal/Pulse/Seed	Chronometric Only
present datasets	25.04.2025		MAMS-22294	7726	29	-36.6	Çukuriçi Höyük	settlement	Phase XII, Eil CuHö 14/2296/11/1			plant remains	Poaceae	İzmir	Turkey	37.9292	27.3594	Horejs et al. 2015	Global Repositories	Short-lived Plants	Cereal/Pulse/Seed	Chronometric Only
present datasets	25.04.2025		MAMS-24425	7734	28	-22.7	Çukuriçi Höyük	settlement	Phase XII, EIL 2-2288/10/2-2			plant remains	Fabaceae	İzmir	Turkey	37.9292	27.3594	Horejs et al. 2015; Reingruber and Thissen 2016	Global Repositories	Short-lived Plants	Cereal/Pulse/Seed	Chronometric Only
present datasets	25.04.2025		MAMS-24429	7748	28	-20.9	Çukuriçi Höyük	settlement	Phase XIII, EIL 6-2475/10/			grain	Triticum	İzmir	Turkey	37.9292	27.3594	Horejs et al. 2015; Reingruber and Thissen 2016	Global Repositories	Short-lived Plants	Cereal/Pulse/Seed	Chronometric Only
present datasets	25.04.2025		MAMS-24431	7851	29	-16.7	Çukuriçi Höyük	settlement	Phase XIII, EIL 8-2491/10/1 - 2			grain	Triticum	İzmir	Turkey	37.9292	27.3594	Horejs et al. 2015; Reingruber and Thissen 2016	Global Repositories	Short-lived Plants	Cereal/Pulse/Seed	Chronometric Only
present datasets	25.04.2025		MAMS-15270	7883	34	-25.2	Çukuriçi Höyük	settlement	phase CuHö IX, 11/1398/11/1; CuHö IX; 11/1398/11/1			grain	Cerealia	İzmir	Turkey	37.9292	27.3594	Weninger et al. 2014; Brami and Zanotti 2015; Reingruber and Thissen 2016; Flohr et al. 2016	Global Repositories	Short-lived Plants	Cereal/Pulse/Seed	Chronometric Only
present datasets	25.04.2025		MAMS-24430	7886	28	-18.4	Çukuriçi Höyük	settlement	Phase XIII, EIL 7-2491/10/1 - 1			grain	Cerealia	İzmir	Turkey	37.9292	27.3594	Horejs et al. 2015; Reingruber and Thissen 2016	Global Repositories	Short-lived Plants	Cereal/Pulse/Seed	Chronometric Only
present datasets	25.04.2025		Erl-14514	7900	74	-23.8	Çukuriçi Höyük	settlement	CuHö VII (LCh), 96/11/2			bone	Sus	İzmir	Turkey	37.9292	27.3594	Brami 2014; Brami and Zanotti 2015; Clare nd Weninger 2014; CalPal; Flohr et al. 2016	Global Repositories	Bone/Teeth (Human/Animal)	Animal	Chronometric Only
present datasets	25.04.2025		Bln-2029	3210	40		Demircihöyük	settlement	MBA; K11.314A			charcoal		Eskişehir	Turkey	39.8403	30.2614	Weninger 1987; Calpal; TAY Project	Global Repositories	Woody Plants (Charcoal)	Tree/Shrub	Chronometric Only
present datasets	25.04.2025		KN-2370	3230	80		Demircihöyük	settlement	K11.280A			charcoal		Eskişehir	Turkey	39.8403	30.2614	Böhner and Schyle 2006; CalPal; Hinz et al. 2012: http://radon-b.ufg.uni-kiel.de/samples/7217	Global Repositories	Woody Plants (Charcoal)	Tree/Shrub	Chronometric Only
present datasets	25.04.2025		KN-2666	3330	55		Demircihöyük	settlement	H10.72			charcoal		Eskişehir	Turkey	39.8403	30.2614	Weninger 1987; Calpal	Global Repositories	Woody Plants (Charcoal)	Tree/Shrub	Chronometric Only
present datasets	25.04.2025		Bln-2028	3425	40		Demircihöyük	settlement	MBA; K11.280A			charcoal		Eskişehir	Turkey	39.8403	30.2614	Weninger 1987; Calpal; TAY Project	Global Repositories	Woody Plants (Charcoal)	Tree/Shrub	Chronometric Only
present datasets	25.04.2025		LJ-5236	3910	90		Demircihöyük	settlement	G8.332; phase E1(2)			charcoal		Eskişehir	Turkey	39.8403	30.2614	Böhner and Schyle 2006; CalPal; Hinz et al. 2012: http://radon-b.ufg.uni-kiel.de/samples/7219	Global Repositories	Woody Plants (Charcoal)	Tree/Shrub	Chronometric Only
present datasets	25.04.2025		Bln-2229	3950	80		Demircihöyük	settlement	H; L9.123			charcoal		Eskişehir	Turkey	39.8403	30.2614	Weninger 1987; Calpal; TAY Project	Global Repositories	Woody Plants (Charcoal)	Tree/Shrub	Chronometric Only
present datasets	25.04.2025		Bln-2314	3980	50		Demircihöyük	settlement	L; I8.294B			charcoal		Eskişehir	Turkey	39.8403	30.2614	Weninger 1987; Calpal; TAY Project	Global Repositories	Woody Plants (Charcoal)	Tree/Shrub	Chronometric Only
present datasets	25.04.2025		Bln-2400	3990	45		Demircihöyük	settlement	H; K8.1227			charcoal		Eskişehir	Turkey	39.8403	30.2614	Weninger 1987; Calpal; TAY Project	Global Repositories	Woody Plants (Charcoal)	Tree/Shrub	Chronometric Only
present datasets	25.04.2025		Bln-2213	3995	45		Demircihöyük	settlement	E1; G8.332			charcoal		Eskişehir	Turkey	39.8403	30.2614	Weninger 1987; Calpal; TAY Project	Global Repositories	Woody Plants (Charcoal)	Tree/Shrub	Chronometric Only
present datasets	25.04.2025		Bln-2311	4000	55		Demircihöyük	settlement	E1/2; F8.81			charcoal		Eskişehir	Turkey	39.8403	30.2614	Weninger 1987; Calpal; TAY Project	Global Repositories	Woody Plants (Charcoal)	Tree/Shrub	Chronometric Only
present datasets	25.04.2025		Bln-2312	4000	45		Demircihöyük	settlement	E1/2; I10.Z655			charcoal		Eskişehir	Turkey	39.8403	30.2614	Weninger 1987; Calpal; TAY Project	Global Repositories	Woody Plants (Charcoal)	Tree/Shrub	Chronometric Only
present datasets	25.04.2025		Bln-2476	4000	70		Demircihöyük	settlement	L8.P4.186; phase H(6)			seeds	Lens culinaris	Eskişehir	Turkey	39.8403	30.2614	Böhner and Schyle 2006; CalPal; Hinz et al. 2012: http://radon-b.ufg.uni-kiel.de/samples/7220	Global Repositories	Short-lived Plants	Cereal/Pulse/Seed	Chronometric Only
present datasets	25.04.2025		Bln-2211	4005	45		Demircihöyük	settlement	E1/2; I10.Z655			charcoal		Eskişehir	Turkey	39.8403	30.2614	Weninger 1987; Calpal; TAY Project	Global Repositories	Woody Plants (Charcoal)	Tree/Shrub	Chronometric Only
present datasets	25.04.2025		Bln-2404	4020	45		Demircihöyük	settlement	E2; K9.343			charcoal		Eskişehir	Turkey	39.8403	30.2614	Weninger 1987; Calpal; TAY Project	Global Repositories	Woody Plants (Charcoal)	Tree/Shrub	Chronometric Only
present datasets	25.04.2025		Bln-2406	4020	55		Demircihöyük	settlement	E1; K8.140			charcoal		Eskişehir	Turkey	39.8403	30.2614	Weninger 1987; Calpal; TAY Project	Global Repositories	Woody Plants (Charcoal)	Tree/Shrub	Chronometric Only
present datasets	25.04.2025		Bln-2231	4025	45		Demircihöyük	settlement	E2; K9.346			charcoal		Eskişehir	Turkey	39.8403	30.2614	Weninger 1987; Calpal; TAY Project	Global Repositories	Woody Plants (Charcoal)	Tree/Shrub	Chronometric Only
present datasets	25.04.2025		Bln-2456	4035	60		Demircihöyük	settlement	H; L8.P5.187			grain	Cerealia	Eskişehir	Turkey	39.8403	30.2614	Weninger 1987; Calpal; TAY Project	Global Repositories	Short-lived Plants	Cereal/Pulse/Seed	Chronometric Only
present datasets	25.04.2025		Bln-2212	4040	65		Demircihöyük	settlement	H; K8.1268			charcoal		Eskişehir	Turkey	39.8403	30.2614	Weninger 1987; Calpal; TAY Project	Global Repositories	Woody Plants (Charcoal)	Tree/Shrub	Chronometric Only
present datasets	25.04.2025		Bln-2228	4040	50		Demircihöyük	settlement	E2; K9.343			charcoal		Eskişehir	Turkey	39.8403	30.2614	Weninger 1987; Calpal; TAY Project	Global Repositories	Woody Plants (Charcoal)	Tree/Shrub	Chronometric Only
present datasets	25.04.2025		Bln-2393	4040	45		Demircihöyük	settlement	H; L9.123; L9.123			charcoal		Eskişehir	Turkey	39.8403	30.2614	Böhner and Schyle 2006; CalPal; Weninger 1987	Global Repositories	Woody Plants (Charcoal)	Tree/Shrub	Chronometric Only
present datasets	25.04.2025		Bln-2205	4045	45		Demircihöyük	settlement	E1/2; FG8.334A			charcoal		Eskişehir	Turkey	39.8403	30.2614	Weninger 1987; Calpal; TAY Project	Global Repositories	Woody Plants (Charcoal)	Tree/Shrub	Chronometric Only
present datasets	25.04.2025		Bln-2207	4045	50		Demircihöyük	settlement	F1; I9.Z384			charcoal		Eskişehir	Turkey	39.8403	30.2614	Weninger 1987; Calpal; TAY Project	Global Repositories	Woody Plants (Charcoal)	Tree/Shrub	Chronometric Only
present datasets	25.04.2025		Bln-2224A	4050	50		Demircihöyük	settlement	H; L9.123			charcoal		Eskişehir	Turkey	39.8403	30.2614	Weninger 1987; Calpal	Global Repositories	Woody Plants (Charcoal)	Tree/Shrub	Chronometric Only
present datasets	25.04.2025		Bln-2204	4060	45		Demircihöyük	settlement	E1/2; I9.Z466			charcoal		Eskişehir	Turkey	39.8403	30.2614	Weninger 1987; Calpal; TAY Project	Global Repositories	Woody Plants (Charcoal)	Tree/Shrub	Chronometric Only
present datasets	25.04.2025		Bln-2230	4060	45		Demircihöyük	settlement	E2; K9.Z65			charcoal		Eskişehir	Turkey	39.8403	30.2614	Weninger 1987; Calpal; TAY Project	Global Repositories	Woody Plants (Charcoal)	Tree/Shrub	Chronometric Only
present datasets	25.04.2025		KN-2663	4060	55		Demircihöyük	settlement	K8.1731; phase E1(2)			charcoal		Eskişehir	Turkey	39.8403	30.2614	Böhner and Schyle 2006; CalPal; Hinz et al. 2012: http://radon-b.ufg.uni-kiel.de/samples/7221	Global Repositories	Woody Plants (Charcoal)	Tree/Shrub	Chronometric Only
present datasets	25.04.2025		Bln-2210	4070	45		Demircihöyük	settlement	E1/2; F8.87			charcoal		Eskişehir	Turkey	39.8403	30.2614	Weninger 1987; Calpal; TAY Project	Global Repositories	Woody Plants (Charcoal)	Tree/Shrub	Chronometric Only
present datasets	25.04.2025		Bln-2421	4070	70		Demircihöyük	settlement	K2; K8.766			charcoal		Eskişehir	Turkey	39.8403	30.2614	Weninger 1987; Calpal; TAY Project	Global Repositories	Woody Plants (Charcoal)	Tree/Shrub	Chronometric Only
present datasets	25.04.2025		Bln-2045	4075	45		Demircihöyük	settlement	E2; K9.Z65			charcoal		Eskişehir	Turkey	39.8403	30.2614	Weninger 1987; Calpal; TAY Project	Global Repositories	Woody Plants (Charcoal)	Tree/Shrub	Chronometric Only
present datasets	25.04.2025		Bln-2397	4080	75		Demircihöyük	settlement	M; K8.379			charcoal		Eskişehir	Turkey	39.8403	30.2614	Weninger 1987; Calpal; TAY Project	Global Repositories	Woody Plants (Charcoal)	Tree/Shrub	Chronometric Only
present datasets	25.04.2025		Bln-2419	4080	50		Demircihöyük	settlement	H; K8.1734			charcoal		Eskişehir	Turkey	39.8403	30.2614	Weninger 1987; Calpal; TAY Project	Global Repositories	Woody Plants (Charcoal)	Tree/Shrub	Chronometric Only
present datasets	25.04.2025		Bln-2458	4080	50		Demircihöyük	settlement	H; K9.P13.254			grain	Cerealia	Eskişehir	Turkey	39.8403	30.2614	Weninger 1987; Calpal; TAY Project	Global Repositories	Short-lived Plants	Cereal/Pulse/Seed	Chronometric Only
present datasets	25.04.2025		Bln-2206	4085	50		Demircihöyük	settlement	E1/2; F8.81			charcoal		Eskişehir	Turkey	39.8403	30.2614	Weninger 1987; Calpal; TAY Project	Global Repositories	Woody Plants (Charcoal)	Tree/Shrub	Chronometric Only
present datasets	25.04.2025		Bln-2473	4088	65		Demircihöyük	settlement	H; K9.P15.256			grain	Hordeum vulgare	Eskişehir	Turkey	39.8403	30.2614	Weninger 1987; Calpal; TAY Project	Global Repositories	Short-lived Plants	Cereal/Pulse/Seed	Chronometric Only
present datasets	25.04.2025		Bln-2214	4090	50		Demircihöyük	settlement	E1; K8.140			charcoal		Eskişehir	Turkey	39.8403	30.2614	Weninger 1987; Calpal; TAY Project	Global Repositories	Woody Plants (Charcoal)	Tree/Shrub	Chronometric Only
present datasets	25.04.2025		Bln-2228A	4090	50		Demircihöyük	settlement	E2; K9.343			charcoal		Eskişehir	Turkey	39.8403	30.2614	Weninger 1987; Calpal; TAY Project	Global Repositories	Woody Plants (Charcoal)	Tree/Shrub	Chronometric Only
present datasets	25.04.2025		Bln-2436	4095	50		Demircihöyük	settlement	H; L9.P3.133B			seed	Lens culinaris	Eskişehir	Turkey	39.8403	30.2614	Weninger 1987; Calpal; TAY Project	Global Repositories	Short-lived Plants	Cereal/Pulse/Seed	Chronometric Only
present datasets	25.04.2025		Bln-2438	4095	60		Demircihöyük	settlement	K9.P15.256			grain	Hordeum vulgare	Eskişehir	Turkey	39.8403	30.2614	Weninger 1987; Calpal; TAY Project	Global Repositories	Short-lived Plants	Cereal/Pulse/Seed	Chronometric Only
present datasets	25.04.2025		Bln-2313	4100	60		Demircihöyük	settlement	E1; G8.332			charcoal		Eskişehir	Turkey	39.8403	30.2614	Weninger 1987; Calpal; TAY Project	Global Repositories	Woody Plants (Charcoal)	Tree/Shrub	Chronometric Only
present datasets	25.04.2025		Bln-2405	4100	55		Demircihöyük	settlement	E1; G8.332			charcoal		Eskişehir	Turkey	39.8403	30.2614	Weninger 1987; Calpal; TAY Project	Global Repositories	Woody Plants (Charcoal)	Tree/Shrub	Chronometric Only
present datasets	25.04.2025		Bln-2208	4110	45		Demircihöyük	settlement	K8.1227			charcoal		Eskişehir	Turkey	39.8403	30.2614	Weninger 1987; Calpal; TAY Project	Global Repositories	Woody Plants (Charcoal)	Tree/Shrub	Chronometric Only
present datasets	25.04.2025		Bln-2439	4140	45		Demircihöyük	settlement	H; L8.P4.186			seed	Lens culinaris	Eskişehir	Turkey	39.8403	30.2614	Weninger 1987; Calpal; TAY Project	Global Repositories	Short-lived Plants	Cereal/Pulse/Seed	Chronometric Only
present datasets	25.04.2025		Bln-2141	4145	60		Demircihöyük	settlement	E1/2; L9.P17.165			grain	Triticum monococcum	Eskişehir	Turkey	39.8403	30.2614	Weninger 1987; Calpal; TAY Project	Global Repositories	Short-lived Plants	Cereal/Pulse/Seed	Chronometric Only
present datasets	25.04.2025		Bln-2401	4145	50		Demircihöyük	settlement	H; K8.1734			charcoal		Eskişehir	Turkey	39.8403	30.2614	Weninger 1987; Calpal; TAY Project	Global Repositories	Woody Plants (Charcoal)	Tree/Shrub	Chronometric Only
present datasets	25.04.2025		Bln-2026	4150	50		Demircihöyük	settlement	E2; K9.346			charcoal		Eskişehir	Turkey	39.8403	30.2614	Weninger 1987; Calpal; TAY Project	Global Repositories	Woody Plants (Charcoal)	Tree/Shrub	Chronometric Only
present datasets	25.04.2025		Bln-2407	4150	50		Demircihöyük	settlement	E1/2; I10.Z655			charcoal		Eskişehir	Turkey	39.8403	30.2614	Weninger 1987; Calpal; TAY Project	Global Repositories	Woody Plants (Charcoal)	Tree/Shrub	Chronometric Only
present datasets	25.04.2025		Bln-2025	4155	40		Demircihöyük	settlement	E2; K9.Z65			charcoal		Eskişehir	Turkey	39.8403	30.2614	Weninger 1987; Calpal; TAY Project	Global Repositories	Woody Plants (Charcoal)	Tree/Shrub	Chronometric Only
present datasets	25.04.2025		Bln-2232	4155	45		Demircihöyük	settlement	L; I8.294B			charcoal		Eskişehir	Turkey	39.8403	30.2614	Weninger 1987; Calpal; TAY Project	Global Repositories	Woody Plants (Charcoal)	Tree/Shrub	Chronometric Only
present datasets	25.04.2025		Bln-2043	4160	60		Demircihöyük	settlement	H; L9.123			charcoal		Eskişehir	Turkey	39.8403	30.2614	Weninger 1987; Calpal; TAY Project	Global Repositories	Woody Plants (Charcoal)	Tree/Shrub	Chronometric Only
present datasets	25.04.2025		Bln-2440	4160	70		Demircihöyük	settlement	E1; I9.P5.225			grain	Cerealia	Eskişehir	Turkey	39.8403	30.2614	Weninger 1987; Calpal; TAY Project	Global Repositories	Short-lived Plants	Cereal/Pulse/Seed	Chronometric Only
present datasets	25.04.2025		Bln-2021	4170	40		Demircihöyük	settlement	M; K8.379			charcoal		Eskişehir	Turkey	39.8403	30.2614	Weninger 1987; Calpal; TAY Project	Global Repositories	Woody Plants (Charcoal)	Tree/Shrub	Chronometric Only
present datasets	25.04.2025		Bln-2027	4170	50		Demircihöyük	settlement	H; L9.123			charcoal		Eskişehir	Turkey	39.8403	30.2614	Weninger 1987; Calpal; TAY Project	Global Repositories	Woody Plants (Charcoal)	Tree/Shrub	Chronometric Only
present datasets	25.04.2025		Bln-2020	4180	55		Demircihöyük	settlement	L; I8.547			charcoal		Eskişehir	Turkey	39.8403	30.2614	Weninger 1987; Calpal; TAY Project	Global Repositories	Woody Plants (Charcoal)	Tree/Shrub	Chronometric Only
present datasets	25.04.2025		Bln-2044	4180	55		Demircihöyük	settlement	E2; K9.346			charcoal		Eskişehir	Turkey	39.8403	30.2614	Weninger 1987; Calpal; TAY Project	Global Repositories	Woody Plants (Charcoal)	Tree/Shrub	Chronometric Only
present datasets	25.04.2025		Bln-2209	4180	50		Demircihöyük	settlement	H; K8.1734			charcoal		Eskişehir	Turkey	39.8403	30.2614	Weninger 1987; Calpal; TAY Project	Global Repositories	Woody Plants (Charcoal)	Tree/Shrub	Chronometric Only
present datasets	25.04.2025		Bln-2435	4180	50		Demircihöyük	settlement	H; L9.P3.133A			wood (twigs)	Salix	Eskişehir	Turkey	39.8403	30.2614	Weninger 1987; Calpal; TAY Project	Global Repositories	Woody Plants (Charcoal)	Tree/Shrub	Chronometric Only
present datasets	25.04.2025		KN-2369	4180	60		Demircihöyük	settlement	phase H(6)			charcoal		Eskişehir	Turkey	39.8403	30.2614	Böhner and Schyle 2006; CalPal; Weninger 1987	Global Repositories	Woody Plants (Charcoal)	Tree/Shrub	Chronometric Only
present datasets	25.04.2025		KN-2421	4180	50		Demircihöyük	settlement	K9.338; phase E2(4)			charcoal		Eskişehir	Turkey	39.8403	30.2614	Böhner and Schyle 2006; CalPal; Hinz et al. 2012: http://radon-b.ufg.uni-kiel.de/samples/7223	Global Repositories	Woody Plants (Charcoal)	Tree/Shrub	Chronometric Only
present datasets	25.04.2025		LJ-5235	4190	80		Demircihöyük	settlement	L9.123; phase H(6)			charcoal		Eskişehir	Turkey	39.8403	30.2614	Böhner and Schyle 2006; CalPal; Hinz et al. 2012: http://radon-b.ufg.uni-kiel.de/samples/7224	Global Repositories	Woody Plants (Charcoal)	Tree/Shrub	Chronometric Only
present datasets	25.04.2025		Bln-2024	4200	45		Demircihöyük	settlement	E2; K9.343			charcoal		Eskişehir	Turkey	39.8403	30.2614	Weninger 1987; Calpal; TAY Project	Global Repositories	Woody Plants (Charcoal)	Tree/Shrub	Chronometric Only
present datasets	25.04.2025		KN-2423B	4220	50		Demircihöyük	settlement	L; I8.562A			charcoal		Eskişehir	Turkey	39.8403	30.2614	Weninger 1987; Calpal	Global Repositories	Woody Plants (Charcoal)	Tree/Shrub	Chronometric Only
present datasets	25.04.2025		KN-2664	4230	65		Demircihöyük	settlement	K8.1735; phase H(6)			charcoal		Eskişehir	Turkey	39.8403	30.2614	Böhner and Schyle 2006; CalPal; Hinz et al. 2102: http://radon-b.ufg.uni-kiel.de/samples/7226	Global Repositories	Woody Plants (Charcoal)	Tree/Shrub	Chronometric Only
present datasets	25.04.2025		LJ-5238	4230	60		Demircihöyük	settlement	K9.Z65; phase E2(4)			charcoal		Eskişehir	Turkey	39.8403	30.2614	Böhner and Schyle 2006; CalPal; Hinz et al. 2102: http://radon-b.ufg.uni-kiel.de/samples/7225	Global Repositories	Woody Plants (Charcoal)	Tree/Shrub	Chronometric Only
present datasets	25.04.2025		Bln-2437	4250	60		Demircihöyük	settlement	H; K9.P14.255			seed	Pisum	Eskişehir	Turkey	39.8403	30.2614	Weninger 1987; Calpal; TAY Project	Global Repositories	Short-lived Plants	Cereal/Pulse/Seed	Chronometric Only
present datasets	25.04.2025		LJ-5237	4250	40		Demircihöyük	settlement	K8.1227; phase H(6)			charcoal		Eskişehir	Turkey	39.8403	30.2614	Böhner and Schyle 2006; CalPal; Hinz et al. 2102: http://radon-b.ufg.uni-kiel.de/samples/7227	Global Repositories	Woody Plants (Charcoal)	Tree/Shrub	Chronometric Only
present datasets	25.04.2025		Bln-2022	4260	45		Demircihöyük	settlement	K2; K8.766			charcoal		Eskişehir	Turkey	39.8403	30.2614	Weninger 1987; Calpal; TAY Project	Global Repositories	Woody Plants (Charcoal)	Tree/Shrub	Chronometric Only
present datasets	25.04.2025		KN-2368	4310	50		Demircihöyük	settlement	K9.347; phase E1/(2)			charcoal		Eskişehir	Turkey	39.8403	30.2614	Böhner and Schyle 2006; CalPal; Hinz et al. 2102: http://radon-b.ufg.uni-kiel.de/samples/7228	Global Repositories	Woody Plants (Charcoal)	Tree/Shrub	Chronometric Only
present datasets	25.04.2025		KN-2670	4380	130		Demircihöyük	settlement	K9.Z707; phase C(1)			bone		Eskişehir	Turkey	39.8403	30.2614	Böhner and Schyle 2006; CalPal; Hinz et al. 2102: http://radon-b.ufg.uni-kiel.de/samples/7229	Global Repositories	Bone/Teeth (Human/Animal)	Indeterminate	Chronometric Only
present datasets	25.04.2025		KN-2422	4400	60		Demircihöyük	settlement	K10.283A; phase H(6)			charcoal		Eskişehir	Turkey	39.8403	30.2614	Böhner and Schyle 2006; CalPal; Hinz et al. 2102: http://radon-b.ufg.uni-kiel.de/samples/7230	Global Repositories	Woody Plants (Charcoal)	Tree/Shrub	Chronometric Only
present datasets	25.04.2025		KN-2780	4470	55		Demircihöyük	settlement	K10.Z639; phase C(1)			bone		Eskişehir	Turkey	39.8403	30.2614	Böhner and Schyle 2006; CalPal; Hinz et al. 2102: http://radon-b.ufg.uni-kiel.de/samples/7231	Global Repositories	Bone/Teeth (Human/Animal)	Indeterminate	Chronometric Only
present datasets	25.04.2025		Fra-12a	4475	60		Demircihöyük	settlement	phase P			bone		Eskişehir	Turkey	39.8403	30.2614	Quitta 1987; Hinz et al. 2012: http://radon-b.ufg.uni-kiel.de/samples/7232	Global Repositories	Bone/Teeth (Human/Animal)	Indeterminate	Chronometric Only
present datasets	25.04.2025		Fra-12b	4580	60		Demircihöyük	settlement	phase O			bone		Eskişehir	Turkey	39.8403	30.2614	Quitta 1987; Hinz et al. 2012: http://radon-b.ufg.uni-kiel.de/samples/7233	Global Repositories	Bone/Teeth (Human/Animal)	Indeterminate	Chronometric Only
present datasets	25.04.2025		Fra-12d	4630	60		Demircihöyük	settlement	phase M			bone		Eskişehir	Turkey	39.8403	30.2614	Quitta 1987	Global Repositories	Bone/Teeth (Human/Animal)	Indeterminate	Chronometric Only
present datasets	25.04.2025		Fra-12e	4640	60		Demircihöyük	settlement	phase M			bone		Eskişehir	Turkey	39.8403	30.2614	Quitta 1987	Global Repositories	Bone/Teeth (Human/Animal)	Indeterminate	Chronometric Only
present datasets	25.04.2025		Bln-2023	4650	55		Demircihöyük	settlement	phase K2; K8.755			charcoal		Eskişehir	Turkey	39.8403	30.2614	Quitta 1987;  CalPal	Global Repositories	Woody Plants (Charcoal)	Tree/Shrub	Chronometric Only
present datasets	25.04.2025		Fra-12c	4650	70		Demircihöyük	settlement	phase O			bone		Eskişehir	Turkey	39.8403	30.2614	Quitta 1987	Global Repositories	Bone/Teeth (Human/Animal)	Indeterminate	Chronometric Only
present datasets	25.04.2025		Fra-12n	4680	70		Demircihöyük	settlement	phase K2			charcoal		Eskişehir	Turkey	39.8403	30.2614	Quitta 1987	Global Repositories	Woody Plants (Charcoal)	Tree/Shrub	Chronometric Only
present datasets	25.04.2025		Fra-12f	4720	60		Demircihöyük	settlement	phase K2			bone		Eskişehir	Turkey	39.8403	30.2614	Quitta 1987	Global Repositories	Bone/Teeth (Human/Animal)	Indeterminate	Chronometric Only
present datasets	25.04.2025		Fra-12g	4750	70		Demircihöyük	settlement	phase K2			bone		Eskişehir	Turkey	39.8403	30.2614	Quitta 1987	Global Repositories	Bone/Teeth (Human/Animal)	Indeterminate	Chronometric Only
present datasets	25.04.2025		Fra-12h	4845	60		Demircihöyük	settlement	phase K2			bone		Eskişehir	Turkey	39.8403	30.2614	Quitta 1987	Global Repositories	Bone/Teeth (Human/Animal)	Indeterminate	Chronometric Only
present datasets	25.04.2025		KN-2667	5440	140		Demircihöyük	settlement	K8.494; phase M			bone		Eskişehir	Turkey	39.8403	30.2614	CalPal; Flohr et al. 2016; TAY Project	Global Repositories	Bone/Teeth (Human/Animal)	Indeterminate	Chronometric Only
present datasets	25.04.2025		KN-2671	5470	140		Demircihöyük	settlement	phase I			bone		Eskişehir	Turkey	39.8403	30.2614	Quitta 1987; CalPal; Flohr et al. 2016; TAY Project	Global Repositories	Bone/Teeth (Human/Animal)	Indeterminate	Chronometric Only
present datasets	25.04.2025		KN-2669	6020	65		Demircihöyük	settlement	K9.Z704; phase C			bone		Eskişehir	Turkey	39.8403	30.2614	CalPal; Flohr et al. 2016; TAY Project	Global Repositories	Bone/Teeth (Human/Animal)	Indeterminate	Chronometric Only
present datasets	25.04.2025		KN-2668	6320	50		Demircihöyük	settlement	K8.457; phase M			bone		Eskişehir	Turkey	39.8403	30.2614	CalPal; Flohr et al. 2016; TAY Project	Global Repositories	Bone/Teeth (Human/Animal)	Indeterminate	Chronometric Only
present datasets	25.04.2025		OxA-4151	3490	75	-19.2	Demircihöyük-Sariket	cemetery	Grave 23bA			bone	human	Bilecik	Turkey	39.8515	30.2774	Hinz et al. 2012: http://radon.ufg.uni-kiel.de/samples/11648; CalPal	Global Repositories	Bone/Teeth (Human/Animal)	Human	Chronometric Only
present datasets	25.04.2025		OxA-4152	2280	70	-18	Demircihöyük-Sariket	cemetery	Grave 27			bone	human	Bilecik	Turkey	39.8515	30.2774	Hinz et al. 2012: https://c14.arch.ox.ac.uk/database/db.php; CalPal	Global Repositories	Bone/Teeth (Human/Animal)	Human	Chronometric Only
present datasets	25.04.2025		OxA-4201	3240	75	-19	Demircihöyük-Sariket	cemetery	Grave 471			bone	human	Bilecik	Turkey	39.8515	30.2774	Hinz et al. 2012: http://radon.ufg.uni-kiel.de/samples/5488; CalPal	Global Repositories	Bone/Teeth (Human/Animal)	Human	Chronometric Only
present datasets	25.04.2025		OxA-4202	2585	80	-20	Demircihöyük-Sariket	cemetery	horse grave			bone		Bilecik	Turkey	39.8515	30.2774	Hinz et al. 2012: http://radon.ufg.uni-kiel.de/samples/5487; CalPal	Global Repositories	Bone/Teeth (Human/Animal)	Indeterminate	Chronometric Only
present datasets	25.04.2025		OxA-12488	9930	50	-21.6	Demirköy	settlement	2K 180436			seeds (charred)	Lathyrus/Vicia	Kırklareli	Turkey	41.8214	27.7672	Hinz et al. 2012: http://radon.ufg.uni-kiel.de/samples/11650; Flohr et al. 2016	Global Repositories	Short-lived Plants	Cereal/Pulse/Seed	Chronometric Only
present datasets	25.04.2025		OxA-12489	9890	45	-24.67	Demirköy	settlement	Sample 23/2L 17 1225			seeds (charred)	Lathyrus/Vicia	Kırklareli	Turkey	41.8214	27.7672	Hinz et al. 2012: http://radon.ufg.uni-kiel.de/samples/11649; CalPal; Flohr et al. 2016	Global Repositories	Short-lived Plants	Cereal/Pulse/Seed	Chronometric Only
present datasets	25.04.2025		ETH-38894	3630	35		Derekutuğun	mine				charcoal		Çorum	Turkey	40.634571	34.178943	Yalçın and Maass 2013	Global Repositories	Woody Plants (Charcoal)	Tree/Shrub	Chronometric Only
present datasets	25.04.2025		ETH-44831	3800	30		Derekutuğun	mine				charcoal		Çorum	Turkey	40.634571	34.178943	Yalçın and Maass 2013	Global Repositories	Woody Plants (Charcoal)	Tree/Shrub	Chronometric Only
present datasets	25.04.2025		ETH-44837	4070	45		Derekutuğun	mine				grain	Cerealia	Çorum	Turkey	40.634571	34.178943	Yalçın and Maass 2013	Global Repositories	Short-lived Plants	Cereal/Pulse/Seed	Chronometric Only
present datasets	25.04.2025		ETH-38893	4080	35		Derekutuğun	mine				wood		Çorum	Turkey	40.634571	34.178943	Yalçın and Maass 2013	Global Repositories	Woody Plants (Charcoal)	Tree/Shrub	Chronometric Only
present datasets	25.04.2025		ETH-42008	4095	35		Derekutuğun	mine				charcoal		Çorum	Turkey	40.634571	34.178943	Yalçın and Maass 2013	Global Repositories	Woody Plants (Charcoal)	Tree/Shrub	Chronometric Only
present datasets	25.04.2025		ETH-38892	4100	35		Derekutuğun	mine				wood		Çorum	Turkey	40.634571	34.178943	Yalçın and Maass 2013	Global Repositories	Woody Plants (Charcoal)	Tree/Shrub	Chronometric Only
present datasets	25.04.2025		ETH-44826	4100	30		Derekutuğun	mine				wood		Çorum	Turkey	40.634571	34.178943	Yalçın and Maass 2013	Global Repositories	Woody Plants (Charcoal)	Tree/Shrub	Chronometric Only
present datasets	25.04.2025		ETH-44830	4100	30		Derekutuğun	mine				charcoal		Çorum	Turkey	40.634571	34.178943	Yalçın and Maass 2013	Global Repositories	Woody Plants (Charcoal)	Tree/Shrub	Chronometric Only
present datasets	25.04.2025		ETH-44827	4105	30		Derekutuğun	mine				charcoal		Çorum	Turkey	40.634571	34.178943	Yalçın and Maass 2013	Global Repositories	Woody Plants (Charcoal)	Tree/Shrub	Chronometric Only
present datasets	25.04.2025		ETH-38888	4145	35		Derekutuğun	mine						Çorum	Turkey	40.634571	34.178943	Yalçın and Maass 2013	Global Repositories	Indeterminate/Other	Indeterminate	Chronometric Only
present datasets	25.04.2025		ETH-38891	4160	35		Derekutuğun	mine						Çorum	Turkey	40.634571	34.178943	Yalçın and Maass 2013	Global Repositories	Indeterminate/Other	Indeterminate	Chronometric Only
present datasets	25.04.2025		ETH-42010	4160	35		Derekutuğun	mine						Çorum	Turkey	40.634571	34.178943	Yalçın and Maass 2013	Global Repositories	Indeterminate/Other	Indeterminate	Chronometric Only
present datasets	25.04.2025		ETH-42009	4180	35		Derekutuğun	mine				charcoal		Çorum	Turkey	40.634571	34.178943	Yalçın and Maass 2013	Global Repositories	Woody Plants (Charcoal)	Tree/Shrub	Chronometric Only
present datasets	25.04.2025		ETH-44829	4180	30		Derekutuğun	mine				charcoal		Çorum	Turkey	40.634571	34.178943	Yalçın and Maass 2013	Global Repositories	Woody Plants (Charcoal)	Tree/Shrub	Chronometric Only
present datasets	25.04.2025		ETH-42007	4185	35		Derekutuğun	mine				charcoal		Çorum	Turkey	40.634571	34.178943	Yalçın and Maass 2013	Global Repositories	Woody Plants (Charcoal)	Tree/Shrub	Chronometric Only
present datasets	25.04.2025		ETH-44828	4185	30		Derekutuğun	mine				charcoal		Çorum	Turkey	40.634571	34.178943	Yalçın and Maass 2013	Global Repositories	Woody Plants (Charcoal)	Tree/Shrub	Chronometric Only
present datasets	25.04.2025		ETH-38889	4200	35		Derekutuğun	mine						Çorum	Turkey	40.634571	34.178943	Yalçın and Maass 2013	Global Repositories	Indeterminate/Other	Indeterminate	Chronometric Only
present datasets	25.04.2025		ETH-42005	4200	35		Derekutuğun	mine				charcoal		Çorum	Turkey	40.634571	34.178943	Yalçın and Maass 2013	Global Repositories	Woody Plants (Charcoal)	Tree/Shrub	Chronometric Only
present datasets	25.04.2025		ETH-42003	4215	35		Derekutuğun	mine				charcoal		Çorum	Turkey	40.634571	34.178943	Yalçın and Maass 2013	Global Repositories	Woody Plants (Charcoal)	Tree/Shrub	Chronometric Only
present datasets	25.04.2025		ETH-42006	4230	35		Derekutuğun	mine				charcoal		Çorum	Turkey	40.634571	34.178943	Yalçın and Maass 2013	Global Repositories	Woody Plants (Charcoal)	Tree/Shrub	Chronometric Only
present datasets	25.04.2025		ETH-38890	4240	35		Derekutuğun	mine						Çorum	Turkey	40.634571	34.178943	Yalçın and Maass 2013	Global Repositories	Indeterminate/Other	Indeterminate	Chronometric Only
present datasets	25.04.2025		ETH-42004	4250	35		Derekutuğun	mine				charcoal		Çorum	Turkey	40.634571	34.178943	Yalçın and Maass 2013	Global Repositories	Woody Plants (Charcoal)	Tree/Shrub	Chronometric Only
present datasets	25.04.2025		ETH-43490	4775	40		Derekutuğun	mine				ceramic (organic temper)		Çorum	Turkey	40.634571	34.178943	Yalçın and Maass 2013	Global Repositories	Anthropic/Residues	Organic Residue/Artifact	Chronometric Only
present datasets	25.04.2025		ETH-38896	4835	35		Derekutuğun	mine				ceramic (organic temper)		Çorum	Turkey	40.634571	34.178943	Yalçın and Maass 2013	Global Repositories	Anthropic/Residues	Organic Residue/Artifact	Chronometric Only
present datasets	25.04.2025		ETH-43489	5045	45		Derekutuğun	mine				ceramic (organic temper)		Çorum	Turkey	40.634571	34.178943	Yalçın and Maass 2013	Global Repositories	Anthropic/Residues	Organic Residue/Artifact	Chronometric Only
present datasets	25.04.2025		ETH-37105	5110	35		Derekutuğun	mine				ceramic (organic temper)		Çorum	Turkey	40.634571	34.178943	Yalçın and Maass 2013	Global Repositories	Anthropic/Residues	Organic Residue/Artifact	Chronometric Only
present datasets	25.04.2025		ETH-43488	5385	50		Derekutuğun	mine				ceramic (organic temper)		Çorum	Turkey	40.634571	34.178943	Yalçın and Maass 2013	Global Repositories	Anthropic/Residues	Organic Residue/Artifact	Chronometric Only
present datasets	25.04.2025		Beta-215597	4920	40		Ege Gübre	settlement	Phase II, D2			charcoal		İzmir	Turkey	38.7467	26.9189	Reingruber and Thissen 2016	Global Repositories	Woody Plants (Charcoal)	Tree/Shrub	Chronometric Only
present datasets	25.04.2025		Beta-215594	5180	40		Ege Gübre	settlement	Phase II, C1			charcoal		İzmir	Turkey	38.7467	26.9189	Reingruber and Thissen 2016	Global Repositories	Woody Plants (Charcoal)	Tree/Shrub	Chronometric Only
present datasets	25.04.2025		Beta-257648	6950	50		Ege Gübre	settlement	Layer IIIa;Trench E4, CUS EGE.10			bone		İzmir	Turkey	38.7467	26.9189	Brami 2014; Brami and Zanotti 2015; CalPal; Reingruber and Thissen 2016; Flohr et al. 2016	Global Repositories	Bone/Teeth (Human/Animal)	Indeterminate	Chronometric Only
present datasets	25.04.2025		Beta-257641	6990	80		Ege Gübre	settlement	Layer IIIa;Trench B1, FAS EGE.3			bone		İzmir	Turkey	38.7467	26.9189	Brami 2014; Brami and Zanotti 2015; CalPal; Reingruber and Thissen 2016; Flohr et al. 2016	Global Repositories	Bone/Teeth (Human/Animal)	Indeterminate	Chronometric Only
present datasets	25.04.2025		Beta-215598	7110	50		Ege Gübre	settlement	Layer IIIb;Trench C2, EGE 5			bone/charcoal		İzmir	Turkey	38.7467	26.9189	Brami 2014; Brami and Zanotti 2015; CalPal; Reingruber and Thissen 2016; Flohr et al. 2016	Global Repositories	Bone/Teeth (Human/Animal)	Indeterminate	Chronometric Only
present datasets	25.04.2025		Beta-215601	7130	50		Ege Gübre	settlement	Layer IIIb;Trench D2, EGE 8			bone/charcoal		İzmir	Turkey	38.7467	26.9189	Brami 2014; Brami and Zanotti 2015; CalPal; Reingruber and Thissen 2016; Flohr et al. 2016	Global Repositories	Bone/Teeth (Human/Animal)	Indeterminate	Chronometric Only
present datasets	25.04.2025		Beta-257644	7130	50		Ege Gübre	settlement	Layer IIIb;Trench D1, FGN EGE.6			bone/charcoal		İzmir	Turkey	38.7467	26.9189	Brami 2014; Brami and Zanotti 2015; CalPal; Reingruber and Thissen 2016; Flohr et al. 2016	Global Repositories	Bone/Teeth (Human/Animal)	Indeterminate	Chronometric Only
present datasets	25.04.2025		Beta-257645	7130	50		Ege Gübre	settlement	Layer IIIb;Trench D1, EVP EGE.7			bone/charcoal		İzmir	Turkey	38.7467	26.9189	Brami 2014; Brami and Zanotti 2015; CalPal; Reingruber and Thissen 2016; Flohr et al. 2016	Global Repositories	Bone/Teeth (Human/Animal)	Indeterminate	Chronometric Only
present datasets	25.04.2025		Beta-257647	7180	50		Ege Gübre	settlement	Layer IV;Trench E1, EUA EGE.9			bone/charcoal		İzmir	Turkey	38.7467	26.9189	Brami 2014; Brami and Zanotti 2015; CalPal; Reingruber and Thissen 2016; Flohr et al. 2016	Global Repositories	Bone/Teeth (Human/Animal)	Indeterminate	Chronometric Only
present datasets	25.04.2025		Beta-215600	7200	50		Ege Gübre	settlement	Layer IV;Trench E2, EGE 7			bone/charcoal		İzmir	Turkey	38.7467	26.9189	Brami 2014; Brami and Zanotti 2015; CalPal; Reingruber and Thissen 2016; Flohr et al. 2016	Global Repositories	Bone/Teeth (Human/Animal)	Indeterminate	Chronometric Only
present datasets	25.04.2025		Beta-257640	7200	50		Ege Gübre	settlement	Layer IV;Trench B1, FHA EGE.2			bone/charcoal		İzmir	Turkey	38.7467	26.9189	Brami 2014; Brami and Zanotti 2015; CalPal; Reingruber and Thissen 2016; Flohr et al. 2016	Global Repositories	Bone/Teeth (Human/Animal)	Indeterminate	Chronometric Only
present datasets	25.04.2025		Beta-215596	7250	50		Ege Gübre	settlement	Layer IV;Trench D2, EGE 3			bone/charcoal		İzmir	Turkey	38.7467	26.9189	Brami 2014; Brami and Zanotti 2015; CalPal; Reingruber and Thissen 2016; Flohr et al. 2016	Global Repositories	Bone/Teeth (Human/Animal)	Indeterminate	Chronometric Only
present datasets	25.04.2025		Beta-215599	7290	50		Ege Gübre	settlement	Layer IV;Trench C2, EGE 6			bone/charcoal		İzmir	Turkey	38.7467	26.9189	Brami 2014; Brami and Zanotti 2015; CalPal; Reingruber and Thissen 2016; Flohr et al. 2016	Global Repositories	Bone/Teeth (Human/Animal)	Indeterminate	Chronometric Only
present datasets	25.04.2025		Beta-215999	7290	50		Ege Gübre	settlement	Phase IV, C2 hearth deposit on virgin soil			charcoal		İzmir	Turkey	38.7467	26.9189	Reingruber and Thissen 2016	Global Repositories	Woody Plants (Charcoal)	Tree/Shrub	Chronometric Only
present datasets	25.04.2025		VRI-222	2300	90		Ephesus	settlement				wood		İzmir	Turkey	37.9498	27.3636	Felber and Pak 1973	Global Repositories	Woody Plants (Charcoal)	Tree/Shrub	Chronometric Only
present datasets	25.04.2025		VRI-329	2390	80		Ephesus	settlement	3m below loamy horizon excavated with pottery and bones in area between altar and temple of Diana			charcoal		İzmir	Turkey	37.9498	27.3636	Felber and Pak 1973	Global Repositories	Woody Plants (Charcoal)	Tree/Shrub	Chronometric Only
present datasets	25.04.2025		AA-66738	7275	42		Erbaba Höyük	settlement	Level III	Level III		bone		Konya	Turkey	37.77	31.68	Brami 2014; Brami and Zanotti 2015; CalPal; Clare and Weninger 2014; Reingruber and Thissen 2016; Flohr et al. 2016	Global Repositories	Bone/Teeth (Human/Animal)	Indeterminate	Chronometric Only
present datasets	25.04.2025		AA-66739	7504	85		Erbaba Höyük	settlement	Level III	Level III		bone		Konya	Turkey	37.77	31.68	Brami 2014; Brami and Zanotti 2015; CalPal; Clare and Weninger 2014; Reingruber and Thissen 2016; Flohr et al. 2016	Global Repositories	Bone/Teeth (Human/Animal)	Indeterminate	Chronometric Only
present datasets	25.04.2025		AA-66741	7677	86		Erbaba Höyük	settlement	Level I	Level I		bone		Konya	Turkey	37.77	31.68	Brami 2014; Brami and Zanotti 2015; CalPal; Clare and Weninger 2014; Reingruber and Thissen 2016; Flohr et al. 2016	Global Repositories	Bone/Teeth (Human/Animal)	Indeterminate	Chronometric Only
present datasets	25.04.2025		I-5151	7730	120		Erbaba Höyük	settlement	phase III			charcoal		Konya	Turkey	37.77	31.68	Bordaz 1973; Thissen 2002; Erdoğu 2003; Flohr et al. 2016	Global Repositories	Woody Plants (Charcoal)	Tree/Shrub	Chronometric Only
present datasets	25.04.2025		HU-34	3380	65		Eskiyapar	settlement	LBA ?			charcoal		Çorum	Turkey	40.1581	34.773	TAY Project	Global Repositories	Woody Plants (Charcoal)	Tree/Shrub	Chronometric Only
present datasets	25.04.2025		GrN-5284	6175	50		Fatmalı Kalecik	settlement	Upper layer; top layer; Destroyed hearth on the surface			charcoal		Elazığ	Turkey	38.8576	38.9342	Erdoğu 2003; CalPal; Flohr et al. 2016; TAY Project	Global Repositories	Woody Plants (Charcoal)	Tree/Shrub	Chronometric Only
present datasets	25.04.2025		AA-37091	6932	55		Fıstıklı Höyük	settlement	3B Unit B; IIIa (B3B); Unit B, locus 114.4, RN 5474, midden			charcoal	Leguminosae	Urfa	Turkey	36.9955	37.9777	Bernbeck and Pollock 2003; CalPal; Flohr et al. 2016	Global Repositories	Woody Plants (Charcoal)	Tree/Shrub	Chronometric Only
present datasets	25.04.2025		AA-37092	6935	60		Fıstıklı Höyük	settlement	3C Unit C; IIIa (B3C); Unit B, locus 103.6, RN 5406, midden			charcoal	Leguminosae	Urfa	Turkey	36.9955	37.9777	Bernbeck and Pollock 2003; CalPal; Flohr et al. 2016	Global Repositories	Woody Plants (Charcoal)	Tree/Shrub	Chronometric Only
present datasets	25.04.2025		AA-37093	6995	50		Fıstıklı Höyük	settlement	2C Unit D; IIIc (D2C); Unit D, locus 83.3, RN 2860, exterior surface			charcoal	Leguminosae	Urfa	Turkey	36.9955	37.9777	Bernbeck and Pollock 2003; CalPal; Flohr et al. 2016	Global Repositories	Woody Plants (Charcoal)	Tree/Shrub	Chronometric Only
present datasets	25.04.2025		AA-37094	6950	55		Fıstıklı Höyük	settlement	3A Unit A; IIIa (B3A); Unit B, locus 105.3, RN 3994, midden			charcoal	Rosaceae	Urfa	Turkey	36.9955	37.9777	Bernbeck and Pollock 2003; CalPal; Flohr et al. 2016	Global Repositories	Woody Plants (Charcoal)	Tree/Shrub	Chronometric Only
present datasets	25.04.2025		AA-37095	6840	45		Fıstıklı Höyük	settlement	3A Unit G; IIIa (G3A); Unit G, Locus 26, RN5317, exterior surface			charcoal		Urfa	Turkey	36.9955	37.9777	Bernbeck and Pollock 2003; CalPal; Flohr et al. 2016	Global Repositories	Woody Plants (Charcoal)	Tree/Shrub	Chronometric Only
present datasets	25.04.2025		AA-37096	7020	45		Fıstıklı Höyük	settlement	2C Unit D; IIIc (D2C); Unit D, locus 94.1, RN 2933, room fill			charcoal	Leguminosae	Urfa	Turkey	36.9955	37.9777	Bernbeck and Pollock 2003; CalPal; Flohr et al. 2016	Global Repositories	Woody Plants (Charcoal)	Tree/Shrub	Chronometric Only
present datasets	25.04.2025		AA-37097	6912	55		Fıstıklı Höyük	settlement	3B Unit B; IIIa (B3B); Unit B, locus 66, RN 3611, midden			charcoal	Leguminosae	Urfa	Turkey	36.9955	37.9777	Bernbeck and Pollock 2003; CalPal; Flohr et al. 2016	Global Repositories	Woody Plants (Charcoal)	Tree/Shrub	Chronometric Only
present datasets	25.04.2025		AA-40370	7004	57		Fıstıklı Höyük	settlement	IIIa (E2A); Unit E, locus 26.2, RN 1499, surface			charcoal		Urfa	Turkey	36.9955	37.9777	Bernbeck and Pollock 2003; Flohr et al. 2016	Global Repositories	Woody Plants (Charcoal)	Tree/Shrub	Chronometric Only
present datasets	25.04.2025		AA-40371	6461	67		Fıstıklı Höyük	settlement	IIIa (E3B); Unit E, locus 36, RN 4119, trash dump			charcoal	Pistacia	Urfa	Turkey	36.9955	37.9777	Bernbeck and Pollock 2003; Flohr et al. 2016	Global Repositories	Woody Plants (Charcoal)	Tree/Shrub	Chronometric Only
present datasets	25.04.2025		AA-40372	6738	55		Fıstıklı Höyük	settlement	IIIa (E2B); Unit E, locus 119, RN 4495, surface			charcoal	Ononis	Urfa	Turkey	36.9955	37.9777	Bernbeck and Pollock 2003; Flohr et al. 2016	Global Repositories	Woody Plants (Charcoal)	Tree/Shrub	Chronometric Only
present datasets	25.04.2025		AA-40374	6936	48		Fıstıklı Höyük	settlement	IIIa (H3B); Unit H, locus 100.23, RN 7805, exterior surface			charcoal		Urfa	Turkey	36.9955	37.9777	Bernbeck and Pollock 2003; Flohr et al. 2016	Global Repositories	Woody Plants (Charcoal)	Tree/Shrub	Chronometric Only
present datasets	25.04.2025		AA-40376	6862	62		Fıstıklı Höyük	settlement	IIIa (I2C); Unit I, locus 134.12, RN 10482, between surfaces			charcoal		Urfa	Turkey	36.9955	37.9777	Bernbeck and Pollock 2003; Flohr et al. 2016	Global Repositories	Woody Plants (Charcoal)	Tree/Shrub	Chronometric Only
present datasets	25.04.2025		AA-40377	6470	100		Fıstıklı Höyük	settlement	IIIa/b (K3B); Unit K, locus 113.14, RN 11253, trash on earthwork slope			charcoal	Pinus	Urfa	Turkey	36.9955	37.9777	Bernbeck and Pollock 2003; Flohr et al. 2016	Global Repositories	Woody Plants (Charcoal)	Tree/Shrub	Chronometric Only
present datasets	25.04.2025		AA-40378	6800	48		Fıstıklı Höyük	settlement	unknown (I); Unit I, locus 135.16, RN 12298, earthwork			charcoal	Calicotome	Urfa	Turkey	36.9955	37.9777	Bernbeck and Pollock 2003; Flohr et al. 2016	Global Repositories	Woody Plants (Charcoal)	Tree/Shrub	Chronometric Only
present datasets	25.04.2025		AA-40379	6934	48		Fıstıklı Höyük	settlement	IIIa (I3); Unit I, locus 178.13, RN 12400, trash on surface			charcoal	Pistacia	Urfa	Turkey	36.9955	37.9777	Bernbeck and Pollock 2003; Flohr et al. 2016	Global Repositories	Woody Plants (Charcoal)	Tree/Shrub	Chronometric Only
present datasets	25.04.2025		AA-40380	6903	48		Fıstıklı Höyük	settlement	IIIa (H3E); Unit H, locus 192, RN 12671, hearth			charcoal	Rosaceae	Urfa	Turkey	36.9955	37.9777	Bernbeck and Pollock 2003; Flohr et al. 2016	Global Repositories	Woody Plants (Charcoal)	Tree/Shrub	Chronometric Only
present datasets	25.04.2025		AA-40381	6861	48		Fıstıklı Höyük	settlement	IIIa/b (I4); Unit I, locus 192, RN 13046, between surfaces			charcoal	Rosaceae	Urfa	Turkey	36.9955	37.9777	Bernbeck and Pollock 2003; Flohr et al. 2016	Global Repositories	Woody Plants (Charcoal)	Tree/Shrub	Chronometric Only
present datasets	25.04.2025		AA-40382	6853	48		Fıstıklı Höyük	settlement	IIIb (K4); Unit K, locus 126, RN 13701, surface			charcoal	Pistacia	Urfa	Turkey	36.9955	37.9777	Bernbeck and Pollock 2003; Flohr et al. 2016	Global Repositories	Woody Plants (Charcoal)	Tree/Shrub	Chronometric Only
present datasets	25.04.2025		GrN-5580	3990	40		Gedikli	settlement	EBA III-MBA;sacrificial pit			charcoal		Gaziantep	Turkey	37.2201	36.8324	TAY Project; CalPal	Global Repositories	Woody Plants (Charcoal)	Tree/Shrub	Chronometric Only
present datasets	25.04.2025		GrN-5581	3820	40		Gedikli	settlement	EBA III-MBA;grave			charcoal		Gaziantep	Turkey	37.2201	36.8324	TAY Project; CalPal	Global Repositories	Woody Plants (Charcoal)	Tree/Shrub	Chronometric Only
present datasets	25.04.2025		P-1461	3877	57		Gedikli	settlement	C-trench, creamation area		Early Bronze Age	charcoal		Gaziantep	Turkey	37.2201	36.8324	Lawn 1970	Global Repositories	Woody Plants (Charcoal)	Tree/Shrub	Chronometric Only
present datasets	25.04.2025		P-1462	4212	74		Gedikli	settlement	A1 trench, IIIk		Early Bronze Age	grain		Gaziantep	Turkey	37.2201	36.8324	Lawn 1970	Global Repositories	Short-lived Plants	Cereal/Pulse/Seed	Chronometric Only
present datasets	25.04.2025		P-1463	4267	65		Gedikli	settlement	A1 trench, IIIj, sample 5		Early Bronze Age	grain	Cerealia	Gaziantep	Turkey	37.2201	36.8324	Lawn 1970	Global Repositories	Short-lived Plants	Cereal/Pulse/Seed	Chronometric Only
present datasets	25.04.2025		P-1464	3676	50		Gedikli	settlement	Cremation vessel, C-trench		Early Bronze Age	charcoal		Gaziantep	Turkey	37.2201	36.8324	Lawn 1970	Global Repositories	Woody Plants (Charcoal)	Tree/Shrub	Chronometric Only
present datasets	25.04.2025		GrN-5882	6465	100		Girikihaciyan	settlement	Epi/post Halaf; level 9 in E2 and levels 4 and 5 in B5, epi-/post Halaf			charcoal		Diyarbakır	Turkey	38.1444	39.9936	Erdoğu 2003; CalPal; Flohr et al. 2016; TAY Project	Global Repositories	Woody Plants (Charcoal)	Tree/Shrub	Chronometric Only
present datasets	25.04.2025		GrN-6245	6805	45		Girikihaciyan	settlement	Late Halaf			charcoal		Diyarbakır	Turkey	38.1444	39.9936	Erdoğu 2003; CalPal; Flohr et al. 2016; TAY Project	Global Repositories	Woody Plants (Charcoal)	Tree/Shrub	Chronometric Only
present datasets	25.04.2025		GrN-6246	6950	45		Girikihaciyan	settlement	Late Halaf			charcoal		Diyarbakır	Turkey	38.1444	39.9936	Erdoğu 2003; CalPal; Flohr et al. 2016; TAY Project	Global Repositories	Woody Plants (Charcoal)	Tree/Shrub	Chronometric Only
present datasets	25.04.2025		Wk-35608	8868	25		Girmeler	cave	Trench A					Muğla	Turkey	36.587	29.374	Takaoğlu et al. 2014; Brami and Zanotti 2015; Reingruber and Thissen 2016	Global Repositories	Indeterminate/Other	Indeterminate	Chronometric Only
present datasets	25.04.2025		Wk-37966	8906	37		Girmeler	cave	Trench A					Muğla	Turkey	36.587	29.374	Takaoğlu et al. 2014; Brami and Zanotti 2015; Reingruber and Thissen 2016	Global Repositories	Indeterminate/Other	Indeterminate	Chronometric Only
present datasets	25.04.2025		Wk-37967	8876	33		Girmeler	cave	Trench A					Muğla	Turkey	36.587	29.374	Takaoğlu et al. 2014; Brami and Zanotti 2015; Reingruber and Thissen 2016	Global Repositories	Indeterminate/Other	Indeterminate	Chronometric Only
present datasets	25.04.2025		Hd-20025	9452	73		Göbekli Tepe	settlement	Phase: III;Enclosure A"", Loc. 44.3, L9-75.			seed (charred)	Pistacia/Amygdalus	Urfa	Turkey	37.2231	38.9225	Kromer and Schmidt 1998; Thissen 2002; CalPal; Flohr et al. 2016	Global Repositories	Short-lived Plants	Cereal/Pulse/Seed	Chronometric Only
present datasets	25.04.2025		Hd-20036	9559	53		Göbekli Tepe	settlement	Phase: III;Enclosure A,; L 9-75, Loc. 48.1			seed (charred)	Pistacia/Amygdalus	Urfa	Turkey	37.2231	38.9225	Kromer and Schmidt 1998; Thissen 2002; CalPal; Flohr et al. 2016	Global Repositories	Short-lived Plants	Cereal/Pulse/Seed	Chronometric Only
present datasets	25.04.2025		IGAS-2658	8880	60		Göbekli Tepe	settlement	Over filling of Enclosure D; L 9-68			humic acid		Urfa	Turkey	37.2231	38.9225	CalPal; Dietrich 2011	Global Repositories	Environmental/Soil	Mollusc/Sediment/Soil	Chronometric Only
present datasets	25.04.2025		KIA-28407a	6515	45	-27.92	Göbekli Tepe	settlement	layer III?; Enclosure A, under a fallen pillar fragment; L 9-75			humic acid		Urfa	Turkey	37.2231	38.9225	Dietrich 2011; Flohr et al. 2016	Global Repositories	Environmental/Soil	Mollusc/Sediment/Soil	Chronometric Only
present datasets	25.04.2025		KIA-28407b	9250	55	-24.82	Göbekli Tepe	settlement	Enclosure A; CH of earth sample KIA 28407; L 9-75			charcoal		Urfa	Turkey	37.2231	38.9225	Dietrich 2011; Benz 2014; Flohr et al. 2016	Global Repositories	Woody Plants (Charcoal)	Tree/Shrub	Chronometric Only
present datasets	25.04.2025		KIA-38006	6620	32	-12.8	Göbekli Tepe	settlement	Layer II; Loc. 48.4; L 9-66			bone (apatite)		Urfa	Turkey	37.2231	38.9225	Dietrich 2011; Benz 2014; Flohr et al. 2016	Global Repositories	Bone/Teeth (Human/Animal)	Indeterminate	Chronometric Only
present datasets	25.04.2025		KIA-38007a	9065	35	-17.71	Göbekli Tepe	settlement	Layer III, Enclosure B, Loc. 107.1.; L 9-66			bone		Urfa	Turkey	37.2231	38.9225	Dietrich 2011; Benz 2014; Flohr et al. 2016	Global Repositories	Bone/Teeth (Human/Animal)	Indeterminate	Chronometric Only
present datasets	25.04.2025		KIA-38007b	6475	37	-17.71	Göbekli Tepe	settlement	Layer II, Enclosure B, Loc. 107.1; L 9-66			bone (apatite)		Urfa	Turkey	37.2231	38.9225	Dietrich 2011; Benz 2014; Flohr et al. 2016	Global Repositories	Bone/Teeth (Human/Animal)	Indeterminate	Chronometric Only
present datasets	25.04.2025		KIA-38008	8930	45	-13.85	Göbekli Tepe	settlement	Layer III, Enclosure D, Loc. 25.4; L 9-68			bone (apatite)		Urfa	Turkey	37.2231	38.9225	Dietrich 2011; Benz 2014; Flohr et al. 2016	Global Repositories	Bone/Teeth (Human/Animal)	Indeterminate	Chronometric Only
present datasets	25.04.2025		KIA-42204	8475	60	-12.35	Göbekli Tepe	settlement	Layer III; Enclosure B, Loc. 113.1; L 9-66			bone (apatite)		Urfa	Turkey	37.2231	38.9225	Dietrich 2011; Benz 2014; Flohr et al. 2016	Global Repositories	Bone/Teeth (Human/Animal)	Indeterminate	Chronometric Only
present datasets	25.04.2025		KIA-42205	9000	65	-11.81	Göbekli Tepe	settlement	Layer III, Enclosure B, Loc. 71.1; L9-66			bone (apatite)		Urfa	Turkey	37.2231	38.9225	Dietrich 2011; Benz 2014; Flohr et al. 2016	Global Repositories	Bone/Teeth (Human/Animal)	Indeterminate	Chronometric Only
present datasets	25.04.2025		KIA-42206	6745	30	-9.91	Göbekli Tepe	settlement	Layer II; Loc. 50.2; L 9-66			bone (apatite)		Urfa	Turkey	37.2231	38.9225	Dietrich 2011; Benz 2014; Flohr et al. 2016	Global Repositories	Bone/Teeth (Human/Animal)	Indeterminate	Chronometric Only
present datasets	25.04.2025		KIA-42207	7830	35	-12.86	Göbekli Tepe	settlement	Layer II; Loc. 28.1; L 9-68			bone (apatite)		Urfa	Turkey	37.2231	38.9225	Dietrich 2011; Benz 2014; Flohr et al. 2016	Global Repositories	Bone/Teeth (Human/Animal)	Indeterminate	Chronometric Only
present datasets	25.04.2025		KIA-42208	8380	40	-11.9	Göbekli Tepe	settlement	Layer II; Enclosure F, Loc. 28.1; K 9-87			bone (apatite)		Urfa	Turkey	37.2231	38.9225	Dietrich 2011; Benz 2014; Flohr et al. 2016	Global Repositories	Bone/Teeth (Human/Animal)	Indeterminate	Chronometric Only
present datasets	25.04.2025		KIA-42209	5775	25	-9.83	Göbekli Tepe	settlement	Layer II; Loc. 24.4; L 9-17			bone (apatite)		Urfa	Turkey	37.2231	38.9225	Dietrich 2011; Benz 2014; Flohr et al. 2016	Global Repositories	Bone/Teeth (Human/Animal)	Indeterminate	Chronometric Only
present datasets	25.04.2025		KIA-42210	8370	35	-13.86	Göbekli Tepe	settlement	Layer III; Enclosure D, Loc. 18.2; L 9-68			bone (apatite)		Urfa	Turkey	37.2231	38.9225	Dietrich 2011; Benz 2014; Flohr et al. 2016	Global Repositories	Bone/Teeth (Human/Animal)	Indeterminate	Chronometric Only
present datasets	25.04.2025		KIA-42211	7985	45	-11.47	Göbekli Tepe	settlement	Layer ?; Enclosure G, Loc. 81.3; L 9-58			bone (apatite)		Urfa	Turkey	37.2231	38.9225	Dietrich 2011; Benz 2014; Flohr et al. 2016	Global Repositories	Bone/Teeth (Human/Animal)	Indeterminate	Chronometric Only
present datasets	25.04.2025		KIA-42212	8665	45	-12.96	Göbekli Tepe	settlement	Layer III, Loc. 49.6; L 9-58			bone (apatite)		Urfa	Turkey	37.2231	38.9225	Dietrich 2011; Benz 2014; Flohr et al. 2016	Global Repositories	Bone/Teeth (Human/Animal)	Indeterminate	Chronometric Only
present datasets	25.04.2025		KIA-42213	8860	80	-13.36	Göbekli Tepe	settlement	Layer II, Loc. 96.2; L 9-58			bone (apatite)		Urfa	Turkey	37.2231	38.9225	Dietrich 2011; Benz 2014; Flohr et al. 2016	Global Repositories	Bone/Teeth (Human/Animal)	Indeterminate	Chronometric Only
present datasets	25.04.2025		KIA-42214	8115	60	-12.62	Göbekli Tepe	settlement	later pit feature, unclear; Loc. 4.19			bone (apatite)		Urfa	Turkey	37.2231	38.9225	Dietrich 2011; Benz 2014; Flohr et al. 2016	Global Repositories	Bone/Teeth (Human/Animal)	Indeterminate	Chronometric Only
present datasets	25.04.2025		KIA-42216	7735	40	-9.35	Göbekli Tepe	settlement	Layer III, Enclosure D; Loc. 19.2; L 9-68			bone (apatite)		Urfa	Turkey	37.2231	38.9225	Dietrich 2011; Benz 2014; Flohr et al. 2016	Global Repositories	Bone/Teeth (Human/Animal)	Indeterminate	Chronometric Only
present datasets	25.04.2025		KIA-42217	8860	50	-13.34	Göbekli Tepe	settlement	Layer I; Loc. 10.1; L 9-68			bone (apatite)		Urfa	Turkey	37.2231	38.9225	Dietrich 2011; Benz 2014; Flohr et al. 2016	Global Repositories	Bone/Teeth (Human/Animal)	Indeterminate	Chronometric Only
present datasets	25.04.2025		KIA-42218	8959	65	-12.34	Göbekli Tepe	settlement	layer III; Enclosure D, Loc. 25.2; L 9-68			bone (apatite)		Urfa	Turkey	37.2231	38.9225	Dietrich 2011; Benz 2014; Flohr et al. 2016	Global Repositories	Bone/Teeth (Human/Animal)	Indeterminate	Chronometric Only
present datasets	25.04.2025		KIA-42219	9120	50	-8.53	Göbekli Tepe	settlement	Layer  III; Enclosure D, Loc. 21.7; L9-68			bone (apatite)		Urfa	Turkey	37.2231	38.9225	Dietrich 2011; Benz 2014; Flohr et al. 2016	Global Repositories	Bone/Teeth (Human/Animal)	Indeterminate	Chronometric Only
present datasets	25.04.2025		KIA-42221	9230	130	-15.37	Göbekli Tepe	settlement	Layer III; Enclosure B, Loc. 74.2; L9-66			bone (apatite)		Urfa	Turkey	37.2231	38.9225	Dietrich 2011; Benz 2014; Flohr et al. 2016	Global Repositories	Bone/Teeth (Human/Animal)	Indeterminate	Chronometric Only
present datasets	25.04.2025		KIA-44149	9984	42	-26.31	Göbekli Tepe	settlement	Layer III; Enclosure D, Loc. 782.3; L9-68			charcoal		Urfa	Turkey	37.2231	38.9225	Dietrich 2011; Benz 2014; Flohr et al. 2016	Global Repositories	Woody Plants (Charcoal)	Tree/Shrub	Chronometric Only
present datasets	25.04.2025		KIA-44701	9800	120		Göbekli Tepe	settlement				tooth	Bos	Urfa	Turkey	37.2231	38.9225	Dietrich et al. 2013	Global Repositories	Bone/Teeth (Human/Animal)	Animal	Chronometric Only
present datasets	25.04.2025		UGAMS-10795	9970	30		Göbekli Tepe	settlement				charcoal	Pistacia atlantica	Urfa	Turkey	37.2231	38.9225	Dietrich et al. 2013	Global Repositories	Woody Plants (Charcoal)	Tree/Shrub	Chronometric Only
present datasets	25.04.2025		UGAMS-10796	9990	30		Göbekli Tepe	settlement				charcoal	Pistacia atlantica	Urfa	Turkey	37.2231	38.9225	Dietrich et al. 2013	Global Repositories	Woody Plants (Charcoal)	Tree/Shrub	Chronometric Only
present datasets	25.04.2025		UGAMS-10797	9700	30		Göbekli Tepe	settlement				charcoal	Pistacia atlantica	Urfa	Turkey	37.2231	38.9225	Dietrich et al. 2013	Global Repositories	Woody Plants (Charcoal)	Tree/Shrub	Chronometric Only
present datasets	25.04.2025		UGAMS-10798	9540	30		Göbekli Tepe	settlement						Urfa	Turkey	37.2231	38.9225	Dietrich et al. 2013	Global Repositories	Indeterminate/Other	Indeterminate	Chronometric Only
present datasets	25.04.2025		UGAMS-10799	9960	30		Göbekli Tepe	settlement				charcoal	Pistacia atlantica	Urfa	Turkey	37.2231	38.9225	Dietrich et al. 2013	Global Repositories	Woody Plants (Charcoal)	Tree/Shrub	Chronometric Only
present datasets	25.04.2025		Beta-104993	3940	50		Göltepe	settlement	EBA		Early Bronze Age			Niğde	Turkey	37.8013	34.9221	Yener 2000	Global Repositories	Indeterminate/Other	Indeterminate	Chronometric Only
present datasets	25.04.2025		Beta-104994	2720	60		Göltepe	settlement						Niğde	Turkey	37.8013	34.9221	Yener 2000	Global Repositories	Indeterminate/Other	Indeterminate	Chronometric Only
present datasets	25.04.2025		Beta-105168	4150	70		Göltepe	settlement	EBA		Early Bronze Age			Niğde	Turkey	37.8013	34.9221	Yener 2000	Global Repositories	Indeterminate/Other	Indeterminate	Chronometric Only
present datasets	25.04.2025		Beta-42648	4120	60		Göltepe	settlement	EBA		Early Bronze Age	charcoal		Niğde	Turkey	37.8013	34.9221	Yener 2000	Global Repositories	Woody Plants (Charcoal)	Tree/Shrub	Chronometric Only
present datasets	25.04.2025		Beta-42650	4070	60		Göltepe	settlement	EBA		Early Bronze Age	charcoal		Niğde	Turkey	37.8013	34.9221	Yener 2000	Global Repositories	Woody Plants (Charcoal)	Tree/Shrub	Chronometric Only
present datasets	25.04.2025		Beta-42651	3790	80		Göltepe	settlement	EBA		Early Bronze Age			Niğde	Turkey	37.8013	34.9221	Yener 2000	Global Repositories	Indeterminate/Other	Indeterminate	Chronometric Only
present datasets	25.04.2025		Beta-75605	3920	60		Göltepe	settlement	EBA		Early Bronze Age	charcoal		Niğde	Turkey	37.8013	34.9221	Yener 2000	Global Repositories	Woody Plants (Charcoal)	Tree/Shrub	Chronometric Only
present datasets	25.04.2025		Beta-75606	3980	70		Göltepe	settlement	EBA		Early Bronze Age			Niğde	Turkey	37.8013	34.9221	Yener 2000	Global Repositories	Indeterminate/Other	Indeterminate	Chronometric Only
present datasets	25.04.2025		Beta-75607	4020	70		Göltepe	settlement	EBA		Early Bronze Age	charcoal		Niğde	Turkey	37.8013	34.9221	Yener 2000	Global Repositories	Woody Plants (Charcoal)	Tree/Shrub	Chronometric Only
present datasets	25.04.2025		Beta-75608	3890	50		Göltepe	settlement	EBA		Early Bronze Age			Niğde	Turkey	37.8013	34.9221	Yener 2000; TAY Project	Global Repositories	Indeterminate/Other	Indeterminate	Chronometric Only
present datasets	25.04.2025		Beta-75609	3840	70		Göltepe	settlement	EBA		Early Bronze Age			Niğde	Turkey	37.8013	34.9221	Yener 2000	Global Repositories	Indeterminate/Other	Indeterminate	Chronometric Only
present datasets	25.04.2025		Beta-75610	3830	60		Göltepe	settlement	EBA		Early Bronze Age			Niğde	Turkey	37.8013	34.9221	TAY Project	Global Repositories	Indeterminate/Other	Indeterminate	Chronometric Only
present datasets	25.04.2025		Beta-75611	4140	50		Göltepe	settlement	EBA		Early Bronze Age			Niğde	Turkey	37.8013	34.9221	Yener 2000; TAY Project	Global Repositories	Indeterminate/Other	Indeterminate	Chronometric Only
present datasets	25.04.2025		Beta-75612	3800	100		Göltepe	settlement	EBA		Early Bronze Age			Niğde	Turkey	37.8013	34.9221	Yener 2000; TAY Project	Global Repositories	Indeterminate/Other	Indeterminate	Chronometric Only
present datasets	25.04.2025		Beta-75613	3910	90		Göltepe	settlement	EBA		Early Bronze Age			Niğde	Turkey	37.8013	34.9221	Yener 2000	Global Repositories	Indeterminate/Other	Indeterminate	Chronometric Only
present datasets	25.04.2025		Beta-75614	4150	50		Göltepe	settlement	EBA		Early Bronze Age			Niğde	Turkey	37.8013	34.9221	Yener 2000	Global Repositories	Indeterminate/Other	Indeterminate	Chronometric Only
present datasets	25.04.2025		Beta-13216	8610	90		Gritille	settlement	Phase C			charcoal	Pistacia	Adıyaman	Turkey	37.5492	38.5654	TAY Project; Flohr et al. 2016	Global Repositories	Woody Plants (Charcoal)	Tree/Shrub	Chronometric Only
present datasets	25.04.2025		Beta-13218	7950	120		Gritille	settlement	Phase B			charcoal		Adıyaman	Turkey	37.5492	38.5654	TAY Project; Flohr et al. 2016	Global Repositories	Woody Plants (Charcoal)	Tree/Shrub	Chronometric Only
present datasets	25.04.2025		Beta-6318	3950	100		Gritille	settlement	Phase: BZ;GT 3340 op.XVII/70 L 119					Adıyaman	Turkey	37.5492	38.5654	CalPal	Global Repositories	Indeterminate/Other	Indeterminate	Chronometric Only
present datasets	25.04.2025		Beta-8241	7860	80		Gritille	settlement	Phase B			charcoal		Adıyaman	Turkey	37.5492	38.5654	TAY Project; Flohr et al. 2016	Global Repositories	Woody Plants (Charcoal)	Tree/Shrub	Chronometric Only
present datasets	25.04.2025		GrN-15247	8075	40		Gritille	settlement	Phase:  C;operation 50, locus 4, lot 4; shallow pit			charcoal		Adıyaman	Turkey	37.5492	38.5654	TAY Project; CalPal; Flohr et al. 2016	Global Repositories	Woody Plants (Charcoal)	Tree/Shrub	Chronometric Only
present datasets	25.04.2025		GrN-15248	8280	100		Gritille	settlement	Phase:  D;operation 51, locus 3, lot 3; roasting pit, above round feature			charcoal		Adıyaman	Turkey	37.5492	38.5654	TAY Project; CalPal; Flohr et al. 2016	Global Repositories	Woody Plants (Charcoal)	Tree/Shrub	Chronometric Only
present datasets	25.04.2025		GrN-15249	8190	140		Gritille	settlement	Phase:  D;operation 51, locus 6, lot 4; trash inside round feature			charcoal		Adıyaman	Turkey	37.5492	38.5654	TAY Project; CalPal; Flohr et al. 2016	Global Repositories	Woody Plants (Charcoal)	Tree/Shrub	Chronometric Only
present datasets	25.04.2025		GrN-15250	8230	100		Gritille	settlement	Phase:  D;operation 48/51, locus 3, lot 37; deep bell-shaped pit			charcoal		Adıyaman	Turkey	37.5492	38.5654	TAY Project; CalPal; Flohr et al. 2016	Global Repositories	Woody Plants (Charcoal)	Tree/Shrub	Chronometric Only
present datasets	25.04.2025		GrN-15255	8000	50		Gritille	settlement	Phase:  B;operation 50, locus 44, lot 58; roasting pit			charcoal	Quercus,Pistacia	Adıyaman	Turkey	37.5492	38.5654	TAY Project; CalPal; Flohr et al. 2016	Global Repositories	Woody Plants (Charcoal)	Tree/Shrub	Chronometric Only
present datasets	25.04.2025		Beta-499841	9770	40		Gusir Höyük	settlement				nutshell	Amygdalus	Siirt	Turkey	37.727352	41.821224	Kabucku 2021	Global Repositories	Short-lived Plants	Cereal/Pulse/Seed	Chronometric Only
present datasets	25.04.2025		Beta-499842	9250	30		Gusir Höyük	settlement				seed	Triticum	Siirt	Turkey	37.727352	41.821224	Kabucku 2021	Global Repositories	Short-lived Plants	Cereal/Pulse/Seed	Chronometric Only
present datasets	25.04.2025		KIA-44176	9920	40		Gusir Höyük	settlement	2 GSR					Siirt	Turkey	37.727352	41.821224	Karul 2011; Benz 2014; Flohr et al. 2016	Global Repositories	Indeterminate/Other	Indeterminate	Chronometric Only
present datasets	25.04.2025		KIA-44177	9900	40		Gusir Höyük	settlement	3GSR; 3 GSR					Siirt	Turkey	37.727352	41.821224	Karul 2011; Benz 2014; Flohr et al. 2016	Global Repositories	Indeterminate/Other	Indeterminate	Chronometric Only
present datasets	25.04.2025		KIA-44178	9975	50		Gusir Höyük	settlement	4 GSR					Siirt	Turkey	37.727352	41.821224	Karul 2011; Benz 2014; Flohr et al. 2016	Global Repositories	Indeterminate/Other	Indeterminate	Chronometric Only
present datasets	25.04.2025		KIA-44179	9935	40		Gusir Höyük	settlement	5 GSR					Siirt	Turkey	37.727352	41.821224	Karul 2011; Benz 2014; Flohr et al. 2016	Global Repositories	Indeterminate/Other	Indeterminate	Chronometric Only
present datasets	25.04.2025		KIA-44180	9590	45		Gusir Höyük	settlement	6GSR					Siirt	Turkey	37.727352	41.821224	Karul 2011; Benz 2014; Flohr et al. 2016	Global Repositories	Indeterminate/Other	Indeterminate	Chronometric Only
present datasets	25.04.2025		UGAMS-16774	9670	30		Gusir Höyük	settlement				charcoal		Siirt	Turkey	37.727352	41.821224	Kabucku 2021	Global Repositories	Woody Plants (Charcoal)	Tree/Shrub	Chronometric Only
present datasets	25.04.2025		UGAMS-16775	9130	30		Gusir Höyük	settlement				charcoal		Siirt	Turkey	37.727352	41.821224	Kabucku 2021	Global Repositories	Woody Plants (Charcoal)	Tree/Shrub	Chronometric Only
present datasets	25.04.2025		UGAMS-20107	9610	30		Gusir Höyük	settlement				charcoal		Siirt	Turkey	37.727352	41.821224	Kabucku 2021	Global Repositories	Woody Plants (Charcoal)	Tree/Shrub	Chronometric Only
present datasets	25.04.2025		UGAMS-20108	9620	30		Gusir Höyük	settlement				charcoal		Siirt	Turkey	37.727352	41.821224	Kabucku 2021	Global Repositories	Woody Plants (Charcoal)	Tree/Shrub	Chronometric Only
present datasets	25.04.2025		UGAMS-20110	9610	30		Gusir Höyük	settlement				charcoal		Siirt	Turkey	37.727352	41.821224	Kabucku 2021	Global Repositories	Woody Plants (Charcoal)	Tree/Shrub	Chronometric Only
present datasets	25.04.2025		UGAMS-20111	9570	25		Gusir Höyük	settlement				charcoal		Siirt	Turkey	37.727352	41.821224	Kabucku 2021	Global Repositories	Woody Plants (Charcoal)	Tree/Shrub	Chronometric Only
present datasets	25.04.2025		UGAMS-20112	9550	30		Gusir Höyük	settlement				charcoal		Siirt	Turkey	37.727352	41.821224	Kabucku 2021	Global Repositories	Woody Plants (Charcoal)	Tree/Shrub	Chronometric Only
present datasets	25.04.2025		UGAMS-20113	9860	30		Gusir Höyük	settlement				charcoal		Siirt	Turkey	37.727352	41.821224	Kabucku 2021	Global Repositories	Woody Plants (Charcoal)	Tree/Shrub	Chronometric Only
present datasets	25.04.2025		UGAMS-20115	9850	30		Gusir Höyük	settlement				charcoal		Siirt	Turkey	37.727352	41.821224	Kabucku 2021	Global Repositories	Woody Plants (Charcoal)	Tree/Shrub	Chronometric Only
present datasets	25.04.2025		UGAMS-20116	9830	30		Gusir Höyük	settlement				charcoal		Siirt	Turkey	37.727352	41.821224	Kabucku 2021	Global Repositories	Woody Plants (Charcoal)	Tree/Shrub	Chronometric Only
present datasets	25.04.2025		UGAMS-20117	9790	30		Gusir Höyük	settlement				charcoal		Siirt	Turkey	37.727352	41.821224	Kabucku 2021	Global Repositories	Woody Plants (Charcoal)	Tree/Shrub	Chronometric Only
present datasets	25.04.2025		UGAMS-20118	9860	30		Gusir Höyük	settlement				charcoal		Siirt	Turkey	37.727352	41.821224	Kabucku 2021	Global Repositories	Woody Plants (Charcoal)	Tree/Shrub	Chronometric Only
present datasets	25.04.2025		UGAMS-20119	9820	30		Gusir Höyük	settlement				charcoal		Siirt	Turkey	37.727352	41.821224	Kabucku 2021	Global Repositories	Woody Plants (Charcoal)	Tree/Shrub	Chronometric Only
present datasets	25.04.2025		UGAMS-20120	9870	30		Gusir Höyük	settlement				charcoal		Siirt	Turkey	37.727352	41.821224	Kabucku 2021	Global Repositories	Woody Plants (Charcoal)	Tree/Shrub	Chronometric Only
present datasets	25.04.2025		UGAMS-20121	9710	25		Gusir Höyük	settlement				charcoal		Siirt	Turkey	37.727352	41.821224	Kabucku 2021	Global Repositories	Woody Plants (Charcoal)	Tree/Shrub	Chronometric Only
present datasets	25.04.2025		UGAMS-20122	9190	25		Gusir Höyük	settlement				charcoal		Siirt	Turkey	37.727352	41.821224	Kabucku 2021	Global Repositories	Woody Plants (Charcoal)	Tree/Shrub	Chronometric Only
present datasets	25.04.2025		UGAMS-20123	9150	30		Gusir Höyük	settlement				charcoal		Siirt	Turkey	37.727352	41.821224	Kabucku 2021	Global Repositories	Woody Plants (Charcoal)	Tree/Shrub	Chronometric Only
present datasets	25.04.2025		UGAMS-20124	9150	25		Gusir Höyük	settlement				charcoal		Siirt	Turkey	37.727352	41.821224	Kabucku 2021	Global Repositories	Woody Plants (Charcoal)	Tree/Shrub	Chronometric Only
present datasets	25.04.2025		C-TU-GUV-1	6224	39		Güvercinkayası	settlement						Aksaray	Turkey	38.4043	34.1968	Reingruber and Thissen 2016	Global Repositories	Indeterminate/Other	Indeterminate	Chronometric Only
present datasets	25.04.2025		C-TU-GUV-2	6012	39		Güvercinkayası	settlement						Aksaray	Turkey	38.4043	34.1968	Reingruber and Thissen 2016	Global Repositories	Indeterminate/Other	Indeterminate	Chronometric Only
present datasets	25.04.2025		GrN-24919	6060	25		Güvercinkayası	settlement	Chalcolithic		Chalcolithic	charcoal		Aksaray	Turkey	38.4043	34.1968	Erdoğu 2003; TAY Project; CalPal; Reingruber and Thissen 2016;  Flohr et al. 2016	Global Repositories	Woody Plants (Charcoal)	Tree/Shrub	Chronometric Only
present datasets	25.04.2025		GrN-24920	6000	40		Güvercinkayası	settlement	Chalcolithic		Chalcolithic	charcoal		Aksaray	Turkey	38.4043	34.1968	Erdoğu 2003; TAY Project; CalPal; Reingruber and Thissen 2016;  Flohr et al. 2016	Global Repositories	Woody Plants (Charcoal)	Tree/Shrub	Chronometric Only
present datasets	25.04.2025		GrN-24921	6060	50		Güvercinkayası	settlement	Chalcolithic		Chalcolithic	charcoal		Aksaray	Turkey	38.4043	34.1968	Erdoğu 2003; TAY Project; CalPal; Reingruber and Thissen 2016;  Flohr et al. 2016	Global Repositories	Woody Plants (Charcoal)	Tree/Shrub	Chronometric Only
present datasets	25.04.2025		GrN-27150	6135	25		Güvercinkayası	settlement	Chalcolithic		Chalcolithic	charcoal		Aksaray	Turkey	38.4043	34.1968	Erdoğu 2003; TAY Project; CalPal; Reingruber and Thissen 2016;  Flohr et al. 2016	Global Repositories	Woody Plants (Charcoal)	Tree/Shrub	Chronometric Only
present datasets	25.04.2025		GrN-27151	6100	50		Güvercinkayası	settlement	Chalcolithic		Chalcolithic	charcoal		Aksaray	Turkey	38.4043	34.1968	Erdoğu 2003; TAY Project; CalPal; Reingruber and Thissen 2016;  Flohr et al. 2016	Global Repositories	Woody Plants (Charcoal)	Tree/Shrub	Chronometric Only
present datasets	25.04.2025		GrN-27152	5970	60		Güvercinkayası	settlement	Chalcolithic		Chalcolithic	charcoal		Aksaray	Turkey	38.4043	34.1968	Erdoğu 2003; TAY Project; CalPal; Reingruber and Thissen 2016;  Flohr et al. 2016	Global Repositories	Woody Plants (Charcoal)	Tree/Shrub	Chronometric Only
present datasets	25.04.2025		GrN-27153	6150	25		Güvercinkayası	settlement	Chalcolithic		Chalcolithic	charcoal		Aksaray	Turkey	38.4043	34.1968	Erdoğu 2003; TAY Project; CalPal; Reingruber and Thissen 2016;  Flohr et al. 2016	Global Repositories	Woody Plants (Charcoal)	Tree/Shrub	Chronometric Only
present datasets	25.04.2025		GrN-27154	5890	70		Güvercinkayası	settlement	Chalcolithic		Chalcolithic	charcoal		Aksaray	Turkey	38.4043	34.1968	Erdoğu 2003; TAY Project; CalPal; Reingruber and Thissen 2016;  Flohr et al. 2016	Global Repositories	Woody Plants (Charcoal)	Tree/Shrub	Chronometric Only
present datasets	25.04.2025		GrN-27190	6195	40		Güvercinkayası	settlement	Chalcolithic		Chalcolithic	charcoal		Aksaray	Turkey	38.4043	34.1968	Erdoğu 2003; TAY Project; CalPal; Reingruber and Thissen 2016;  Flohr et al. 2016	Global Repositories	Woody Plants (Charcoal)	Tree/Shrub	Chronometric Only
present datasets	25.04.2025		GrN-27191	6165	30		Güvercinkayası	settlement	Chalcolithic		Chalcolithic	charcoal		Aksaray	Turkey	38.4043	34.1968	Erdoğu 2003; TAY Project; CalPal; Reingruber and Thissen 2016;  Flohr et al. 2016	Global Repositories	Woody Plants (Charcoal)	Tree/Shrub	Chronometric Only
present datasets	25.04.2025		GrN-28628	6110	50		Güvercinkayası	settlement						Aksaray	Turkey	38.4043	34.1968	TAY Project; Flohr et al. 2016	Global Repositories	Indeterminate/Other	Indeterminate	Chronometric Only
present datasets	25.04.2025		GrN-28631	6020	40		Güvercinkayası	settlement						Aksaray	Turkey	38.4043	34.1968	TAY Project; Flohr et al. 2016	Global Repositories	Indeterminate/Other	Indeterminate	Chronometric Only
present datasets	25.04.2025		GrN-28633	6120	25		Güvercinkayası	settlement						Aksaray	Turkey	38.4043	34.1968	TAY Project; Flohr et al. 2016	Global Repositories	Indeterminate/Other	Indeterminate	Chronometric Only
present datasets	25.04.2025		GrN-28634	6240	35		Güvercinkayası	settlement						Aksaray	Turkey	38.4043	34.1968	TAY Project; Flohr et al. 2016	Global Repositories	Indeterminate/Other	Indeterminate	Chronometric Only
present datasets	25.04.2025		GrN-28635	6180	35		Güvercinkayası	settlement						Aksaray	Turkey	38.4043	34.1968	TAY Project; Flohr et al. 2016	Global Repositories	Indeterminate/Other	Indeterminate	Chronometric Only
present datasets	25.04.2025		GrN-28636	6035	25		Güvercinkayası	settlement						Aksaray	Turkey	38.4043	34.1968	TAY Project; Flohr et al. 2016	Global Repositories	Indeterminate/Other	Indeterminate	Chronometric Only
present datasets	25.04.2025		GrN-28637	6030	25		Güvercinkayası	settlement						Aksaray	Turkey	38.4043	34.1968	TAY Project; Flohr et al. 2016	Global Repositories	Indeterminate/Other	Indeterminate	Chronometric Only
present datasets	25.04.2025		GrN-28640	6010	50		Güvercinkayası	settlement						Aksaray	Turkey	38.4043	34.1968	TAY Project; Flohr et al. 2016	Global Repositories	Indeterminate/Other	Indeterminate	Chronometric Only
present datasets	25.04.2025		GrN-28641	5975	25		Güvercinkayası	settlement						Aksaray	Turkey	38.4043	34.1968	TAY Project; Flohr et al. 2016	Global Repositories	Indeterminate/Other	Indeterminate	Chronometric Only
present datasets	25.04.2025		AA-41602	7468	51		Hacılar	settlement	phase VI, burnt post, same as BM-48, Area P, burnt post			charcoal	Juniperus	Burdur	Turkey	37.5833	30.0833	Thissen 2002;  TAY Project; Brami and Zanotti 2015; Reinbruger and Thissen 2016; Flohr et al. 2016	Global Repositories	Woody Plants (Charcoal)	Tree/Shrub	Chronometric Only
present datasets	25.04.2025		AA-41603	7452	51		Hacılar	settlement	phase VI, burnt post, same as BM-48; Area P, burnt post			charcoal	Juniperus	Burdur	Turkey	37.5833	30.0833	Thissen 2002;  TAY Project; Brami and Zanotti 2015; Reinbruger and Thissen 2016; Flohr et al. 2016	Global Repositories	Woody Plants (Charcoal)	Tree/Shrub	Chronometric Only
present datasets	25.04.2025		AA-41604	7398	63		Hacılar	settlement	phase VI, burnt post, same as BM-48; Area P, burnt post			charcoal	Juniperus	Burdur	Turkey	37.5833	30.0833	Thissen 2002;  TAY Project; Brami and Zanotti 2015; Reinbruger and Thissen 2016; Flohr et al. 2016	Global Repositories	Woody Plants (Charcoal)	Tree/Shrub	Chronometric Only
present datasets	25.04.2025		P-313A	7350	85		Hacılar	settlement	phase VI, area E, ashes from last hearth fire before destruction, house 1		Late Neolithic	charcoal		Burdur	Turkey	37.5833	30.0833	Ralph and Stuckenrath 1962; Thissen 2002; TAY Project; Brami and Zanotti 2015; Reinbruger and Thissen 2016; Flohr et al. 2016;  Böhner and Schyle 2006	Global Repositories	Woody Plants (Charcoal)	Tree/Shrub	Chronometric Only
present datasets	25.04.2025		P-314	7340	94		Hacılar	settlement	Level IX;area E, hearth throwout		Late Neolithic	charcoal		Burdur	Turkey	37.5833	30.0833	Ralph and Stuckenrath 1962; Thissen 2002; TAY Project; Brami and Zanotti 2015; Reinbruger and Thissen 2016; Flohr et al. 2016;  Böhner and Schyle 2006	Global Repositories	Woody Plants (Charcoal)	Tree/Shrub	Chronometric Only
present datasets	25.04.2025		P-315	6926	95		Hacılar	settlement	level IA; roof beam, room 5		Early Chalcolithic	charcoal		Burdur	Turkey	37.5833	30.0833	Ralph and Stuckenrath 1962; Thissen 2002; TAY Project; Brami and Zanotti 2015; Reinbruger and Thissen 2016; Flohr et al. 2016;  Böhner and Schyle 2006	Global Repositories	Woody Plants (Charcoal)	Tree/Shrub	Chronometric Only
present datasets	25.04.2025		P-316	7170	134		Hacılar	settlement	Phase IIA, fortified enclosure, roof beam, room N.4		Early Chalcolithic	charcoal		Burdur	Turkey	37.5833	30.0833	Ralph and Stuckenrath 1962; Thissen 2002; TAY Project; Brami and Zanotti 2015; Reinbruger and Thissen 2016; Flohr et al. 2016;  Böhner and Schyle 2006	Global Repositories	Woody Plants (Charcoal)	Tree/Shrub	Chronometric Only
present datasets	25.04.2025		GrN-19787	4265	35		Hacılartepe	settlement	Layer 1, phase I			charcoal		Bursa	Turkey	40.4256	29.277	Eimermann 2008	Global Repositories	Woody Plants (Charcoal)	Tree/Shrub	Chronometric Only
present datasets	25.04.2025		GrN-19788	4180	40		Hacılartepe	settlement	Layer 1, phase II			charcoal		Bursa	Turkey	40.4256	29.277	Eimermann 2008	Global Repositories	Woody Plants (Charcoal)	Tree/Shrub	Chronometric Only
present datasets	25.04.2025		GrN-19789	4220	35		Hacılartepe	settlement	Layer 1, phase II			charcoal		Bursa	Turkey	40.4256	29.277	Eimermann 2008	Global Repositories	Woody Plants (Charcoal)	Tree/Shrub	Chronometric Only
present datasets	25.04.2025		GrN-19790	4140	35		Hacılartepe	settlement	Layer 3, Phase ll			charcoal		Bursa	Turkey	40.4256	29.277	Eimermann 2008	Global Repositories	Woody Plants (Charcoal)	Tree/Shrub	Chronometric Only
present datasets	25.04.2025		GrN-21211	4215	35		Hacılartepe	settlement	Layer 5, Phase III			charcoal	Quercus	Bursa	Turkey	40.4256	29.277	Eimermann 2008	Global Repositories	Woody Plants (Charcoal)	Tree/Shrub	Chronometric Only
present datasets	25.04.2025		GrN-21212	4115	35		Hacılartepe	settlement	Layer 5, Phase III			charcoal	Quercus	Bursa	Turkey	40.4256	29.277	Eimermann 2008	Global Repositories	Woody Plants (Charcoal)	Tree/Shrub	Chronometric Only
present datasets	25.04.2025		GrN-22037	4140	25		Hacılartepe	settlement	Layer 6, Phase IV			seed		Bursa	Turkey	40.4256	29.277	Eimermann 2008	Global Repositories	Short-lived Plants	Cereal/Pulse/Seed	Chronometric Only
present datasets	25.04.2025		GrN-22038	4160	30		Hacılartepe	settlement	Layer 6, Phase IV			charcoal		Bursa	Turkey	40.4256	29.277	Eimermann 2008	Global Repositories	Woody Plants (Charcoal)	Tree/Shrub	Chronometric Only
present datasets	25.04.2025		GrN-22039	4250	70		Hacılartepe	settlement	Phase IV ;G7 SK 302			charcoal		Bursa	Turkey	40.4256	29.277	TAY Project; CalPal	Global Repositories	Woody Plants (Charcoal)	Tree/Shrub	Chronometric Only
present datasets	25.04.2025		GrN-22040	4490	50		Hacılartepe	settlement	Phase IV;GL SL 303			charcoal		Bursa	Turkey	40.4256	29.277	TAY Project; CalPal	Global Repositories	Woody Plants (Charcoal)	Tree/Shrub	Chronometric Only
present datasets	25.04.2025		GrN-22430	4130	50		Hacılartepe	settlement	Phase IV;G7 234			charcoal		Bursa	Turkey	40.4256	29.277	CalPal	Global Repositories	Woody Plants (Charcoal)	Tree/Shrub	Chronometric Only
present datasets	25.04.2025		B-113704	4580	100		Hacınebi	settlement	trash deposit, Locus 146					Urfa	Turkey	37.0628	37.9807	Wright and Rupley 2001	Global Repositories	Indeterminate/Other	Indeterminate	Chronometric Only
present datasets	25.04.2025		B-113705	5300	70		Hacınebi	settlement	ashy lens, Locus 176					Urfa	Turkey	37.0628	37.9807	Wright and Rupley 2001	Global Repositories	Indeterminate/Other	Indeterminate	Chronometric Only
present datasets	25.04.2025		B-113706	5370	80		Hacınebi	settlement	trash, Locus 133					Urfa	Turkey	37.0628	37.9807	Wright and Rupley 2001	Global Repositories	Indeterminate/Other	Indeterminate	Chronometric Only
present datasets	25.04.2025		B-113707	4840	60		Hacınebi	settlement	floor, Locus 230					Urfa	Turkey	37.0628	37.9807	Wright and Rupley 2001	Global Repositories	Indeterminate/Other	Indeterminate	Chronometric Only
present datasets	25.04.2025		B-113708	4840	60		Hacınebi	settlement	brick collapse, Locus 242					Urfa	Turkey	37.0628	37.9807	Wright and Rupley 2001	Global Repositories	Indeterminate/Other	Indeterminate	Chronometric Only
present datasets	25.04.2025		B-113709	4890	70		Hacınebi	settlement	foundation trench, Locus 237					Urfa	Turkey	37.0628	37.9807	Wright and Rupley 2001	Global Repositories	Indeterminate/Other	Indeterminate	Chronometric Only
present datasets	25.04.2025		B-113710	4940	80		Hacınebi	settlement	roof collapse, Locus 249					Urfa	Turkey	37.0628	37.9807	Wright and Rupley 2001	Global Repositories	Indeterminate/Other	Indeterminate	Chronometric Only
present datasets	25.04.2025		B-113712	5050	80		Hacınebi	settlement						Urfa	Turkey	37.0628	37.9807	Wright and Rupley 2001	Global Repositories	Indeterminate/Other	Indeterminate	Chronometric Only
present datasets	25.04.2025		B-113713	4800	80		Hacınebi	settlement						Urfa	Turkey	37.0628	37.9807	Wright and Rupley 2001	Global Repositories	Indeterminate/Other	Indeterminate	Chronometric Only
present datasets	25.04.2025		B-113714	4690	80		Hacınebi	settlement	pit, Locus 276					Urfa	Turkey	37.0628	37.9807	Wright and Rupley 2001	Global Repositories	Indeterminate/Other	Indeterminate	Chronometric Only
present datasets	25.04.2025		B-113716	5130	100		Hacınebi	settlement	pit fill, Locus 258					Urfa	Turkey	37.0628	37.9807	Wright and Rupley 2001	Global Repositories	Indeterminate/Other	Indeterminate	Chronometric Only
present datasets	25.04.2025		B-113717	4770	60		Hacınebi	settlement	smelting pit fill, Locus 265					Urfa	Turkey	37.0628	37.9807	Wright and Rupley 2001	Global Repositories	Indeterminate/Other	Indeterminate	Chronometric Only
present datasets	25.04.2025		B-113718	4850	60		Hacınebi	settlement	ash deposit, Locus 199					Urfa	Turkey	37.0628	37.9807	Wright and Rupley 2001	Global Repositories	Indeterminate/Other	Indeterminate	Chronometric Only
present datasets	25.04.2025		B-80939	4660	60		Hacınebi	settlement	pit fill, Locus 75					Urfa	Turkey	37.0628	37.9807	Wright and Rupley 2001	Global Repositories	Indeterminate/Other	Indeterminate	Chronometric Only
present datasets	25.04.2025		Beta-67916	4810	90		Hacınebi	settlement	B					Urfa	Turkey	37.0628	37.9807	TAY Project; CalPal	Global Repositories	Indeterminate/Other	Indeterminate	Chronometric Only
present datasets	25.04.2025		Beta-67917	5060	130		Hacınebi	settlement	Pit cur into earliest phase B building					Urfa	Turkey	37.0628	37.9807	Stein et al. 1996; Erdoğu 2003; CalPal	Global Repositories	Indeterminate/Other	Indeterminate	Chronometric Only
present datasets	25.04.2025		Beta-67919	4660	80		Hacınebi	settlement	B					Urfa	Turkey	37.0628	37.9807	TAY Project; CalPal	Global Repositories	Indeterminate/Other	Indeterminate	Chronometric Only
present datasets	25.04.2025		Beta-80930	4660	60		Hacınebi	settlement	B					Urfa	Turkey	37.0628	37.9807	TAY Project; CalPal	Global Repositories	Indeterminate/Other	Indeterminate	Chronometric Only
present datasets	25.04.2025		Beta-80940	4820	60		Hacınebi	settlement	B					Urfa	Turkey	37.0628	37.9807	TAY Project; CalPal	Global Repositories	Indeterminate/Other	Indeterminate	Chronometric Only
present datasets	25.04.2025		Beta-80943	4750	60		Hacınebi	settlement	B					Urfa	Turkey	37.0628	37.9807	TAY Project; CalPal	Global Repositories	Indeterminate/Other	Indeterminate	Chronometric Only
present datasets	25.04.2025		Beta-80944	5150	80		Hacınebi	settlement	A; A; A					Urfa	Turkey	37.0628	37.9807	Stein et al. 1996; TAY Project; CalPal; Flohr et al. 2016	Global Repositories	Indeterminate/Other	Indeterminate	Chronometric Only
present datasets	25.04.2025		Beta-80945	4780	80		Hacınebi	settlement	B					Urfa	Turkey	37.0628	37.9807	TAY Project; CalPal	Global Repositories	Indeterminate/Other	Indeterminate	Chronometric Only
present datasets	25.04.2025		Beta-88311	4670	80		Hacınebi	settlement	B					Urfa	Turkey	37.0628	37.9807	TAY Project	Global Repositories	Indeterminate/Other	Indeterminate	Chronometric Only
present datasets	25.04.2025		Beta-88312	5280	110		Hacınebi	settlement	A; A; A					Urfa	Turkey	37.0628	37.9807	Stein et al. 1996; TAY Project; CalPal; Flohr et al. 2016	Global Repositories	Indeterminate/Other	Indeterminate	Chronometric Only
present datasets	25.04.2025		Beta-88316	4740	60		Hacınebi	settlement	B					Urfa	Turkey	37.0628	37.9807	TAY Project; CalPal	Global Repositories	Indeterminate/Other	Indeterminate	Chronometric Only
present datasets	25.04.2025		Beta-88320	4670	110		Hacınebi	settlement	B					Urfa	Turkey	37.0628	37.9807	TAY Project; CalPal	Global Repositories	Indeterminate/Other	Indeterminate	Chronometric Only
present datasets	25.04.2025		Beta-88321	4960	140		Hacınebi	settlement	B					Urfa	Turkey	37.0628	37.9807	TAY Project; CalPal	Global Repositories	Indeterminate/Other	Indeterminate	Chronometric Only
present datasets	25.04.2025		Beta-88322	4810	60		Hacınebi	settlement	B					Urfa	Turkey	37.0628	37.9807	TAY Project; CalPal	Global Repositories	Indeterminate/Other	Indeterminate	Chronometric Only
present datasets	25.04.2025		Beta-88323	4700	80		Hacınebi	settlement	A/B					Urfa	Turkey	37.0628	37.9807	TAY Project; CalPal	Global Repositories	Indeterminate/Other	Indeterminate	Chronometric Only
present datasets	25.04.2025		Beta-88324	4740	70		Hacınebi	settlement	A/B					Urfa	Turkey	37.0628	37.9807	TAY Project; CalPal	Global Repositories	Indeterminate/Other	Indeterminate	Chronometric Only
present datasets	25.04.2025		Beta-47211	10060	120		Hallan Çemi Tepesi	settlement	Aceramic; central activity areas			charcoal		Batman	Turkey	38.2272	41.2389	Rosenberg and Davis 1992; Kuijt and Bar-Yosef 1994; Thissen 2002; TAY Project; CalPal; Flohr et al. 2016	Global Repositories	Woody Plants (Charcoal)	Tree/Shrub	Chronometric Only
present datasets	25.04.2025		Beta-55049	10050	80		Hallan Çemi Tepesi	settlement	Aceramic			charcoal		Batman	Turkey	38.2272	41.2389	Rosenberg 1994; Thissen 2002; TAY Project; CalPal; Flohr et al. 2016	Global Repositories	Woody Plants (Charcoal)	Tree/Shrub	Chronometric Only
present datasets	25.04.2025		Beta-55050	9840	50		Hallan Çemi Tepesi	settlement	Aceramic			charcoal		Batman	Turkey	38.2272	41.2389	Rosenberg 1994; Thissen 2002; TAY Project; CalPal; Flohr et al. 2016	Global Repositories	Woody Plants (Charcoal)	Tree/Shrub	Chronometric Only
present datasets	25.04.2025		Beta-66854	9930	110		Hallan Çemi Tepesi	settlement	Aceramic			charcoal		Batman	Turkey	38.2272	41.2389	Rosenberg et al. 1995; Thissen 2002; TAY Project; CalPal; Flohr et al. 2016	Global Repositories	Woody Plants (Charcoal)	Tree/Shrub	Chronometric Only
present datasets	25.04.2025		Beta-66855	10060	90		Hallan Çemi Tepesi	settlement	Aceramic			charcoal		Batman	Turkey	38.2272	41.2389	Rosenberg et al. 1995; Thissen 2002; TAY Project; CalPal; Flohr et al. 2016	Global Repositories	Woody Plants (Charcoal)	Tree/Shrub	Chronometric Only
present datasets	25.04.2025		Beta-66856	9870	110		Hallan Çemi Tepesi	settlement	Aceramic			charcoal		Batman	Turkey	38.2272	41.2389	Rosenberg et al. 1995; Thissen 2002; TAY Project; CalPal; Flohr et al. 2016	Global Repositories	Woody Plants (Charcoal)	Tree/Shrub	Chronometric Only
present datasets	25.04.2025		Beta-66858	10320	110		Hallan Çemi Tepesi	settlement	Aceramic; below house floor, fill			charcoal		Batman	Turkey	38.2272	41.2389	Rosenberg et al. 1995; Thissen 2002; TAY Project; CalPal; Flohr et al. 2016	Global Repositories	Woody Plants (Charcoal)	Tree/Shrub	Chronometric Only
present datasets	25.04.2025		Beta-67463	9890	90		Hallan Çemi Tepesi	settlement	Aceramic			charcoal		Batman	Turkey	38.2272	41.2389	Rosenberg et al. 1995; Thissen 2002; TAY Project; CalPal; Flohr et al. 2016	Global Repositories	Woody Plants (Charcoal)	Tree/Shrub	Chronometric Only
present datasets	25.04.2025		Beta-67464	10000	80		Hallan Çemi Tepesi	settlement	Aceramic			charcoal		Batman	Turkey	38.2272	41.2389	Rosenberg et al. 1995; Thissen 2002; TAY Project; CalPal; Flohr et al. 2016	Global Repositories	Woody Plants (Charcoal)	Tree/Shrub	Chronometric Only
present datasets	25.04.2025		OxA-12298	9980	60	-24.86	Hallan Çemi Tepesi	settlement	Sample 2/6H 07 0979			seed (charred)	Pistacia	Batman	Turkey	38.2272	41.2389	Higham et al. 2007; CalPal; Flohr et al. 2016; ORAU	Global Repositories	Short-lived Plants	Cereal/Pulse/Seed	Chronometric Only
present datasets	25.04.2025		OxA-12299	10020	45	-24.608	Hallan Çemi Tepesi	settlement	Sample 14/6G 12 1809			seed (charred)	Lathyrus/Vicia	Batman	Turkey	38.2272	41.2389	Higham et al. 2007; CalPal; Flohr et al. 2016; ORAU	Global Repositories	Short-lived Plants	Cereal/Pulse/Seed	Chronometric Only
present datasets	25.04.2025		OxA-12328	9960	45	-25.582	Hallan Çemi Tepesi	settlement	Sample 1/5G 47 1034			seed (charred)	Pistacia	Batman	Turkey	38.2272	41.2389	Higham et al. 2007; CalPal; Flohr et al. 2016; ORAU	Global Repositories	Short-lived Plants	Cereal/Pulse/Seed	Chronometric Only
present datasets	25.04.2025		OxA-12329	10085	45	-22.185	Hallan Çemi Tepesi	settlement	Sample 3/6H 10 0978			seed (charred)	Pisum/Vicia	Batman	Turkey	38.2272	41.2389	Higham et al. 2007; CalPal; Flohr et al. 2016; ORAU	Global Repositories	Short-lived Plants	Cereal/Pulse/Seed	Chronometric Only
present datasets	25.04.2025		OxA-12330	9980	45	-24.505	Hallan Çemi Tepesi	settlement	Sample 4/5H 56 1145			seed (charred)	Amygdalus	Batman	Turkey	38.2272	41.2389	Higham et al. 2007; CalPal; Flohr et al. 2016; ORAU	Global Repositories	Short-lived Plants	Cereal/Pulse/Seed	Chronometric Only
present datasets	25.04.2025		OxA-12331	9975	45	-25.764	Hallan Çemi Tepesi	settlement	Sample 5/5H 57 1146			seed (charred)	Amygdalus	Batman	Turkey	38.2272	41.2389	Higham et al. 2007; CalPal; Flohr et al. 2016; ORAU	Global Repositories	Short-lived Plants	Cereal/Pulse/Seed	Chronometric Only
present datasets	25.04.2025		OxA-12332	9935	45	-24.427	Hallan Çemi Tepesi	settlement	Sample 6/6E 12 1652			seed (charred)	Pisum/Vicia	Batman	Turkey	38.2272	41.2389	Higham et al. 2007; CalPal; Flohr et al. 2016; ORAU	Global Repositories	Short-lived Plants	Cereal/Pulse/Seed	Chronometric Only
present datasets	25.04.2025		OxA-12333	10050	45	-23.173	Hallan Çemi Tepesi	settlement	Sample 7/6E 17 1666			seed (charred)	Lathyrus/Vicia	Batman	Turkey	38.2272	41.2389	Higham et al. 2007; CalPal; Flohr et al. 2016; ORAU	Global Repositories	Short-lived Plants	Cereal/Pulse/Seed	Chronometric Only
present datasets	25.04.2025		OxA-12334	9970	45	-24.403	Hallan Çemi Tepesi	settlement	Sample 8/5H 93 2049			seed (charred)	Scirpus maritimus	Batman	Turkey	38.2272	41.2389	Higham et al. 2007; CalPal; Flohr et al. 2016; ORAU	Global Repositories	Short-lived Plants	Cereal/Pulse/Seed	Chronometric Only
present datasets	25.04.2025		OxA-12335	9995	40	-23.906	Hallan Çemi Tepesi	settlement	Sample 9/5H 99 2046			seed (charred)	Lathyrus/Vicia	Batman	Turkey	38.2272	41.2389	Higham et al. 2007; CalPal; Flohr et al. 2016; ORAU	Global Repositories	Short-lived Plants	Cereal/Pulse/Seed	Chronometric Only
present datasets	25.04.2025		OxA-12336	10020	40	-25.362	Hallan Çemi Tepesi	settlement	Sample 10/5G 72 2184			seed (charred)	Pistacia	Batman	Turkey	38.2272	41.2389	Higham et al. 2007; CalPal; Flohr et al. 2016; ORAU	Global Repositories	Short-lived Plants	Cereal/Pulse/Seed	Chronometric Only
present datasets	25.04.2025		OxA-12337	9965	40	-24.166	Hallan Çemi Tepesi	settlement	Sample 13/6G 12 1803			seed (charred)	Pisum/Vicia	Batman	Turkey	38.2272	41.2389	Higham et al. 2007; CalPal; Flohr et al. 2016; ORAU	Global Repositories	Short-lived Plants	Cereal/Pulse/Seed	Chronometric Only
present datasets	25.04.2025		OxA-12338	9970	40	-23.515	Hallan Çemi Tepesi	settlement	Sample 17/6F 07 1209			seed (charred)	Pisum/Vicia	Batman	Turkey	38.2272	41.2389	Higham et al. 2007; CalPal; Flohr et al. 2016; ORAU	Global Repositories	Short-lived Plants	Cereal/Pulse/Seed	Chronometric Only
present datasets	25.04.2025		OxA-12339	9955	40	-22.496	Hallan Çemi Tepesi	settlement	Sample 18/6F 07 1215			seed (charred)	Lathyrus/Vicia	Batman	Turkey	38.2272	41.2389	Higham et al. 2007; CalPal; Flohr et al. 2016; ORAU	Global Repositories	Short-lived Plants	Cereal/Pulse/Seed	Chronometric Only
present datasets	25.04.2025		OxA-12340	9980	40	-24.845	Hallan Çemi Tepesi	settlement	Sample 19/6F 07 1218			seed (charred)	Amygdalus	Batman	Turkey	38.2272	41.2389	Higham et al. 2007; CalPal; Flohr et al. 2016; ORAU	Global Repositories	Short-lived Plants	Cereal/Pulse/Seed	Chronometric Only
present datasets	25.04.2025		OxA-12341	10045	45	-25.878	Hallan Çemi Tepesi	settlement	Sample 21/6F 07 1226-1227			seeds (charred)	Amygdalus	Batman	Turkey	38.2272	41.2389	Higham et al. 2007; Flohr et al. 2016; ORAU	Global Repositories	Short-lived Plants	Cereal/Pulse/Seed	Chronometric Only
present datasets	25.04.2025		OxA-12769	10010	40	-24.165	Hallan Çemi Tepesi	settlement	Sample 16/6F 07 1207			seeds (charred)	Lathyrus/Vicia	Batman	Turkey	38.2272	41.2389	Higham et al. 2007; Flohr et al. 2016; ORAU	Global Repositories	Short-lived Plants	Cereal/Pulse/Seed	Chronometric Only
present datasets	25.04.2025		OxA-12878	9535	75	-24.272	Hallan Çemi Tepesi	settlement	Sample 12/6G 12 1802			seeds (charred)	Lathyrus/Vicia	Batman	Turkey	38.2272	41.2389	Higham et al. 2007; Flohr et al. 2016; ORAU	Global Repositories	Short-lived Plants	Cereal/Pulse/Seed	Chronometric Only
present datasets	25.04.2025		OxA-12879	9560	100	-22.517	Hallan Çemi Tepesi	settlement	Sample 15/6G 12 1810			seeds (charred)	Lathyrus/Vicia	Batman	Turkey	38.2272	41.2389	Higham et al. 2007; Flohr et al. 2016; ORAU	Global Repositories	Short-lived Plants	Cereal/Pulse/Seed	Chronometric Only
present datasets	25.04.2025		MTC-16074	9527	71		Hasankeyf Höyük	settlement	Structure 2, G12					Batman	Turkey	37.7069	41.439	Miyake et al. 2012; Benz 2014	Global Repositories	Indeterminate/Other	Indeterminate	Chronometric Only
present datasets	25.04.2025		PLD-24773	9559	33		Hasankeyf Höyük	settlement	Structure 3			charcoal		Batman	Turkey	37.7069	41.439	Maeda 2018	Global Repositories	Woody Plants (Charcoal)	Tree/Shrub	Chronometric Only
present datasets	25.04.2025		PLD-24776	9568	35		Hasankeyf Höyük	settlement	Structure 3			charcoal		Batman	Turkey	37.7069	41.439	Maeda 2018	Global Repositories	Woody Plants (Charcoal)	Tree/Shrub	Chronometric Only
present datasets	25.04.2025		MTC-16071	9597	66		Hasankeyf Höyük	settlement	Structure 1, G12/13					Batman	Turkey	37.7069	41.439	Miyake et al. 2012; Benz 2014	Global Repositories	Indeterminate/Other	Indeterminate	Chronometric Only
present datasets	25.04.2025		MTC-16069	9652	77		Hasankeyf Höyük	settlement	Square H-12					Batman	Turkey	37.7069	41.439	Miyake et al. 2012; Benz 2014	Global Repositories	Indeterminate/Other	Indeterminate	Chronometric Only
present datasets	25.04.2025		MTC-16073	9674	72		Hasankeyf Höyük	settlement	Structure 1, G12/13					Batman	Turkey	37.7069	41.439	Miyake et al. 2012; Benz 2014	Global Repositories	Indeterminate/Other	Indeterminate	Chronometric Only
present datasets	25.04.2025		PLD-24586	9690	32		Hasankeyf Höyük	settlement	Structure 3			charcoal		Batman	Turkey	37.7069	41.439	Maeda 2018	Global Repositories	Woody Plants (Charcoal)	Tree/Shrub	Chronometric Only
present datasets	25.04.2025		MTC-16075	9708	77		Hasankeyf Höyük	settlement	Structure 2, G12			charcoal		Batman	Turkey	37.7069	41.439	Miyake et al. 2012; Benz 2014	Global Repositories	Woody Plants (Charcoal)	Tree/Shrub	Chronometric Only
present datasets	25.04.2025		MTC-16080	9733	68		Hasankeyf Höyük	settlement	Structure 1, G 12/13					Batman	Turkey	37.7069	41.439	Miyake et al. 2012; Benz 2014	Global Repositories	Indeterminate/Other	Indeterminate	Chronometric Only
present datasets	25.04.2025		MTC-16076	9778	69		Hasankeyf Höyük	settlement	Structure 8, G13					Batman	Turkey	37.7069	41.439	Miyake et al. 2012; Benz 2014	Global Repositories	Indeterminate/Other	Indeterminate	Chronometric Only
present datasets	25.04.2025		MTC-16079	9784	95		Hasankeyf Höyük	settlement	Structure 8, G13					Batman	Turkey	37.7069	41.439	Miyake et al. 2012; Benz 2014	Global Repositories	Indeterminate/Other	Indeterminate	Chronometric Only
present datasets	25.04.2025		MTC-16067	9827	69		Hasankeyf Höyük	settlement	Structure 1, G12/13					Batman	Turkey	37.7069	41.439	Miyake et al. 2012; Benz 2014	Global Repositories	Indeterminate/Other	Indeterminate	Chronometric Only
present datasets	25.04.2025		MTC-16072	9828	76		Hasankeyf Höyük	settlement	Structure 8, G13					Batman	Turkey	37.7069	41.439	Miyake et al. 2012; Benz 2014	Global Repositories	Indeterminate/Other	Indeterminate	Chronometric Only
present datasets	25.04.2025		MTC-16078	9831	90		Hasankeyf Höyük	settlement	Structure 2, G12					Batman	Turkey	37.7069	41.439	Miyake et al. 2012; Benz 2014	Global Repositories	Indeterminate/Other	Indeterminate	Chronometric Only
present datasets	25.04.2025		MTC-16066	9860	82		Hasankeyf Höyük	settlement	Structure 8, G13					Batman	Turkey	37.7069	41.439	Miyake et al. 2012; Benz 2014	Global Repositories	Indeterminate/Other	Indeterminate	Chronometric Only
present datasets	25.04.2025		PLD-24780	9865	35		Hasankeyf Höyük	settlement	Structure 30			charcoal		Batman	Turkey	37.7069	41.439	Maeda 2018	Global Repositories	Woody Plants (Charcoal)	Tree/Shrub	Chronometric Only
present datasets	25.04.2025		PLD-24782	9883	36		Hasankeyf Höyük	settlement	Structure 30			charcoal		Batman	Turkey	37.7069	41.439	Maeda 2018	Global Repositories	Woody Plants (Charcoal)	Tree/Shrub	Chronometric Only
present datasets	25.04.2025		PLD-24786	9903	37		Hasankeyf Höyük	settlement	Structure 8			charcoal		Batman	Turkey	37.7069	41.439	Maeda 2018	Global Repositories	Woody Plants (Charcoal)	Tree/Shrub	Chronometric Only
present datasets	25.04.2025		MTC-16077	9916	82		Hasankeyf Höyük	settlement	Structure 1, G12/13					Batman	Turkey	37.7069	41.439	Miyake et al. 2012; Benz 2014	Global Repositories	Indeterminate/Other	Indeterminate	Chronometric Only
present datasets	25.04.2025		MTC-16068	9920	83		Hasankeyf Höyük	settlement	Structure 2, G12					Batman	Turkey	37.7069	41.439	Miyake et al. 2012; Benz 2014	Global Repositories	Indeterminate/Other	Indeterminate	Chronometric Only
present datasets	25.04.2025		PLD-24777	9920	37		Hasankeyf Höyük	settlement	Structure 3			charcoal		Batman	Turkey	37.7069	41.439	Maeda 2018	Global Repositories	Woody Plants (Charcoal)	Tree/Shrub	Chronometric Only
present datasets	25.04.2025		PLD-24775	9927	36		Hasankeyf Höyük	settlement	Structure 3			charcoal		Batman	Turkey	37.7069	41.439	Maeda 2018	Global Repositories	Woody Plants (Charcoal)	Tree/Shrub	Chronometric Only
present datasets	25.04.2025		PLD-24785	9937	36		Hasankeyf Höyük	settlement	Structure 72			charcoal		Batman	Turkey	37.7069	41.439	Maeda 2018	Global Repositories	Woody Plants (Charcoal)	Tree/Shrub	Chronometric Only
present datasets	25.04.2025		PLD-24781	9964	39		Hasankeyf Höyük	settlement	Structure 30			charcoal		Batman	Turkey	37.7069	41.439	Maeda 2018	Global Repositories	Woody Plants (Charcoal)	Tree/Shrub	Chronometric Only
present datasets	25.04.2025		PLD-24587	9974	39		Hasankeyf Höyük	settlement	Structure 3			charcoal		Batman	Turkey	37.7069	41.439	Maeda 2018	Global Repositories	Woody Plants (Charcoal)	Tree/Shrub	Chronometric Only
present datasets	25.04.2025		PLD-24787	9997	39		Hasankeyf Höyük	settlement	Structure 8			charcoal		Batman	Turkey	37.7069	41.439	Maeda 2018	Global Repositories	Woody Plants (Charcoal)	Tree/Shrub	Chronometric Only
present datasets	25.04.2025		PLD-24591	9998	32		Hasankeyf Höyük	settlement	Structure 72			charcoal		Batman	Turkey	37.7069	41.439	Maeda 2018	Global Repositories	Woody Plants (Charcoal)	Tree/Shrub	Chronometric Only
present datasets	25.04.2025		MTC-16070	10006	83		Hasankeyf Höyük	settlement	Structure 2, G12			charcoal		Batman	Turkey	37.7069	41.439	Miyake et al. 2012; Benz 2014	Global Repositories	Woody Plants (Charcoal)	Tree/Shrub	Chronometric Only
present datasets	25.04.2025		PLD-24784	10016	38		Hasankeyf Höyük	settlement	Structure 72			charcoal		Batman	Turkey	37.7069	41.439	Maeda 2018	Global Repositories	Woody Plants (Charcoal)	Tree/Shrub	Chronometric Only
present datasets	25.04.2025		PLD-24588	10017	32		Hasankeyf Höyük	settlement	Structure 30			charcoal		Batman	Turkey	37.7069	41.439	Maeda 2018	Global Repositories	Woody Plants (Charcoal)	Tree/Shrub	Chronometric Only
present datasets	25.04.2025		PLD-24590	10055	32		Hasankeyf Höyük	settlement	Structure 72			charcoal		Batman	Turkey	37.7069	41.439	Maeda 2018	Global Repositories	Woody Plants (Charcoal)	Tree/Shrub	Chronometric Only
present datasets	25.04.2025		Bln-2733	4030	60		Hassek Höyük	settlement	FBZ I;FBZ I			seed		Urfa	Turkey	37.7472	38.92	Di Nocera 2000; Böhner and Schyle 2006; CalPal; Hinz et al. 2012: http://radon-b.ufg.uni-kiel.de/samples/7238	Global Repositories	Short-lived Plants	Cereal/Pulse/Seed	Chronometric Only
present datasets	25.04.2025		Ki-2964	4300	80		Hassek Höyük	settlement	Uruk			charcoal		Urfa	Turkey	37.7472	38.92	Wilkomm 1992; CalPal	Global Repositories	Woody Plants (Charcoal)	Tree/Shrub	Chronometric Only
present datasets	25.04.2025		Bln-2731	4390	50		Hassek Höyük	settlement	Uruk			charcoal		Urfa	Turkey	37.7472	38.92	Böhner and Schyle 2006; CalPal; Hinz et al. 2012: http://radon-b.ufg.uni-kiel.de/samples/7240	Global Repositories	Woody Plants (Charcoal)	Tree/Shrub	Chronometric Only
present datasets	25.04.2025		Ki-2960	4390	80		Hassek Höyük	settlement	EBA I			charcoal		Urfa	Turkey	37.7472	38.92	Wilkomm 1992; CalPal	Global Repositories	Woody Plants (Charcoal)	Tree/Shrub	Chronometric Only
present datasets	25.04.2025		Bln-2732	4400	60		Hassek Höyük	settlement	Uruk			grain	Cerealia	Urfa	Turkey	37.7472	38.92	Böhner and Schyle 2006; CalPal; Hinz et al. 2012: http://radon-b.ufg.uni-kiel.de/samples/7241	Global Repositories	Short-lived Plants	Cereal/Pulse/Seed	Chronometric Only
present datasets	25.04.2025		Ki-2355	4430	70		Hassek Höyük	settlement	Chalcolithic; below Uruk house 1			charcoal		Urfa	Turkey	37.7472	38.92	Wilkomm 1992; CalPal	Global Repositories	Woody Plants (Charcoal)	Tree/Shrub	Chronometric Only
present datasets	25.04.2025		Ki-2352.01	4440	100		Hassek Höyük	settlement	phase FBZ I, FBZ I, EBA I	EBA I		charcoal		Urfa	Turkey	37.7472	38.92	Willkomm 1992	Global Repositories	Woody Plants (Charcoal)	Tree/Shrub	Chronometric Only
present datasets	25.04.2025		Ki-2965	4440	80		Hassek Höyük	settlement	Chalcolithic; Uruk-layer 5C			charcoal		Urfa	Turkey	37.7472	38.92	Wilkomm 1992; CalPal	Global Repositories	Woody Plants (Charcoal)	Tree/Shrub	Chronometric Only
present datasets	25.04.2025		Ki-2959	4450	110		Hassek Höyük	settlement	EBA I			charcoal		Urfa	Turkey	37.7472	38.92	Wilkomm 1992; CalPal	Global Repositories	Woody Plants (Charcoal)	Tree/Shrub	Chronometric Only
present datasets	25.04.2025		Bln-2730	4470	50		Hassek Höyük	settlement	Uruk			charcoal		Urfa	Turkey	37.7472	38.92	Böhner and Schyle 2006; CalPal; Hinz et al. 2012: http://radon-b.ufg.uni-kiel.de/samples/7245	Global Repositories	Woody Plants (Charcoal)	Tree/Shrub	Chronometric Only
present datasets	25.04.2025		KI-2902	4470	110		Hassek Höyük	settlement						Urfa	Turkey	37.7472	38.92	Di Nocera 2000	Global Repositories	Indeterminate/Other	Indeterminate	Chronometric Only
present datasets	25.04.2025		Ki-2961	4470	70		Hassek Höyük	settlement	EBA I			charcoal		Urfa	Turkey	37.7472	38.92	Wilkomm 1992; CalPal	Global Repositories	Woody Plants (Charcoal)	Tree/Shrub	Chronometric Only
present datasets	25.04.2025		Ki-2962	4470	110		Hassek Höyük	settlement	Chalcolithic			charcoal		Urfa	Turkey	37.7472	38.92	Wilkomm 1992; CalPal	Global Repositories	Woody Plants (Charcoal)	Tree/Shrub	Chronometric Only
present datasets	25.04.2025		Ki-2353	4490	100		Hassek Höyük	settlement	Chalcolithic; below Uruk house 1			charcoal		Urfa	Turkey	37.7472	38.92	Wilkomm 1992; CalPal	Global Repositories	Woody Plants (Charcoal)	Tree/Shrub	Chronometric Only
present datasets	25.04.2025		Ki-2352.02	4560	110		Hassek Höyük	settlement	Uruk			grain		Urfa	Turkey	37.7472	38.92	Willkomm 1992	Global Repositories	Short-lived Plants	Cereal/Pulse/Seed	Chronometric Only
present datasets	25.04.2025		Ki-2352.03	4580	60		Hassek Höyük	settlement	Uruk			grain		Urfa	Turkey	37.7472	38.92	Willkomm 1992	Global Repositories	Short-lived Plants	Cereal/Pulse/Seed	Chronometric Only
present datasets	25.04.2025		Ki-2963	4600	110		Hassek Höyük	settlement	below Uruk house 1			charcoal		Urfa	Turkey	37.7472	38.92	Wilkomm 1992; CalPal	Global Repositories	Woody Plants (Charcoal)	Tree/Shrub	Chronometric Only
present datasets	25.04.2025		Ki-2354	4680	70		Hassek Höyük	settlement	Chalcolithic			charcoal		Urfa	Turkey	37.7472	38.92	Wilkomm 1992; CalPal	Global Repositories	Woody Plants (Charcoal)	Tree/Shrub	Chronometric Only
present datasets	25.04.2025		GrN-11654	5530	50		Hayaz Höyük	settlement	Square EG83			charcoal		Urfa	Turkey	37.48	38.33	CalPal; Flohr et al. 2016	Global Repositories	Woody Plants (Charcoal)	Tree/Shrub	Chronometric Only
present datasets	25.04.2025		GrN-12510	8300	60		Hayaz Höyük	settlement	Phase I;Square EG54/265; Initial phase, basal layer			charcoal		Urfa	Turkey	37.48	38.33	CalPal; Benz 2014; Flohr et al. 2016; TAY Project	Global Repositories	Woody Plants (Charcoal)	Tree/Shrub	Chronometric Only
present datasets	25.04.2025		KIA-39679	3365	20		Hirbemerdon Tepe	settlement	collapse/filling layer sealing			bone	animal	Adıyaman	Turkey	37.777296	37.777296	Laneri et al. 2015	Global Repositories	Bone/Teeth (Human/Animal)	Animal	Chronometric Only
present datasets	25.04.2025		KIA-39680	3240	20		Hirbemerdon Tepe	settlement	collapse/filling layer sealing			bone	animal	Adıyaman	Turkey	37.777296	37.777296	Laneri et al. 2015	Global Repositories	Bone/Teeth (Human/Animal)	Animal	Chronometric Only
present datasets	25.04.2025		KIA-39681	3505	20		Hirbemerdon Tepe	settlement	Outdoor space 35 (the piazza)			bone	animal	Adıyaman	Turkey	37.777296	37.777296	Laneri et al. 2015	Global Repositories	Bone/Teeth (Human/Animal)	Animal	Chronometric Only
present datasets	25.04.2025		KIA-39682A	3575	25		Hirbemerdon Tepe	settlement	Outdoor space 35 (the piazza)			bone	animal	Adıyaman	Turkey	37.777296	37.777296	Laneri et al. 2015	Global Repositories	Bone/Teeth (Human/Animal)	Animal	Chronometric Only
present datasets	25.04.2025		KIA-39683	3585	20		Hirbemerdon Tepe	settlement	Outdoor space 35 (the piazza)			bone	animal	Adıyaman	Turkey	37.777296	37.777296	Laneri et al. 2015	Global Repositories	Bone/Teeth (Human/Animal)	Animal	Chronometric Only
present datasets	25.04.2025		KIA-39684	3305	20		Hirbemerdon Tepe	settlement	collapse/filling layer sealing			bone	animal	Adıyaman	Turkey	37.777296	37.777296	Laneri et al. 2015	Global Repositories	Bone/Teeth (Human/Animal)	Animal	Chronometric Only
present datasets	25.04.2025		Hacettepe-6	2063	40		Hisarcık Köyü	mine	mine gallery			charcoal		Çankırı	Turkey	40.400845	33.455705	Ergin et al. 1980	Global Repositories	Woody Plants (Charcoal)	Tree/Shrub	Chronometric Only
present datasets	25.04.2025		Hd-	2786	42		Hisarlik (Troy)	settlement	D9.2424			charcoal		Çanakkale	Turkey	39.9575	26.2389	Koppenhöfer 1997; CalPal	Global Repositories	Woody Plants (Charcoal)	Tree/Shrub	Chronometric Only
present datasets	25.04.2025		Hd-14499	2812	56		Hisarlik (Troy)	settlement	VIIb?			charcoal		Çanakkale	Turkey	39.9575	26.2389	TAY Project	Global Repositories	Woody Plants (Charcoal)	Tree/Shrub	Chronometric Only
present datasets	25.04.2025		Hd-14476	2895	67		Hisarlik (Troy)	settlement	VIIb?			charcoal		Çanakkale	Turkey	39.9575	26.2389	TAY Project	Global Repositories	Woody Plants (Charcoal)	Tree/Shrub	Chronometric Only
present datasets	25.04.2025		Hd-12046	2920	86		Hisarlik (Troy)	settlement	Ia			charcoal		Çanakkale	Turkey	39.9575	26.2389	Korfmann and Kromer 1993	Global Repositories	Woody Plants (Charcoal)	Tree/Shrub	Chronometric Only
present datasets	25.04.2025		Hd-14420	3177	57		Hisarlik (Troy)	settlement	VI			charcoal		Çanakkale	Turkey	39.9575	26.2389	TAY Project	Global Repositories	Woody Plants (Charcoal)	Tree/Shrub	Chronometric Only
present datasets	25.04.2025		Hd-13798	3236	81		Hisarlik (Troy)	settlement	VI			charcoal		Çanakkale	Turkey	39.9575	26.2389	TAY Project	Global Repositories	Woody Plants (Charcoal)	Tree/Shrub	Chronometric Only
present datasets	25.04.2025		Hd-13624	3306	33		Hisarlik (Troy)	settlement	VI			charcoal		Çanakkale	Turkey	39.9575	26.2389	TAY Project	Global Repositories	Woody Plants (Charcoal)	Tree/Shrub	Chronometric Only
present datasets	25.04.2025		Hd-13625	3327	36		Hisarlik (Troy)	settlement	VI			charcoal		Çanakkale	Turkey	39.9575	26.2389	TAY Project	Global Repositories	Woody Plants (Charcoal)	Tree/Shrub	Chronometric Only
present datasets	25.04.2025		Hd-14491	3346	42		Hisarlik (Troy)	settlement	VI			charcoal		Çanakkale	Turkey	39.9575	26.2389	TAY Project	Global Repositories	Woody Plants (Charcoal)	Tree/Shrub	Chronometric Only
present datasets	25.04.2025		Hd-15274	3349	31		Hisarlik (Troy)	settlement	VI			charcoal		Çanakkale	Turkey	39.9575	26.2389	TAY Project	Global Repositories	Woody Plants (Charcoal)	Tree/Shrub	Chronometric Only
present datasets	25.04.2025		Hd-14489	3365	35		Hisarlik (Troy)	settlement	V-VI?			charcoal		Çanakkale	Turkey	39.9575	26.2389	TAY Project	Global Repositories	Woody Plants (Charcoal)	Tree/Shrub	Chronometric Only
present datasets	25.04.2025		Bln-1107	3375	100		Hisarlik (Troy)	settlement	VI			seeds		Çanakkale	Turkey	39.9575	26.2389	TAY Project	Global Repositories	Short-lived Plants	Cereal/Pulse/Seed	Chronometric Only
present datasets	25.04.2025		Hd-19857	3401	68		Hisarlik (Troy)	settlement	phase IV.1, G6. 171			wood (twigs)		Çanakkale	Turkey	39.9575	26.2389	CalPal	Global Repositories	Woody Plants (Charcoal)	Tree/Shrub	Chronometric Only
present datasets	25.04.2025		Hd-16682	3491	16		Hisarlik (Troy)	settlement	phase V, D20. 471			wood		Çanakkale	Turkey	39.9575	26.2389	CalPal	Global Repositories	Woody Plants (Charcoal)	Tree/Shrub	Chronometric Only
present datasets	25.04.2025		Hd-14488	3503	33		Hisarlik (Troy)	settlement	V-VI?			charcoal		Çanakkale	Turkey	39.9575	26.2389	TAY Project	Global Repositories	Woody Plants (Charcoal)	Tree/Shrub	Chronometric Only
present datasets	25.04.2025		Hd-22226	3516	37		Hisarlik (Troy)	settlement	phase V, x7. 357			charcoal		Çanakkale	Turkey	39.9575	26.2389	CalPal	Global Repositories	Woody Plants (Charcoal)	Tree/Shrub	Chronometric Only
present datasets	25.04.2025		GrA-24678	3520	50		Hisarlik (Troy)	settlement	Troy V, A7. 1026-1			bone	human	Çanakkale	Turkey	39.9575	26.2389	CalPal	Global Repositories	Bone/Teeth (Human/Animal)	Human	Chronometric Only
present datasets	25.04.2025		Hd-16508	3520	36		Hisarlik (Troy)	settlement	phase V, D20. 473			charcoal		Çanakkale	Turkey	39.9575	26.2389	CalPal	Global Repositories	Woody Plants (Charcoal)	Tree/Shrub	Chronometric Only
present datasets	25.04.2025		Hd-29189	3528	24		Hisarlik (Troy)	settlement	Troy IV burial 2, HI 25/26. 154			bone	human	Çanakkale	Turkey	39.9575	26.2389	CalPal	Global Repositories	Bone/Teeth (Human/Animal)	Human	Chronometric Only
present datasets	25.04.2025		Hd-23653	3529	23		Hisarlik (Troy)	settlement	phase V, A7. 1399			charcoal		Çanakkale	Turkey	39.9575	26.2389	CalPal	Global Repositories	Woody Plants (Charcoal)	Tree/Shrub	Chronometric Only
present datasets	25.04.2025		Hd-28866	3557	24		Hisarlik (Troy)	settlement	Troy IV burial 1, HI 25/26. 153			bone	human	Çanakkale	Turkey	39.9575	26.2389	CalPal	Global Repositories	Bone/Teeth (Human/Animal)	Human	Chronometric Only
present datasets	25.04.2025		Hd-22538	3559	30		Hisarlik (Troy)	settlement	phase V, x7. 368			charcoal		Çanakkale	Turkey	39.9575	26.2389	CalPal	Global Repositories	Woody Plants (Charcoal)	Tree/Shrub	Chronometric Only
present datasets	25.04.2025		Hd-16668	3560	36		Hisarlik (Troy)	settlement	phase V, D20. 472			wood		Çanakkale	Turkey	39.9575	26.2389	CalPal	Global Repositories	Woody Plants (Charcoal)	Tree/Shrub	Chronometric Only
present datasets	25.04.2025		Hd-28867	3570	24		Hisarlik (Troy)	settlement	Troy IV burial 2, HI 25/26. 154			bone	human	Çanakkale	Turkey	39.9575	26.2389	CalPal	Global Repositories	Bone/Teeth (Human/Animal)	Human	Chronometric Only
present datasets	25.04.2025		Hd-18913	3575	34		Hisarlik (Troy)	settlement	phase Late IV?, K8. 727			grain		Çanakkale	Turkey	39.9575	26.2389	CalPal	Global Repositories	Short-lived Plants	Cereal/Pulse/Seed	Chronometric Only
present datasets	25.04.2025		T-168	3575	100		Hisarlik (Troy)	settlement	phase Late IV, A 4/5			charcoal		Çanakkale	Turkey	39.9575	26.2389	CalPal	Global Repositories	Woody Plants (Charcoal)	Tree/Shrub	Chronometric Only
present datasets	25.04.2025		Hd-29188	3588	25		Hisarlik (Troy)	settlement	Troy IV burial 2, HI 25/26. 154			tooth	human	Çanakkale	Turkey	39.9575	26.2389	CalPal	Global Repositories	Bone/Teeth (Human/Animal)	Human	Chronometric Only
present datasets	25.04.2025		Hd-14440	3594	32		Hisarlik (Troy)	settlement	V-VI?			grain	Cerealia	Çanakkale	Turkey	39.9575	26.2389	TAY Project	Global Repositories	Short-lived Plants	Cereal/Pulse/Seed	Chronometric Only
present datasets	25.04.2025		Hd-29190	3599	24		Hisarlik (Troy)	settlement	Troy IV burial 1, HI 25/26. 153			bone	human	Çanakkale	Turkey	39.9575	26.2389	CalPal	Global Repositories	Bone/Teeth (Human/Animal)	Human	Chronometric Only
present datasets	25.04.2025		Hd-14527	3606	62		Hisarlik (Troy)	settlement	V-VI?			charcoal		Çanakkale	Turkey	39.9575	26.2389	TAY Project	Global Repositories	Woody Plants (Charcoal)	Tree/Shrub	Chronometric Only
present datasets	25.04.2025		Bln-1130	3615	100		Hisarlik (Troy)	settlement	Inv.Nr.9691			grain	Cerealia	Çanakkale	Turkey	39.9575	26.2389	TAY Project; CalPal	Global Repositories	Short-lived Plants	Cereal/Pulse/Seed	Chronometric Only
present datasets	25.04.2025		Hd-29191	3624	25		Hisarlik (Troy)	settlement	Troy IV burial 1, HI 25/26. 153			bone	human	Çanakkale	Turkey	39.9575	26.2389	CalPal	Global Repositories	Bone/Teeth (Human/Animal)	Human	Chronometric Only
present datasets	25.04.2025		Bln-1234	3635	60		Hisarlik (Troy)	settlement	Inv.Nr.9483; Probe 9483			plant remains (charred)	Pisum	Çanakkale	Turkey	39.9575	26.2389	Quitta 1978; TAY Project; CalPal; Hinz et al. 2012: http://radon-b.ufg.uni-kiel.de/samples/8007	Global Repositories	Short-lived Plants	Cereal/Pulse/Seed	Chronometric Only
present datasets	25.04.2025		Hd-15406	3645	60		Hisarlik (Troy)	settlement	III			charcoal		Çanakkale	Turkey	39.9575	26.2389	TAY Project	Global Repositories	Woody Plants (Charcoal)	Tree/Shrub	Chronometric Only
present datasets	25.04.2025		Hd-23695	3663	20		Hisarlik (Troy)	settlement	phase Proto-IV. 4-6, A5/6, 777			charcoal		Çanakkale	Turkey	39.9575	26.2389	CalPal	Global Repositories	Woody Plants (Charcoal)	Tree/Shrub	Chronometric Only
present datasets	25.04.2025		Bln-1235	3665	60		Hisarlik (Troy)	settlement	Inv.Nr.9493; Probe 9493			plant remains (charred)	Pisum sativum,Vicia faba,Ervum ervilia,Triticum monococcum	Çanakkale	Turkey	39.9575	26.2389	Quitta 1978; TAY Project; CalPal; Hinz et al. 2012: http://radon-b.ufg.uni-kiel.de/samples/8008	Global Repositories	Short-lived Plants	Cereal/Pulse/Seed	Chronometric Only
present datasets	25.04.2025		Bln-1236	3700	100		Hisarlik (Troy)	settlement	Inv.Nr.9475; Probe 9475			plant remains (charred)	Pisum sativum,Triticum monococcum	Çanakkale	Turkey	39.9575	26.2389	Quitta 1978; TAY Project; CalPal; Hinz et al. 2012: http://radon-b.ufg.uni-kiel.de/samples/8001	Global Repositories	Short-lived Plants	Cereal/Pulse/Seed	Chronometric Only
present datasets	25.04.2025		Hd-14490	3701	126		Hisarlik (Troy)	settlement	V			charcoal		Çanakkale	Turkey	39.9575	26.2389	TAY Project	Global Repositories	Woody Plants (Charcoal)	Tree/Shrub	Chronometric Only
present datasets	25.04.2025		Bln-1238	3710	80		Hisarlik (Troy)	settlement	Inv.Nr.9480; Probe 9480			plant remains (charred)	Ervum ervilia	Çanakkale	Turkey	39.9575	26.2389	Quitta 1978; TAY Project; CalPal; Hinz et al. 2012: http://radon-b.ufg.uni-kiel.de/samples/8004	Global Repositories	Short-lived Plants	Cereal/Pulse/Seed	Chronometric Only
present datasets	25.04.2025		Hd-17706	3713	44		Hisarlik (Troy)	settlement	phase Proto-IV.3, D8, 1768			charcoal		Çanakkale	Turkey	39.9575	26.2389	CalPal	Global Repositories	Woody Plants (Charcoal)	Tree/Shrub	Chronometric Only
present datasets	25.04.2025		Hd-19853	3718	22		Hisarlik (Troy)	settlement	phase IV.1, G6. 217			wood (twigs)		Çanakkale	Turkey	39.9575	26.2389	CalPal	Global Repositories	Woody Plants (Charcoal)	Tree/Shrub	Chronometric Only
present datasets	25.04.2025		Hd-21475	3722	33		Hisarlik (Troy)	settlement	phase IV, z5. 52			charcoal		Çanakkale	Turkey	39.9575	26.2389	CalPal	Global Repositories	Woody Plants (Charcoal)	Tree/Shrub	Chronometric Only
present datasets	25.04.2025		Bln-1237	3730	100		Hisarlik (Troy)	settlement	Inv.Nr.9481; Probe 9481			plant remains (charred)	Pisum	Çanakkale	Turkey	39.9575	26.2389	Quitta 1978; TAY Project; CalPal; Hinz et al. 2012: http://radon-b.ufg.uni-kiel.de/samples/8005	Global Repositories	Short-lived Plants	Cereal/Pulse/Seed	Chronometric Only
present datasets	25.04.2025		Bln-1132	3735	60		Hisarlik (Troy)	settlement	Inv.Nr.9474			plant remains	Pisum	Çanakkale	Turkey	39.9575	26.2389	Quitta 1978; TAY Project; CalPal; Hinz et al. 2012: http://radon-b.ufg.uni-kiel.de/samples/7752	Global Repositories	Short-lived Plants	Cereal/Pulse/Seed	Chronometric Only
present datasets	25.04.2025		KN-131	3750	95		Hisarlik (Troy)	settlement	III			charcoal		Çanakkale	Turkey	39.9575	26.2389	TAY Project	Global Repositories	Woody Plants (Charcoal)	Tree/Shrub	Chronometric Only
present datasets	25.04.2025		Hd-15267	3751	25		Hisarlik (Troy)	settlement	III			charcoal		Çanakkale	Turkey	39.9575	26.2389	TAY Project	Global Repositories	Woody Plants (Charcoal)	Tree/Shrub	Chronometric Only
present datasets	25.04.2025		Hd-15407	3755	40		Hisarlik (Troy)	settlement	III			charcoal		Çanakkale	Turkey	39.9575	26.2389	TAY Project	Global Repositories	Woody Plants (Charcoal)	Tree/Shrub	Chronometric Only
present datasets	25.04.2025		Bln-1310	3760	60		Hisarlik (Troy)	settlement	Inv.Nr.9475					Çanakkale	Turkey	39.9575	26.2389	Quitta 1978; Manning 1995	Global Repositories	Indeterminate/Other	Indeterminate	Chronometric Only
present datasets	25.04.2025		Hd-16831	3767	53		Hisarlik (Troy)	settlement	phase Proto-IV.6, D8, 832			wood (twigs)		Çanakkale	Turkey	39.9575	26.2389	CalPal	Global Repositories	Woody Plants (Charcoal)	Tree/Shrub	Chronometric Only
present datasets	25.04.2025		Hd-24052	3768	34		Hisarlik (Troy)	settlement	phase V.4, A5/6. 477			charcoal		Çanakkale	Turkey	39.9575	26.2389	CalPal	Global Repositories	Woody Plants (Charcoal)	Tree/Shrub	Chronometric Only
present datasets	25.04.2025		Hd-23779	3769	37		Hisarlik (Troy)	settlement	phase Proto-IV.3, A5/6, 921			charcoal		Çanakkale	Turkey	39.9575	26.2389	CalPal	Global Repositories	Woody Plants (Charcoal)	Tree/Shrub	Chronometric Only
present datasets	25.04.2025		Hd-17859	3783	30		Hisarlik (Troy)	settlement	phase Proto-IV.4, D8, 1206			seeds	Pisum	Çanakkale	Turkey	39.9575	26.2389	CalPal	Global Repositories	Short-lived Plants	Cereal/Pulse/Seed	Chronometric Only
present datasets	25.04.2025		Hd-13931	3786	55		Hisarlik (Troy)	settlement	Ic-d			charcoal		Çanakkale	Turkey	39.9575	26.2389	Korfmann and Kromer 1993	Global Repositories	Woody Plants (Charcoal)	Tree/Shrub	Chronometric Only
present datasets	25.04.2025		Hd-15408	3790	35		Hisarlik (Troy)	settlement	III			charcoal		Çanakkale	Turkey	39.9575	26.2389	TAY Project	Global Repositories	Woody Plants (Charcoal)	Tree/Shrub	Chronometric Only
present datasets	25.04.2025		Hd-24080	3791	39		Hisarlik (Troy)	settlement	phase V.5, A5/6. 269			charcoal		Çanakkale	Turkey	39.9575	26.2389	CalPal	Global Repositories	Woody Plants (Charcoal)	Tree/Shrub	Chronometric Only
present datasets	25.04.2025		Hd-15266	3792	31		Hisarlik (Troy)	settlement	III			charcoal		Çanakkale	Turkey	39.9575	26.2389	TAY Project	Global Repositories	Woody Plants (Charcoal)	Tree/Shrub	Chronometric Only
present datasets	25.04.2025		Hd-12136	3795	26		Hisarlik (Troy)	settlement	III			charcoal		Çanakkale	Turkey	39.9575	26.2389	TAY Project	Global Repositories	Woody Plants (Charcoal)	Tree/Shrub	Chronometric Only
present datasets	25.04.2025		Hd-12137	3796	41		Hisarlik (Troy)	settlement	III			charcoal		Çanakkale	Turkey	39.9575	26.2389	TAY Project	Global Repositories	Woody Plants (Charcoal)	Tree/Shrub	Chronometric Only
present datasets	25.04.2025		Hd-20174	3797	25		Hisarlik (Troy)	settlement	phase IIg?, G6. 1056			grain		Çanakkale	Turkey	39.9575	26.2389	CalPal	Global Repositories	Short-lived Plants	Cereal/Pulse/Seed	Chronometric Only
present datasets	25.04.2025		Bln-1129	3800	60		Hisarlik (Troy)	settlement	Inv.Nr.9474; Probe 9474			plant remains (charred)	Pisum	Çanakkale	Turkey	39.9575	26.2389	Quitta 1978; TAY Project; CalPal; Hinz et al. 2012: http://radon-b.ufg.uni-kiel.de/samples/8000	Global Repositories	Short-lived Plants	Cereal/Pulse/Seed	Chronometric Only
present datasets	25.04.2025		Hd-12120	3815	35		Hisarlik (Troy)	settlement	III			charcoal		Çanakkale	Turkey	39.9575	26.2389	TAY Project	Global Repositories	Woody Plants (Charcoal)	Tree/Shrub	Chronometric Only
present datasets	25.04.2025		Hd-16733	3815	42		Hisarlik (Troy)	settlement				charcoal		Çanakkale	Turkey	39.9575	26.2389	Horejs 2014	Global Repositories	Woody Plants (Charcoal)	Tree/Shrub	Chronometric Only
present datasets	25.04.2025		Hd-19856	3819	35		Hisarlik (Troy)	settlement	phase IV.1, G6. 172			wood (twigs)		Çanakkale	Turkey	39.9575	26.2389	CalPal	Global Repositories	Woody Plants (Charcoal)	Tree/Shrub	Chronometric Only
present datasets	25.04.2025		Hd-20404	3819	27		Hisarlik (Troy)	settlement	phase IIg, G6. 1087			charcoal		Çanakkale	Turkey	39.9575	26.2389	CalPal	Global Repositories	Woody Plants (Charcoal)	Tree/Shrub	Chronometric Only
present datasets	25.04.2025		Hd-21510	3819	30		Hisarlik (Troy)	settlement	phase IIg, G6.1155			charcoal		Çanakkale	Turkey	39.9575	26.2389	CalPal	Global Repositories	Woody Plants (Charcoal)	Tree/Shrub	Chronometric Only
present datasets	25.04.2025		Hd-17711	3827	28		Hisarlik (Troy)	settlement	phase Proto-IV.3, D8, 1493			charcoal		Çanakkale	Turkey	39.9575	26.2389	CalPal	Global Repositories	Woody Plants (Charcoal)	Tree/Shrub	Chronometric Only
present datasets	25.04.2025		Hd-13823	3829	33		Hisarlik (Troy)	settlement	III-IV			charcoal		Çanakkale	Turkey	39.9575	26.2389	Korfmann and Kromer 1993	Global Repositories	Woody Plants (Charcoal)	Tree/Shrub	Chronometric Only
present datasets	25.04.2025		Hd-22684	3831	53		Hisarlik (Troy)	settlement	phase V.4, A5/6. 545			wood (twigs)		Çanakkale	Turkey	39.9575	26.2389	CalPal	Global Repositories	Woody Plants (Charcoal)	Tree/Shrub	Chronometric Only
present datasets	25.04.2025		Hd-21452	3832	38		Hisarlik (Troy)	settlement	phase IV, z5. 92			charcoal		Çanakkale	Turkey	39.9575	26.2389	CalPal	Global Repositories	Woody Plants (Charcoal)	Tree/Shrub	Chronometric Only
present datasets	25.04.2025		Hd-20039	3834	55		Hisarlik (Troy)	settlement	phase III.1, G6. 558			charcoal		Çanakkale	Turkey	39.9575	26.2389	CalPal	Global Repositories	Woody Plants (Charcoal)	Tree/Shrub	Chronometric Only
present datasets	25.04.2025		Hd-23658	3834	33		Hisarlik (Troy)	settlement	phase V.2, A5/6. 717			charcoal		Çanakkale	Turkey	39.9575	26.2389	CalPal	Global Repositories	Woody Plants (Charcoal)	Tree/Shrub	Chronometric Only
present datasets	25.04.2025		Hd-12109	3838	39		Hisarlik (Troy)	settlement	IV?			charcoal		Çanakkale	Turkey	39.9575	26.2389	TAY Project	Global Repositories	Woody Plants (Charcoal)	Tree/Shrub	Chronometric Only
present datasets	25.04.2025		Hd-19844	3838	24		Hisarlik (Troy)	settlement	phase III.1, G6. 533			charcoal		Çanakkale	Turkey	39.9575	26.2389	CalPal	Global Repositories	Woody Plants (Charcoal)	Tree/Shrub	Chronometric Only
present datasets	25.04.2025		Hd-17937	3839	38		Hisarlik (Troy)	settlement	phase Proto-IV.5, D8, 1150			charcoal		Çanakkale	Turkey	39.9575	26.2389	CalPal	Global Repositories	Woody Plants (Charcoal)	Tree/Shrub	Chronometric Only
present datasets	25.04.2025		Hd-20749	3844	38		Hisarlik (Troy)	settlement	phase IV, z5. 74			charcoal		Çanakkale	Turkey	39.9575	26.2389	CalPal	Global Repositories	Woody Plants (Charcoal)	Tree/Shrub	Chronometric Only
present datasets	25.04.2025		Bln-1239	3845	70		Hisarlik (Troy)	settlement	Probe 9482			charcoal		Çanakkale	Turkey	39.9575	26.2389	Quitta 1978; TAY Project; CalPal; Hinz et al. 2012: http://radon-b.ufg.uni-kiel.de/samples/8006	Global Repositories	Woody Plants (Charcoal)	Tree/Shrub	Chronometric Only
present datasets	25.04.2025		Hd-17916	3849	37		Hisarlik (Troy)	settlement	phase Proto-IV.3, D8, 1704			charcoal		Çanakkale	Turkey	39.9575	26.2389	CalPal	Global Repositories	Woody Plants (Charcoal)	Tree/Shrub	Chronometric Only
present datasets	25.04.2025		Hd-16833	3851	25		Hisarlik (Troy)	settlement	phase Proto-IV.5, D8, 924			charcoal		Çanakkale	Turkey	39.9575	26.2389	CalPal	Global Repositories	Woody Plants (Charcoal)	Tree/Shrub	Chronometric Only
present datasets	25.04.2025		Hd-17841	3859	41		Hisarlik (Troy)	settlement	phase Proto-IV.4, D8, 1206			seeds	Pisum	Çanakkale	Turkey	39.9575	26.2389	CalPal	Global Repositories	Short-lived Plants	Cereal/Pulse/Seed	Chronometric Only
present datasets	25.04.2025		Hd-20414	3860	40		Hisarlik (Troy)	settlement	phase IIg, G6. 1054			grain		Çanakkale	Turkey	39.9575	26.2389	CalPal	Global Repositories	Short-lived Plants	Cereal/Pulse/Seed	Chronometric Only
present datasets	25.04.2025		Hd-21474	3865	33		Hisarlik (Troy)	settlement	phase IV-V, z5. 136			charcoal		Çanakkale	Turkey	39.9575	26.2389	CalPal	Global Repositories	Woody Plants (Charcoal)	Tree/Shrub	Chronometric Only
present datasets	25.04.2025		Hd-23761	3871	60		Hisarlik (Troy)	settlement	phase Proto-IV. 4-6, A5/6, 905			charcoal		Çanakkale	Turkey	39.9575	26.2389	CalPal	Global Repositories	Woody Plants (Charcoal)	Tree/Shrub	Chronometric Only
present datasets	25.04.2025		Hd-23775	3876	52		Hisarlik (Troy)	settlement	phase V.3, A5/6. 778			charcoal/bone/shell		Çanakkale	Turkey	39.9575	26.2389	CalPal	Global Repositories	Bone/Teeth (Human/Animal)	Indeterminate	Chronometric Only
present datasets	25.04.2025		Hd-17187	3881	56		Hisarlik (Troy)	settlement	phase Proto-IV.5, D8, 853			grain		Çanakkale	Turkey	39.9575	26.2389	CalPal	Global Repositories	Short-lived Plants	Cereal/Pulse/Seed	Chronometric Only
present datasets	25.04.2025		Hd-14022	3890	33		Hisarlik (Troy)	settlement	III			charcoal		Çanakkale	Turkey	39.9575	26.2389	TAY Project	Global Repositories	Woody Plants (Charcoal)	Tree/Shrub	Chronometric Only
present datasets	25.04.2025		Hd-15268	3892	37		Hisarlik (Troy)	settlement	III			charcoal		Çanakkale	Turkey	39.9575	26.2389	TAY Project	Global Repositories	Woody Plants (Charcoal)	Tree/Shrub	Chronometric Only
present datasets	25.04.2025		Hd-12127	3899	42		Hisarlik (Troy)	settlement	III			charcoal		Çanakkale	Turkey	39.9575	26.2389	TAY Project	Global Repositories	Woody Plants (Charcoal)	Tree/Shrub	Chronometric Only
present datasets	25.04.2025		Bln-1106	3900	90		Hisarlik (Troy)	settlement	Inv.Nr.9479; Probe 9479			charcoal		Çanakkale	Turkey	39.9575	26.2389	Quitta 1978; TAY Project; CalPal; Hinz et al. 2012: http://radon-b.ufg.uni-kiel.de/samples/8003	Global Repositories	Woody Plants (Charcoal)	Tree/Shrub	Chronometric Only
present datasets	25.04.2025		Hd-17861	3903	34		Hisarlik (Troy)	settlement	phase Proto-IV.3, D8, 1843			charcoal		Çanakkale	Turkey	39.9575	26.2389	CalPal	Global Repositories	Woody Plants (Charcoal)	Tree/Shrub	Chronometric Only
present datasets	25.04.2025		Hd-23697	3905	33		Hisarlik (Troy)	settlement	phase II, A7. 1416			charcoal		Çanakkale	Turkey	39.9575	26.2389	CalPal	Global Repositories	Woody Plants (Charcoal)	Tree/Shrub	Chronometric Only
present datasets	25.04.2025		Hd-12126	3917	38		Hisarlik (Troy)	settlement	III			charcoal		Çanakkale	Turkey	39.9575	26.2389	TAY Project	Global Repositories	Woody Plants (Charcoal)	Tree/Shrub	Chronometric Only
present datasets	25.04.2025		Hd-19822	3931	23		Hisarlik (Troy)	settlement	phase IIa, F4. 68			charcoal		Çanakkale	Turkey	39.9575	26.2389	CalPal	Global Repositories	Woody Plants (Charcoal)	Tree/Shrub	Chronometric Only
present datasets	25.04.2025		Hd-16252	3932	46		Hisarlik (Troy)	settlement	phase II, E4. 701			wood (twigs)		Çanakkale	Turkey	39.9575	26.2389	CalPal	Global Repositories	Woody Plants (Charcoal)	Tree/Shrub	Chronometric Only
present datasets	25.04.2025		Hd-16734	3932	46		Hisarlik (Troy)	settlement	phase IIb2, E4.701			charcoal		Çanakkale	Turkey	39.9575	26.2389	CalPal	Global Repositories	Woody Plants (Charcoal)	Tree/Shrub	Chronometric Only
present datasets	25.04.2025		Hd-19823	3935	66		Hisarlik (Troy)	settlement	phase IIa, F4. 67			charcoal		Çanakkale	Turkey	39.9575	26.2389	CalPal	Global Repositories	Woody Plants (Charcoal)	Tree/Shrub	Chronometric Only
present datasets	25.04.2025		Hd-21451	3940	80		Hisarlik (Troy)	settlement	phase IV, z5. 65			charcoal		Çanakkale	Turkey	39.9575	26.2389	CalPal	Global Repositories	Woody Plants (Charcoal)	Tree/Shrub	Chronometric Only
present datasets	25.04.2025		Hd-23698	3946	28		Hisarlik (Troy)	settlement	phase V, A7. 1443			charcoal		Çanakkale	Turkey	39.9575	26.2389	CalPal	Global Repositories	Woody Plants (Charcoal)	Tree/Shrub	Chronometric Only
present datasets	25.04.2025		Hd-13813	3954	49		Hisarlik (Troy)	settlement	I-i ;D2.275			charcoal		Çanakkale	Turkey	39.9575	26.2389	Korfmann and Kromer 1993	Global Repositories	Woody Plants (Charcoal)	Tree/Shrub	Chronometric Only
present datasets	25.04.2025		Hd-20040	3972	31		Hisarlik (Troy)	settlement	phase IIa, F4. 69			charcoal		Çanakkale	Turkey	39.9575	26.2389	CalPal	Global Repositories	Woody Plants (Charcoal)	Tree/Shrub	Chronometric Only
present datasets	25.04.2025		Hd-13930	3974	43		Hisarlik (Troy)	settlement	III			charcoal		Çanakkale	Turkey	39.9575	26.2389	Korfmann and Kromer 1993	Global Repositories	Woody Plants (Charcoal)	Tree/Shrub	Chronometric Only
present datasets	25.04.2025		Hd-13862	3986	38		Hisarlik (Troy)	settlement	Ig-h			charcoal		Çanakkale	Turkey	39.9575	26.2389	Korfmann and Kromer 1993	Global Repositories	Woody Plants (Charcoal)	Tree/Shrub	Chronometric Only
present datasets	25.04.2025		Hd-14572	3988	32		Hisarlik (Troy)	settlement	IIg			charcoal		Çanakkale	Turkey	39.9575	26.2389	TAY Project	Global Repositories	Woody Plants (Charcoal)	Tree/Shrub	Chronometric Only
present datasets	25.04.2025		Hd-12099	3993	90		Hisarlik (Troy)	settlement	IV?			charcoal		Çanakkale	Turkey	39.9575	26.2389	TAY Project	Global Repositories	Woody Plants (Charcoal)	Tree/Shrub	Chronometric Only
present datasets	25.04.2025		Hd-20817	3998	29		Hisarlik (Troy)	settlement	phase IIg, G6. 1131			charcoal		Çanakkale	Turkey	39.9575	26.2389	CalPal	Global Repositories	Woody Plants (Charcoal)	Tree/Shrub	Chronometric Only
present datasets	25.04.2025		Hd-16830	4010	66		Hisarlik (Troy)	settlement	phase Proto-IV.4-5, D8, 644			wood (twigs)		Çanakkale	Turkey	39.9575	26.2389	CalPal	Global Repositories	Woody Plants (Charcoal)	Tree/Shrub	Chronometric Only
present datasets	25.04.2025		Hd-17664	4011	28		Hisarlik (Troy)	settlement	phase IIb1, E3.39			charcoal		Çanakkale	Turkey	39.9575	26.2389	CalPal	Global Repositories	Woody Plants (Charcoal)	Tree/Shrub	Chronometric Only
present datasets	25.04.2025		Hd-23780	4012	50		Hisarlik (Troy)	settlement	phase Proto-IV.2, A5/6, 893			charcoal		Çanakkale	Turkey	39.9575	26.2389	CalPal	Global Repositories	Woody Plants (Charcoal)	Tree/Shrub	Chronometric Only
present datasets	25.04.2025		Hd-23774	4013	61		Hisarlik (Troy)	settlement	phase Proto-IV. 4-6, A5/6, 820			charcoal		Çanakkale	Turkey	39.9575	26.2389	CalPal	Global Repositories	Woody Plants (Charcoal)	Tree/Shrub	Chronometric Only
present datasets	25.04.2025		Hd-13812	4022	31		Hisarlik (Troy)	settlement	Troia Ig/h ;D2.236			charcoal		Çanakkale	Turkey	39.9575	26.2389	Korfmann and Kromer 1993	Global Repositories	Woody Plants (Charcoal)	Tree/Shrub	Chronometric Only
present datasets	25.04.2025		Hd-13848	4026	40		Hisarlik (Troy)	settlement	Troia If ;D3.105			charcoal		Çanakkale	Turkey	39.9575	26.2389	Korfmann and Kromer 1993	Global Repositories	Woody Plants (Charcoal)	Tree/Shrub	Chronometric Only
present datasets	25.04.2025		Hd-16680	4026	39		Hisarlik (Troy)	settlement	phase Ie, D3. 363			charcoal		Çanakkale	Turkey	39.9575	26.2389	CalPal	Global Repositories	Woody Plants (Charcoal)	Tree/Shrub	Chronometric Only
present datasets	25.04.2025		Hd-13801	4038	59		Hisarlik (Troy)	settlement	Troia If ;D3.105			charcoal		Çanakkale	Turkey	39.9575	26.2389	Korfmann and Kromer 1993	Global Repositories	Woody Plants (Charcoal)	Tree/Shrub	Chronometric Only
present datasets	25.04.2025		Hd-21013	4040	33		Hisarlik (Troy)	settlement	phase I-II transl., B5. 36			charcoal		Çanakkale	Turkey	39.9575	26.2389	CalPal	Global Repositories	Woody Plants (Charcoal)	Tree/Shrub	Chronometric Only
present datasets	25.04.2025		Hd-13850	4050	50		Hisarlik (Troy)	settlement	Troia Ig ;D3.190			charcoal		Çanakkale	Turkey	39.9575	26.2389	TAY Project; CalPal	Global Repositories	Woody Plants (Charcoal)	Tree/Shrub	Chronometric Only
present datasets	25.04.2025		Hd-20735	4051	68		Hisarlik (Troy)	settlement	phase II, G6. 1207			charcoal		Çanakkale	Turkey	39.9575	26.2389	CalPal	Global Repositories	Woody Plants (Charcoal)	Tree/Shrub	Chronometric Only
present datasets	25.04.2025		Hd-16270	4058	41		Hisarlik (Troy)	settlement	phase IIb?, E4. 639			charcoal		Çanakkale	Turkey	39.9575	26.2389	CalPal	Global Repositories	Woody Plants (Charcoal)	Tree/Shrub	Chronometric Only
present datasets	25.04.2025		Hd-16735	4058	41		Hisarlik (Troy)	settlement	phase IIb1, E4.639			charcoal		Çanakkale	Turkey	39.9575	26.2389	CalPal	Global Repositories	Woody Plants (Charcoal)	Tree/Shrub	Chronometric Only
present datasets	25.04.2025		Hd-13851	4060	50		Hisarlik (Troy)	settlement	Ie			charcoal		Çanakkale	Turkey	39.9575	26.2389	Korfmann and Kromer 1993	Global Repositories	Woody Plants (Charcoal)	Tree/Shrub	Chronometric Only
present datasets	25.04.2025		Hd-16172	4067	40		Hisarlik (Troy)	settlement	phase If, D3. 323			charcoal		Çanakkale	Turkey	39.9575	26.2389	CalPal	Global Repositories	Woody Plants (Charcoal)	Tree/Shrub	Chronometric Only
present datasets	25.04.2025		GrA-13940	4080	50		Hisarlik (Troy)	settlement	phase Early II, KL16/17.1209			wood (twigs)		Çanakkale	Turkey	39.9575	26.2389	CalPal	Global Repositories	Woody Plants (Charcoal)	Tree/Shrub	Chronometric Only
present datasets	25.04.2025		Hd-14689	4080	21		Hisarlik (Troy)	settlement	Ic			wood	Pinus	Çanakkale	Turkey	39.9575	26.2389	TAY Project	Global Repositories	Woody Plants (Charcoal)	Tree/Shrub	Chronometric Only
present datasets	25.04.2025		Hd-14698	4080	21		Hisarlik (Troy)	settlement	Ring 1021-1030			charcoal		Çanakkale	Turkey	39.9575	26.2389	CalPal; Korfmann 1993	Global Repositories	Woody Plants (Charcoal)	Tree/Shrub	Chronometric Only
present datasets	25.04.2025		Hd-20835	4082	30		Hisarlik (Troy)	settlement	phase I-II transl., B5. 37			charcoal		Çanakkale	Turkey	39.9575	26.2389	CalPal	Global Repositories	Woody Plants (Charcoal)	Tree/Shrub	Chronometric Only
present datasets	25.04.2025		Hd-14561	4100	33		Hisarlik (Troy)	settlement	IIg			charcoal		Çanakkale	Turkey	39.9575	26.2389	TAY Project	Global Repositories	Woody Plants (Charcoal)	Tree/Shrub	Chronometric Only
present datasets	25.04.2025		Hd-17805	4106	104		Hisarlik (Troy)	settlement	phase Late II, D7. 429			charcoal		Çanakkale	Turkey	39.9575	26.2389	CalPal	Global Repositories	Woody Plants (Charcoal)	Tree/Shrub	Chronometric Only
present datasets	25.04.2025		Hd-13618	4108	38		Hisarlik (Troy)	settlement	Ic-d			charcoal		Çanakkale	Turkey	39.9575	26.2389	Korfmann and Kromer 1993	Global Repositories	Woody Plants (Charcoal)	Tree/Shrub	Chronometric Only
present datasets	25.04.2025		Hd-13384	4110	44		Hisarlik (Troy)	settlement	Troia Ie/f;C3.164			charcoal		Çanakkale	Turkey	39.9575	26.2389	Korfmann and Kromer 1993	Global Repositories	Woody Plants (Charcoal)	Tree/Shrub	Chronometric Only
present datasets	25.04.2025		Hd-16832	4117	46		Hisarlik (Troy)	settlement	phase Ij, D3.266			charcoal		Çanakkale	Turkey	39.9575	26.2389	CalPal	Global Repositories	Woody Plants (Charcoal)	Tree/Shrub	Chronometric Only
present datasets	25.04.2025		Hd-21433	4123	29		Hisarlik (Troy)	settlement	phase I-II transl., B5. 35			charcoal		Çanakkale	Turkey	39.9575	26.2389	CalPal	Global Repositories	Woody Plants (Charcoal)	Tree/Shrub	Chronometric Only
present datasets	25.04.2025		Hd-14706	4133	49		Hisarlik (Troy)	settlement	Ic			wood	Pinus	Çanakkale	Turkey	39.9575	26.2389	TAY Project	Global Repositories	Woody Plants (Charcoal)	Tree/Shrub	Chronometric Only
present datasets	25.04.2025		Hd-23776	4140	125		Hisarlik (Troy)	settlement	phase V.2, A5/6. 716			charcoal		Çanakkale	Turkey	39.9575	26.2389	CalPal	Global Repositories	Woody Plants (Charcoal)	Tree/Shrub	Chronometric Only
present datasets	25.04.2025		Hd-15023	4145	15		Hisarlik (Troy)	settlement	Ic			wood	Pinus	Çanakkale	Turkey	39.9575	26.2389	TAY Project	Global Repositories	Woody Plants (Charcoal)	Tree/Shrub	Chronometric Only
present datasets	25.04.2025		Hd-14614	4153	18		Hisarlik (Troy)	settlement	Ic			wood	Pinus	Çanakkale	Turkey	39.9575	26.2389	TAY Project	Global Repositories	Woody Plants (Charcoal)	Tree/Shrub	Chronometric Only
present datasets	25.04.2025		Hd-12059	4156	59		Hisarlik (Troy)	settlement	Ia-b			charcoal		Çanakkale	Turkey	39.9575	26.2389	Korfmann and Kromer 1993	Global Repositories	Woody Plants (Charcoal)	Tree/Shrub	Chronometric Only
present datasets	25.04.2025		Hd-14008	4166	37		Hisarlik (Troy)	settlement	IIg			charcoal		Çanakkale	Turkey	39.9575	26.2389	TAY Project	Global Repositories	Woody Plants (Charcoal)	Tree/Shrub	Chronometric Only
present datasets	25.04.2025		Hd-11906	4168	52		Hisarlik (Troy)	settlement				charcoal		Çanakkale	Turkey	39.9575	26.2389	Weninger and Easton 2014	Global Repositories	Woody Plants (Charcoal)	Tree/Shrub	Chronometric Only
present datasets	25.04.2025		Hd-16810	4173	37		Hisarlik (Troy)	settlement	phase Ij, D3.278			charcoal		Çanakkale	Turkey	39.9575	26.2389	CalPal	Global Repositories	Woody Plants (Charcoal)	Tree/Shrub	Chronometric Only
present datasets	25.04.2025		Hd-12061	4177	41		Hisarlik (Troy)	settlement	Ia			charcoal		Çanakkale	Turkey	39.9575	26.2389	Korfmann and Kromer 1993	Global Repositories	Woody Plants (Charcoal)	Tree/Shrub	Chronometric Only
present datasets	25.04.2025		Hd-13751	4182	32		Hisarlik (Troy)	settlement	Ic-d			charcoal		Çanakkale	Turkey	39.9575	26.2389	Korfmann and Kromer 1993	Global Repositories	Woody Plants (Charcoal)	Tree/Shrub	Chronometric Only
present datasets	25.04.2025		Hd-13929	4185	31		Hisarlik (Troy)	settlement	Ic-d			charcoal		Çanakkale	Turkey	39.9575	26.2389	Korfmann and Kromer 1993	Global Repositories	Woody Plants (Charcoal)	Tree/Shrub	Chronometric Only
present datasets	25.04.2025		Hd-14686	4188	19		Hisarlik (Troy)	settlement	Ic			wood	Pinus	Çanakkale	Turkey	39.9575	26.2389	TAY Project	Global Repositories	Woody Plants (Charcoal)	Tree/Shrub	Chronometric Only
present datasets	25.04.2025		Hd-13852	4208	68		Hisarlik (Troy)	settlement	Ie			charcoal		Çanakkale	Turkey	39.9575	26.2389	Korfmann and Kromer 1993	Global Repositories	Woody Plants (Charcoal)	Tree/Shrub	Chronometric Only
present datasets	25.04.2025		Hd-12058	4215	84		Hisarlik (Troy)	settlement	Ia			charcoal		Çanakkale	Turkey	39.9575	26.2389	Korfmann and Kromer 1993	Global Repositories	Woody Plants (Charcoal)	Tree/Shrub	Chronometric Only
present datasets	25.04.2025		Hd-13633	4228	45		Hisarlik (Troy)	settlement	Ii			charcoal		Çanakkale	Turkey	39.9575	26.2389	TAY Project	Global Repositories	Woody Plants (Charcoal)	Tree/Shrub	Chronometric Only
present datasets	25.04.2025		Hd-11944	4238	37		Hisarlik (Troy)	settlement				charcoal	Pinus brutia	Çanakkale	Turkey	39.9575	26.2389	Weninger and Easton 2014	Global Repositories	Woody Plants (Charcoal)	Tree/Shrub	Chronometric Only
present datasets	25.04.2025		Hd-14573	4266	57		Hisarlik (Troy)	settlement	IIg			charcoal		Çanakkale	Turkey	39.9575	26.2389	TAY Project	Global Repositories	Woody Plants (Charcoal)	Tree/Shrub	Chronometric Only
present datasets	25.04.2025		Hd-14223	4271	45		Hisarlik (Troy)	settlement	Troia 0;D5.457			charcoal		Çanakkale	Turkey	39.9575	26.2389	CalPal	Global Repositories	Woody Plants (Charcoal)	Tree/Shrub	Chronometric Only
present datasets	25.04.2025		Hd-14672	4274	17		Hisarlik (Troy)	settlement	Ic			wood	Pinus	Çanakkale	Turkey	39.9575	26.2389	TAY Project	Global Repositories	Woody Plants (Charcoal)	Tree/Shrub	Chronometric Only
present datasets	25.04.2025		Hd-13619	4288	37		Hisarlik (Troy)	settlement	Ic-d			charcoal		Çanakkale	Turkey	39.9575	26.2389	Korfmann and Kromer 1993	Global Repositories	Woody Plants (Charcoal)	Tree/Shrub	Chronometric Only
present datasets	25.04.2025		Hd-12060	4289	65		Hisarlik (Troy)	settlement	Ia			charcoal		Çanakkale	Turkey	39.9575	26.2389	Korfmann and Kromer 1993	Global Repositories	Woody Plants (Charcoal)	Tree/Shrub	Chronometric Only
present datasets	25.04.2025		Hd-14937	4290	24		Hisarlik (Troy)	settlement	Ic			wood	Pinus	Çanakkale	Turkey	39.9575	26.2389	TAY Project	Global Repositories	Woody Plants (Charcoal)	Tree/Shrub	Chronometric Only
present datasets	25.04.2025		Hd-11917	4299	42		Hisarlik (Troy)	settlement				charcoal	Pinus brutia	Çanakkale	Turkey	39.9575	26.2389	Weninger and Easton 2014	Global Repositories	Woody Plants (Charcoal)	Tree/Shrub	Chronometric Only
present datasets	25.04.2025		Hd-11945	4315	84		Hisarlik (Troy)	settlement				charcoal	Pinus brutia	Çanakkale	Turkey	39.9575	26.2389	Weninger and Easton 2014	Global Repositories	Woody Plants (Charcoal)	Tree/Shrub	Chronometric Only
present datasets	25.04.2025		Hd-11935	4316	34		Hisarlik (Troy)	settlement				charcoal		Çanakkale	Turkey	39.9575	26.2389	Weninger and Easton 2014	Global Repositories	Woody Plants (Charcoal)	Tree/Shrub	Chronometric Only
present datasets	25.04.2025		Hd-14615	4363	21		Hisarlik (Troy)	settlement	Ic			wood	Pinus	Çanakkale	Turkey	39.9575	26.2389	TAY Project	Global Repositories	Woody Plants (Charcoal)	Tree/Shrub	Chronometric Only
present datasets	25.04.2025		Hd-15095	4369	17		Hisarlik (Troy)	settlement	Ic			wood	Pinus	Çanakkale	Turkey	39.9575	26.2389	TAY Project	Global Repositories	Woody Plants (Charcoal)	Tree/Shrub	Chronometric Only
present datasets	25.04.2025		Hd-19672	4421	29		Hisarlik (Troy)	settlement	phase IIa, F4. 70			charcoal		Çanakkale	Turkey	39.9575	26.2389	CalPal	Global Repositories	Woody Plants (Charcoal)	Tree/Shrub	Chronometric Only
present datasets	25.04.2025		Hd-13295	4463	43		Hisarlik (Troy)	settlement	Troia If ;C3.129			charcoal		Çanakkale	Turkey	39.9575	26.2389	Korfmann and Kromer 1993	Global Repositories	Woody Plants (Charcoal)	Tree/Shrub	Chronometric Only
present datasets	25.04.2025		Hd-14222	4568	47		Hisarlik (Troy)	settlement	Troia 0;D5.443			charcoal		Çanakkale	Turkey	39.9575	26.2389	CalPal	Global Repositories	Woody Plants (Charcoal)	Tree/Shrub	Chronometric Only
present datasets	25.04.2025		Hd-13643	4629	47		Hisarlik (Troy)	settlement	Troia Ig/h ;D2.81			charcoal		Çanakkale	Turkey	39.9575	26.2389	Korfmann and Kromer 1993	Global Repositories	Woody Plants (Charcoal)	Tree/Shrub	Chronometric Only
present datasets	25.04.2025		Hd-13644	4673	59		Hisarlik (Troy)	settlement	Troia Ig/h ;D3.96			charcoal		Çanakkale	Turkey	39.9575	26.2389	TAY Project; CalPal	Global Repositories	Woody Plants (Charcoal)	Tree/Shrub	Chronometric Only
present datasets	25.04.2025		Hd-13627	4740	49		Hisarlik (Troy)	settlement	D3.96			charcoal		Çanakkale	Turkey	39.9575	26.2389	CalPal; Korfmann 1993	Global Repositories	Woody Plants (Charcoal)	Tree/Shrub	Chronometric Only
present datasets	25.04.2025		Hd-15715	4784	99		Hisarlik (Troy)	settlement	phase Proto-IV.4-5, D8, 645			wood (twigs)		Çanakkale	Turkey	39.9575	26.2389	CalPal	Global Repositories	Woody Plants (Charcoal)	Tree/Shrub	Chronometric Only
present datasets	25.04.2025		Hd-12119	4853	45		Hisarlik (Troy)	settlement	Depth 34.15 m;E4/5.44			charcoal		Çanakkale	Turkey	39.9575	26.2389	CalPal	Global Repositories	Woody Plants (Charcoal)	Tree/Shrub	Chronometric Only
present datasets	25.04.2025		Hd-12065	4870	69		Hisarlik (Troy)	settlement	Troia 0;D5.226			charcoal		Çanakkale	Turkey	39.9575	26.2389	CalPal	Global Repositories	Woody Plants (Charcoal)	Tree/Shrub	Chronometric Only
present datasets	25.04.2025		Bln-4609	7637	43		Hoca Çeşme	settlement	phase IV, 18N 1.2.3, 1.80 m 2/d			charcoal		Edirne	Turkey	40.7061	26.1336	Thissen 2002; Brami and Zanotti 2015; Reingruber and Thissen 2016; Flohr et al. 2016; TAY Project	Global Repositories	Woody Plants (Charcoal)	Tree/Shrub	Chronometric Only
present datasets	25.04.2025		GrN-19311	6960	65		Hoca Çeşme	settlement	phase II-III, 17N.2.4, 0.95m, below stone pavement			charcoal		Edirne	Turkey	40.7061	26.1336	Özdoğan 1993; Thissen 2002; Brami and Zanotti 2015; Reingruber and Thissen 2016; Flohr et al. 2016; TAY Project	Global Repositories	Woody Plants (Charcoal)	Tree/Shrub	Chronometric Only
present datasets	25.04.2025		GrN-19356	6520	110		Hoca Çeşme	settlement	phase II, 16N.8.40, 1.21 m, 1d			charcoal		Edirne	Turkey	40.7061	26.1336	Özdoğan 1993; Thissen 2002; Brami and Zanotti 2015; Reingruber and Thissen 2016; Flohr et al. 2016; TAY Project	Global Repositories	Woody Plants (Charcoal)	Tree/Shrub	Chronometric Only
present datasets	25.04.2025		GrN-19779	7360	35		Hoca Çeşme	settlement	phase IV, 16M 12.42.33, 4/b; pit just on bedrock			charcoal		Edirne	Turkey	40.7061	26.1336	Özdoğan 1993; Thissen 2002; Brami and Zanotti 2015; Reingruber and Thissen 2016; Flohr et al. 2016; TAY Project	Global Repositories	Woody Plants (Charcoal)	Tree/Shrub	Chronometric Only
present datasets	25.04.2025		GrN-19780	6920	90		Hoca Çeşme	settlement	phase II, 16M 9.29.17, 3/a			charcoal		Edirne	Turkey	40.7061	26.1336	Brami and Zanotti 2015; Reingruber and Thissen 2016; Flohr et al. 2016	Global Repositories	Woody Plants (Charcoal)	Tree/Shrub	Chronometric Only
present datasets	25.04.2025		GrN-19781	6900	110		Hoca Çeşme	settlement	phase II, 16M 7.27, 5/a			charcoal		Edirne	Turkey	40.7061	26.1336	Thissen 2002; Brami and Zanotti 2015; Reingruber and Thissen 2016; Flohr et al. 2016; TAY Project	Global Repositories	Woody Plants (Charcoal)	Tree/Shrub	Chronometric Only
present datasets	25.04.2025		GrN-19782	6890	60		Hoca Çeşme	settlement	phase II, 16M 11.35.26, 1-5/a-c			charcoal		Edirne	Turkey	40.7061	26.1336	Thissen 2002; Brami and Zanotti 2015; Reingruber and Thissen 2016; Flohr et al. 2016; TAY Project	Global Repositories	Woody Plants (Charcoal)	Tree/Shrub	Chronometric Only
present datasets	25.04.2025		Hd-16724-17186	7239	29		Hoca Çeşme	settlement	phase III, 16M 11.68, 1.95 m; pit on bedrock			charcoal		Edirne	Turkey	40.7061	26.1336	Brami and Zanotti 2015; CalPal; Flohr et al. 2016; TAY Project; Reingruber and Thissen 2016	Global Repositories	Woody Plants (Charcoal)	Tree/Shrub	Chronometric Only
present datasets	25.04.2025		Hd-16725-119145	7496	69		Hoca Çeşme	settlement	phase IV, 17M 5.18.8b 4/a, 1.71 m			charcoal		Edirne	Turkey	40.7061	26.1336	Brami and Zanotti 2015; Reingruber and Thissen 2016; Flohr et al. 2016; TAY Project	Global Repositories	Woody Plants (Charcoal)	Tree/Shrub	Chronometric Only
present datasets	25.04.2025		Hd-16726-17084	7005	33		Hoca Çeşme	settlement	phase III, 15N 7.43.101 4/b, 1.65 m			charcoal		Edirne	Turkey	40.7061	26.1336	Brami and Zanotti 2015; CalPal; Flohr et al. 2016; TAY Project; Reingruber and Thissen 2016	Global Repositories	Woody Plants (Charcoal)	Tree/Shrub	Chronometric Only
present datasets	25.04.2025		Hd-16727-17038	7028	50		Hoca Çeşme	settlement	phase III, 15M 2.9.17 4/c, 0.80			charcoal		Edirne	Turkey	40.7061	26.1336	Brami and Zanotti 2015; CalPal; Flohr et al. 2016; TAY Project; Reingruber and Thissen 2016	Global Repositories	Woody Plants (Charcoal)	Tree/Shrub	Chronometric Only
present datasets	25.04.2025		DEM-256	7480	34	-22.76	Höyücek Höyük	settlement	1990 II 3			charcoal		Burdur	Turkey	37.4565	30.5899	Φακορέλλης 1996. PhD Thesis	Global Repositories	Woody Plants (Charcoal)	Tree/Shrub	Chronometric Only
present datasets	25.04.2025		DEM-302	7478	44	-22.76	Höyücek Höyük	settlement	1990 II 3			charcoal		Burdur	Turkey	37.4565	30.5899	Φακορέλλης 1996. PhD Thesis	Global Repositories	Woody Plants (Charcoal)	Tree/Shrub	Chronometric Only
present datasets	25.04.2025		Hd-14217-13822	7349	38		Höyücek Höyük	settlement	Temple Phase; post; Shrine phase, last architectural level			charcoal		Burdur	Turkey	37.4565	30.5899	Thissen 2002; Duru and Umurtak 2005; CalPal; Brami and Zanotti 2015; Flohr et al. 2016	Global Repositories	Woody Plants (Charcoal)	Tree/Shrub	Chronometric Only
present datasets	25.04.2025		Hd-14218-14002	7551	46		Höyücek Höyük	settlement	Temple Phase; post; Shrine phase, last architectural level			charcoal		Burdur	Turkey	37.4565	30.5899	Thissen 2002; Duru and Umurtak 2005; CalPal; Brami and Zanotti 2015; Flohr et al. 2016	Global Repositories	Woody Plants (Charcoal)	Tree/Shrub	Chronometric Only
present datasets	25.04.2025		Hd-14219-14007	7556	45		Höyücek Höyük	settlement	Temple Phase; post; Shrine phase, last architectural level			charcoal		Burdur	Turkey	37.4565	30.5899	Thissen 2002; Duru and Umurtak 2005; CalPal; Brami and Zanotti 2015; Flohr et al. 2016	Global Repositories	Woody Plants (Charcoal)	Tree/Shrub	Chronometric Only
present datasets	25.04.2025		Utc-3793	7393	38		Höyücek Höyük	settlement	Phase ESP 2, Early Settlements Phase			bone	animal	Burdur	Turkey	37.4565	30.5899	Reingruber and Thissen 2016	Global Repositories	Bone/Teeth (Human/Animal)	Animal	Chronometric Only
present datasets	25.04.2025		Bln-2525	4630	50		İkiztepe	settlement	Ikiztepe I/II					Samsun	Turkey	41.6144	35.871	Özbakan 1985; Erdoğu 2003; TAY Project; CalPal; Flohr et al. 2016	Global Repositories	Indeterminate/Other	Indeterminate	Chronometric Only
present datasets	25.04.2025		Bln-2526	5470	60		İkiztepe	settlement	Ikiztepe I/II; I/II			wood		Samsun	Turkey	41.6144	35.871	Özbakan 1985; Erdoğu 2003; TAY Project; CalPal; Flohr et al. 2016	Global Repositories	Woody Plants (Charcoal)	Tree/Shrub	Chronometric Only
present datasets	25.04.2025		Bln-2526a	5420	70		İkiztepe	settlement	Phase IIB (Phase 4)			wood		Samsun	Turkey	41.6144	35.871	Alkım 1983; Reingruber and Thissen 2016	Global Repositories	Woody Plants (Charcoal)	Tree/Shrub	Chronometric Only
present datasets	25.04.2025		HUR-100	5485	119		İkiztepe	settlement	Ikiztepe I/I (4); I/I (4)					Samsun	Turkey	41.6144	35.871	Erdoğu 2003; TAY Project; Flohr et al. 2016	Global Repositories	Indeterminate/Other	Indeterminate	Chronometric Only
present datasets	25.04.2025		HUR-101	8558	139		İkiztepe	settlement	Ikiztepe I/I (5); I/I (5)					Samsun	Turkey	41.6144	35.871	Erdoğu 2003; TAY Project; Flohr et al. 2016	Global Repositories	Indeterminate/Other	Indeterminate	Chronometric Only
present datasets	25.04.2025		HUR-103	4540	130		İkiztepe	settlement	Ikiztepe I/I (6)					Samsun	Turkey	41.6144	35.871	TAY Project	Global Repositories	Indeterminate/Other	Indeterminate	Chronometric Only
present datasets	25.04.2025		HUR-105	4575	149		İkiztepe	settlement	Ikiztepe I/I (2)					Samsun	Turkey	41.6144	35.871	TAY Project	Global Repositories	Indeterminate/Other	Indeterminate	Chronometric Only
present datasets	25.04.2025		HUR-51	3498	72		İkiztepe	settlement	Ikiztepe I/I (3b)					Samsun	Turkey	41.6144	35.871	TAY Project	Global Repositories	Indeterminate/Other	Indeterminate	Chronometric Only
present datasets	25.04.2025		HUR-52A	2997	75		İkiztepe	settlement	Ikiztepe I/I (4)					Samsun	Turkey	41.6144	35.871	TAY Project	Global Repositories	Indeterminate/Other	Indeterminate	Chronometric Only
present datasets	25.04.2025		HUR-52B	3153	93		İkiztepe	settlement	Ikiztepe I/I (4)					Samsun	Turkey	41.6144	35.871	TAY Project	Global Repositories	Indeterminate/Other	Indeterminate	Chronometric Only
present datasets	25.04.2025		HUR-53	4437	83		İkiztepe	settlement	Ikiztepe I/II			wood (twigs)		Samsun	Turkey	41.6144	35.871	Ergin and Güler 1985; CalPal; TAY Project; Reingruber and Thissen 2016	Global Repositories	Woody Plants (Charcoal)	Tree/Shrub	Chronometric Only
present datasets	25.04.2025		HUR-54	4270	93		İkiztepe	settlement	Ikiztepe II/II (?)			grain	Cerealia	Samsun	Turkey	41.6144	35.871	Ergin and Güler 1985; CalPal; TAY Project; Reingruber and Thissen 2016	Global Repositories	Short-lived Plants	Cereal/Pulse/Seed	Chronometric Only
present datasets	25.04.2025		HUR-55	4480	130		İkiztepe	settlement	Ikiztepe II/III			charcoal		Samsun	Turkey	41.6144	35.871	Ergin and Güler 1985; CalPal; TAY Project; Reingruber and Thissen 2016	Global Repositories	Woody Plants (Charcoal)	Tree/Shrub	Chronometric Only
present datasets	25.04.2025		HUR-56	5454	93		İkiztepe	settlement	Ikiztepe II/III; II/III			wood		Samsun	Turkey	41.6144	35.871	Özbakan 1988; Erdoğu 2003;CalPal; TAY Project; Reingruber and Thissen 2016; Flor et al. 2016	Global Repositories	Woody Plants (Charcoal)	Tree/Shrub	Chronometric Only
present datasets	25.04.2025		HUR-97	7613	95		İkiztepe	settlement	Ikiztepe I/I (5); I/I (5)					Samsun	Turkey	41.6144	35.871	Erdoğu 2003; TAY Project; Flohr et al. 2016	Global Repositories	Indeterminate/Other	Indeterminate	Chronometric Only
present datasets	25.04.2025		HUR-98	6045	106		İkiztepe	settlement	Ikiztepe I/I (5); I/I (5)					Samsun	Turkey	41.6144	35.871	Erdoğu 2003; TAY Project; Flohr et al. 2016	Global Repositories	Indeterminate/Other	Indeterminate	Chronometric Only
present datasets	25.04.2025		HUR-99	6730	124		İkiztepe	settlement	Ikiztepe I/II; I/II					Samsun	Turkey	41.6144	35.871	Özbakan 1988; Erdoğu 2003;CalPal; TAY Project; Reingruber and Thissen 2016; Flor et al. 2016	Global Repositories	Indeterminate/Other	Indeterminate	Chronometric Only
present datasets	25.04.2025		METU-7	4270	100		İkiztepe	settlement				grain (charred)	Cerealia	Samsun	Turkey	41.6144	35.871	Özbakan 1988	Global Repositories	Short-lived Plants	Cereal/Pulse/Seed	Chronometric Only
present datasets	25.04.2025		METU-8	5550	120		İkiztepe	settlement	Phase II/3, Locus b.116, D-11/II-19			charcoal		Samsun	Turkey	41.6144	35.871	Özbakan 1985; Reingruber and Thissen 2016	Global Repositories	Woody Plants (Charcoal)	Tree/Shrub	Chronometric Only
present datasets	25.04.2025		METU-9	4030	100		İkiztepe	settlement	Phase II/6, Locus b. 506, D-13/II-1			charcoal/grain (charred)		Samsun	Turkey	41.6144	35.871	Özbakan 1985; Reingruber and Thissen 2016	Global Repositories	Short-lived Plants	Cereal/Pulse/Seed	Chronometric Only
present datasets	25.04.2025		ODTÜ-15	4267	104		İkiztepe	settlement	Ikiztepe I/II					Samsun	Turkey	41.6144	35.871	TAY Project	Global Repositories	Indeterminate/Other	Indeterminate	Chronometric Only
present datasets	25.04.2025		ODTÜ-18	5552	120		İkiztepe	settlement	Phase: II/III; II/III			charcoal		Samsun	Turkey	41.6144	35.871	Özbakan 1985; Erdoğu 2003; TAY Project; CalPal; Flohr et al. 2016	Global Repositories	Woody Plants (Charcoal)	Tree/Shrub	Chronometric Only
present datasets	25.04.2025		ODTÜ-22	4028	95		İkiztepe	settlement	Phase: II/III			charcoal		Samsun	Turkey	41.6144	35.871	CalPal	Global Repositories	Woody Plants (Charcoal)	Tree/Shrub	Chronometric Only
present datasets	25.04.2025		GrN-17049	4850	60		Ilıpınar	settlement	Phase IV (LCh), W12-075+126 burial			bone	human	Bursa	Turkey	40.4683	29.3091	Clare and Weninger 2014; Brami 2014; Brami and Zanotti 2015; CalPal; Reingruber and Thissen 2016; Flohr et al. 2016	Global Repositories	Bone/Teeth (Human/Animal)	Human	Chronometric Only
present datasets	25.04.2025		GrN-16151	5060	110		Ilıpınar	settlement	V13-093;area 1, from Late Chalcolithic burial; phase IV (LCh)			bone	human	Bursa	Turkey	40.4683	29.3091	Erdoğu 2003; Clare and Weninger 2014; Brami 2014; Brami and Zanotti 2015; CalPal; Reingruber and Thissen 2016; Flohr et al. 2016	Global Repositories	Bone/Teeth (Human/Animal)	Human	Chronometric Only
present datasets	25.04.2025		GrN-16146	5320	80		Ilıpınar	settlement	phase VIII, square AA13, unfittable in context			charcoal		Bursa	Turkey	40.4683	29.3091	Roodenberg and Schier 2001; Erdoğu 2003; Brami and Zanotti 2015; CalPal; Reingruber and Thissen 2016; Flohr et al. 2016	Global Repositories	Woody Plants (Charcoal)	Tree/Shrub	Chronometric Only
present datasets	25.04.2025		GrN-15084	6440	50		Ilıpınar	settlement	phase X, contamination from Phase Vb disturbance			charcoal		Bursa	Turkey	40.4683	29.3091	Roodenberg and Schier 2001; Erdoğu 2003; Brami and Zanotti 2015; CalPal; Reingruber and Thissen 2016; Flohr et al. 2016	Global Repositories	Woody Plants (Charcoal)	Tree/Shrub	Chronometric Only
present datasets	25.04.2025		GrN-14792	6445	45		Ilıpınar	settlement	Big square			wood (calcified)		Bursa	Turkey	40.4683	29.3091	Roodenberg and Schier 2001; Erdoğu 2003; Flohr et al. 2016	Global Repositories	Woody Plants (Charcoal)	Tree/Shrub	Chronometric Only
present datasets	25.04.2025		GrN-24458	6545	45		Ilıpınar	settlement	phase VB, square LM8/9, area 3, pot 25			grain (charred)	Cerealia	Bursa	Turkey	40.4683	29.3091	Roodenberg and Schier 2001; Erdoğu 2003; Brami and Zanotti 2015; CalPal; Reingruber and Thissen 2016; Flohr et al. 2016	Global Repositories	Short-lived Plants	Cereal/Pulse/Seed	Chronometric Only
present datasets	25.04.2025		GrN-18481	6570	65		Ilıpınar	settlement	S13-176;area 9, occupation debris from middle phase VA building Level; phase VA			charcoal		Bursa	Turkey	40.4683	29.3091	Roodenberg and Schier 2001; Erdoğu 2003; Brami and Zanotti 2015; CalPal; Reingruber and Thissen 2016; Flohr et al. 2016	Global Repositories	Woody Plants (Charcoal)	Tree/Shrub	Chronometric Only
present datasets	25.04.2025		GrN-24460	6580	30		Ilıpınar	settlement	phase VB, square LM8/9, area 3, dwelling context			charcoal		Bursa	Turkey	40.4683	29.3091	Roodenberg and Schier 2001; Erdoğu 2003; Brami and Zanotti 2015; CalPal; Reingruber and Thissen 2016; Flohr et al. 2016	Global Repositories	Woody Plants (Charcoal)	Tree/Shrub	Chronometric Only
present datasets	25.04.2025		GrN-22784	6585	25		Ilıpınar	settlement	phase VB, square M9, area 6, floor, near hearth; West flank			fruitstone (charred)	Ficus	Bursa	Turkey	40.4683	29.3091	Roodenberg and Schier 2001; Erdoğu 2003; Brami and Zanotti 2015; CalPal; Reingruber and Thissen 2016; Flohr et al. 2016	Global Repositories	Short-lived Plants	Cereal/Pulse/Seed	Chronometric Only
present datasets	25.04.2025		GrN-22783	6595	25		Ilıpınar	settlement	phase VB, square M9, area 6, floor, near hearth; West flank			grain (charred)	Cerealia	Bursa	Turkey	40.4683	29.3091	Roodenberg and Schier 2001; Erdoğu 2003; Brami and Zanotti 2015; CalPal; Reingruber and Thissen 2016; Flohr et al. 2016	Global Repositories	Short-lived Plants	Cereal/Pulse/Seed	Chronometric Only
present datasets	25.04.2025		GrN-24459	6600	40		Ilıpınar	settlement	phase VB, square LM8/9, area 3, pile of grains on floor			grain (charred)	Cerealia	Bursa	Turkey	40.4683	29.3091	Roodenberg and Schier 2001; Erdoğu 2003; Brami and Zanotti 2015; CalPal; Reingruber and Thissen 2016; Flohr et al. 2016	Global Repositories	Short-lived Plants	Cereal/Pulse/Seed	Chronometric Only
present datasets	25.04.2025		GrN-22782	6605	25		Ilıpınar	settlement	phase VB, square M9, area 5, pot 7; West flank			grain (charred)	Cerealia	Bursa	Turkey	40.4683	29.3091	Roodenberg and Schier 2001; Erdoğu 2003; Brami and Zanotti 2015; CalPal; Reingruber and Thissen 2016; Flohr et al. 2016	Global Repositories	Short-lived Plants	Cereal/Pulse/Seed	Chronometric Only
present datasets	25.04.2025		GrN-21213	6610	45		Ilıpınar	settlement	O9-061;area 4, from courtyard; phase VA			charcoal		Bursa	Turkey	40.4683	29.3091	Roodenberg and Schier 2001; Erdoğu 2003; Brami and Zanotti 2015; CalPal; Reingruber and Thissen 2016; Flohr et al. 2016	Global Repositories	Woody Plants (Charcoal)	Tree/Shrub	Chronometric Only
present datasets	25.04.2025		GrN-22042	6610	30		Ilıpınar	settlement	M9-012;area 2, below oven NA in east-west Trench; phase VB			charcoal		Bursa	Turkey	40.4683	29.3091	Roodenberg and Schier 2001; Erdoğu 2003; Brami and Zanotti 2015; CalPal; Reingruber and Thissen 2016; Flohr et al. 2016	Global Repositories	Woody Plants (Charcoal)	Tree/Shrub	Chronometric Only
present datasets	25.04.2025		GrN-22045	6610	50		Ilıpınar	settlement	N10-004;area 2, erosion layer on slope; phase VB, square N10, area 2, erosion layer			charcoal		Bursa	Turkey	40.4683	29.3091	Roodenberg and Schier 2001; Erdoğu 2003; Brami and Zanotti 2015; CalPal; Reingruber and Thissen 2016; Flohr et al. 2016	Global Repositories	Woody Plants (Charcoal)	Tree/Shrub	Chronometric Only
present datasets	25.04.2025		GrN-24610	6630	30		Ilıpınar	settlement	LM8/9-097;area 13, from pot 57 on floor of building no 1; phase VB			grain (charred)	Cerealia	Bursa	Turkey	40.4683	29.3091	Roodenberg and Schier 2001; Erdoğu 2003; Brami and Zanotti 2015; CalPal; Reingruber and Thissen 2016; Flohr et al. 2016	Global Repositories	Short-lived Plants	Cereal/Pulse/Seed	Chronometric Only
present datasets	25.04.2025		GrN-21214	6650	40		Ilıpınar	settlement	O9-076;area 7, from floor of upper building; phase VA			charcoal		Bursa	Turkey	40.4683	29.3091	Roodenberg and Schier 2001; Erdoğu 2003; Brami and Zanotti 2015; CalPal; Reingruber and Thissen 2016; Flohr et al. 2016	Global Repositories	Woody Plants (Charcoal)	Tree/Shrub	Chronometric Only
present datasets	25.04.2025		GrN-22044	6670	40		Ilıpınar	settlement	N9-068;area 12, erosion layer on west; phase VA			charcoal		Bursa	Turkey	40.4683	29.3091	Roodenberg and Schier 2001; Erdoğu 2003; Brami and Zanotti 2015; CalPal; Reingruber and Thissen 2016; Flohr et al. 2016	Global Repositories	Woody Plants (Charcoal)	Tree/Shrub	Chronometric Only
present datasets	25.04.2025		GrN-24612	6670	50		Ilıpınar	settlement	phase VA, square N12, area 2, erosion layer			charcoal		Bursa	Turkey	40.4683	29.3091	Roodenberg and Schier 2001; Erdoğu 2003; Brami and Zanotti 2015; CalPal; Reingruber and Thissen 2016; Flohr et al. 2016	Global Repositories	Woody Plants (Charcoal)	Tree/Shrub	Chronometric Only
present datasets	25.04.2025		GrN-22041	6720	30		Ilıpınar	settlement	M9-010;area 3 (east-west Trench), erosion layer on west slope; phase VA			charcoal		Bursa	Turkey	40.4683	29.3091	Roodenberg and Schier 2001; Erdoğu 2003; Brami and Zanotti 2015; CalPal; Reingruber and Thissen 2016; Flohr et al. 2016	Global Repositories	Woody Plants (Charcoal)	Tree/Shrub	Chronometric Only
present datasets	25.04.2025		GrN-17053	6750	65		Ilıpınar	settlement	X13-140;fill inside house H3 slightly posterior to occupation; phase VIII			charcoal		Bursa	Turkey	40.4683	29.3091	Roodenberg and Schier 2001; Erdoğu 2003; Brami and Zanotti 2015; CalPal; Reingruber and Thissen 2016; Flohr et al. 2016	Global Repositories	Woody Plants (Charcoal)	Tree/Shrub	Chronometric Only
present datasets	25.04.2025		GrN-24611	6760	50		Ilıpınar	settlement	phase VB, square LM8/9, area 15, floor; Phase VB			charcoal		Bursa	Turkey	40.4683	29.3091	Roodenberg and Schier 2001; Erdoğu 2003; Brami and Zanotti 2015; CalPal; Reingruber and Thissen 2016; Flohr et al. 2016	Global Repositories	Woody Plants (Charcoal)	Tree/Shrub	Chronometric Only
present datasets	25.04.2025		GrN-18483	6765	60		Ilıpınar	settlement	Square X12, area 65, destruction layer; phase VIII			charcoal		Bursa	Turkey	40.4683	29.3091	Roodenberg and Schier 2001; Erdoğu 2003; Brami and Zanotti 2015; CalPal; Reingruber and Thissen 2016; Flohr et al. 2016	Global Repositories	Woody Plants (Charcoal)	Tree/Shrub	Chronometric Only
present datasets	25.04.2025		GrN-18480	6770	70		Ilıpınar	settlement	S13-169+179;area 9, occupation debris from middle building Level; phase VA			charcoal		Bursa	Turkey	40.4683	29.3091	Roodenberg and Schier 2001; Erdoğu 2003; Brami and Zanotti 2015; CalPal; Reingruber and Thissen 2016; Flohr et al. 2016	Global Repositories	Woody Plants (Charcoal)	Tree/Shrub	Chronometric Only
present datasets	25.04.2025		GrN-18484	6775	60		Ilıpınar	settlement	WX12/13-656;area 52, W12 disturbance; phase VI			charcoal		Bursa	Turkey	40.4683	29.3091	Roodenberg and Schier 2001; Erdoğu 2003; Brami and Zanotti 2015; CalPal; Reingruber and Thissen 2016; Flohr et al. 2016	Global Repositories	Woody Plants (Charcoal)	Tree/Shrub	Chronometric Only
present datasets	25.04.2025		GrN-19348	6785	50		Ilıpınar	settlement	P9-102;area 5, near oven ME in courtyard near building front; phase VI			charcoal		Bursa	Turkey	40.4683	29.3091	Roodenberg and Schier 2001; Erdoğu 2003; Brami and Zanotti 2015; CalPal; Reingruber and Thissen 2016; Flohr et al. 2016	Global Repositories	Woody Plants (Charcoal)	Tree/Shrub	Chronometric Only
present datasets	25.04.2025		GrN-19349	6785	100		Ilıpınar	settlement	S13-280;area 14, occupation debris from oldest phase VA building Level			charcoal		Bursa	Turkey	40.4683	29.3091	Roodenberg and Schier 2001; Erdoğu 2003; Brami and Zanotti 2015; CalPal; Reingruber and Thissen 2016; Flohr et al. 2016	Global Repositories	Woody Plants (Charcoal)	Tree/Shrub	Chronometric Only
present datasets	25.04.2025		GrN-16145	6800	90		Ilıpınar	settlement	AA13-138;area 6, courtyard; phase VIII, same courtyard as GrN-16145			charcoal		Bursa	Turkey	40.4683	29.3091	Roodenberg and Schier 2001; Erdoğu 2003; Brami and Zanotti 2015; CalPal; Reingruber and Thissen 2016; Flohr et al. 2016	Global Repositories	Woody Plants (Charcoal)	Tree/Shrub	Chronometric Only
present datasets	25.04.2025		GrN-22043	6830	50		Ilıpınar	settlement	N09-050;area 12, erosion layer on slope; phase VB			charcoal		Bursa	Turkey	40.4683	29.3091	Roodenberg and Schier 2001; Erdoğu 2003; Brami and Zanotti 2015; CalPal; Reingruber and Thissen 2016; Flohr et al. 2016	Global Repositories	Woody Plants (Charcoal)	Tree/Shrub	Chronometric Only
present datasets	25.04.2025		GrN-22785	6840	50		Ilıpınar	settlement	phase VI, square NO9, area 16, destruction layer house; Phase VI			charcoal		Bursa	Turkey	40.4683	29.3091	Roodenberg and Schier 2001; Erdoğu 2003; Brami and Zanotti 2015; CalPal; Reingruber and Thissen 2016; Flohr et al. 2016	Global Repositories	Woody Plants (Charcoal)	Tree/Shrub	Chronometric Only
present datasets	25.04.2025		GrN-21215	6860	70		Ilıpınar	settlement	W12/13-1076;area 89, W12, directly below floor of burnt house; phase X			charcoal		Bursa	Turkey	40.4683	29.3091	Roodenberg and Schier 2001; Erdoğu 2003; Brami and Zanotti 2015; CalPal; Reingruber and Thissen 2016; Flohr et al. 2016	Global Repositories	Woody Plants (Charcoal)	Tree/Shrub	Chronometric Only
present datasets	25.04.2025		GrN-19353	6880	30		Ilıpınar	settlement	X13-755;area 74, courtyard to H7/6; phase VIII			charcoal		Bursa	Turkey	40.4683	29.3091	Roodenberg and Schier 2001; Erdoğu 2003; Brami and Zanotti 2015; CalPal; Reingruber and Thissen 2016; Flohr et al. 2016	Global Repositories	Woody Plants (Charcoal)	Tree/Shrub	Chronometric Only
present datasets	25.04.2025		GrN-19350	6885	50		Ilıpınar	settlement	S13-329;area 19, destruction layer from bottom Level of phase VI			charcoal		Bursa	Turkey	40.4683	29.3091	Roodenberg and Schier 2001; Erdoğu 2003; Brami and Zanotti 2015; CalPal; Reingruber and Thissen 2016; Flohr et al. 2016	Global Repositories	Woody Plants (Charcoal)	Tree/Shrub	Chronometric Only
present datasets	25.04.2025		GrN-16149	6890	90		Ilıpınar	settlement	X12-069;area 1, ash spots on trodden surface; phase VII			charcoal		Bursa	Turkey	40.4683	29.3091	Roodenberg and Schier 2001; Erdoğu 2003; Brami and Zanotti 2015; CalPal; Reingruber and Thissen 2016; Flohr et al. 2016	Global Repositories	Woody Plants (Charcoal)	Tree/Shrub	Chronometric Only
present datasets	25.04.2025		GrN-22786	6890	50		Ilıpınar	settlement	phase IX, square P9, area 10, ash lense			charcoal		Bursa	Turkey	40.4683	29.3091	Roodenberg and Schier 2001; Erdoğu 2003; Brami and Zanotti 2015; CalPal; Reingruber and Thissen 2016; Flohr et al. 2016	Global Repositories	Woody Plants (Charcoal)	Tree/Shrub	Chronometric Only
present datasets	25.04.2025		GrN-19791	6900	50		Ilıpınar	settlement	S13-478;area 30, from ashpit on surface; top Level of phase VII			charcoal		Bursa	Turkey	40.4683	29.3091	Roodenberg and Schier 2001; Erdoğu 2003; Brami and Zanotti 2015; CalPal; Reingruber and Thissen 2016; Flohr et al. 2016	Global Repositories	Woody Plants (Charcoal)	Tree/Shrub	Chronometric Only
present datasets	25.04.2025		GrN-15080	6910	110		Ilıpınar	settlement	Section-059;area 3, from pit; phase IX			charcoal		Bursa	Turkey	40.4683	29.3091	Roodenberg and Schier 2001; Erdoğu 2003; Brami and Zanotti 2015; CalPal; Reingruber and Thissen 2016; Flohr et al. 2016	Global Repositories	Woody Plants (Charcoal)	Tree/Shrub	Chronometric Only
present datasets	25.04.2025		GrN-15078	6920	70		Ilıpınar	settlement	Section-038;area 3, from pit; phase IX			charcoal		Bursa	Turkey	40.4683	29.3091	Roodenberg and Schier 2001; Erdoğu 2003; Brami and Zanotti 2015; CalPal; Reingruber and Thissen 2016; Flohr et al. 2016	Global Repositories	Woody Plants (Charcoal)	Tree/Shrub	Chronometric Only
present datasets	25.04.2025		GrN-17047	6925	70		Ilıpınar	settlement	S9-074;from trodden surface below burnt rubble layer; phase X			charcoal		Bursa	Turkey	40.4683	29.3091	Roodenberg and Schier 2001; Erdoğu 2003; Brami and Zanotti 2015; CalPal; Reingruber and Thissen 2016; Flohr et al. 2016	Global Repositories	Woody Plants (Charcoal)	Tree/Shrub	Chronometric Only
present datasets	25.04.2025		GrN-16144	6935	35		Ilıpınar	settlement	AA13-133;area 6, courtyard; phase VIII			charcoal		Bursa	Turkey	40.4683	29.3091	Roodenberg and Schier 2001; Erdoğu 2003; Brami and Zanotti 2015; CalPal; Reingruber and Thissen 2016; Flohr et al. 2016	Global Repositories	Woody Plants (Charcoal)	Tree/Shrub	Chronometric Only
present datasets	25.04.2025		GrN-24616	6940	60		Ilıpınar	settlement	phase X, square X13, area 99, ditch fill			charcoal		Bursa	Turkey	40.4683	29.3091	Roodenberg and Schier 2001; Erdoğu 2003; Brami and Zanotti 2015; CalPal; Reingruber and Thissen 2016; Flohr et al. 2016	Global Repositories	Woody Plants (Charcoal)	Tree/Shrub	Chronometric Only
present datasets	25.04.2025		GrN-17056	6950	45		Ilıpınar	settlement	X13-289;area 11, destruction layer H7/6?; phase VIII			charcoal		Bursa	Turkey	40.4683	29.3091	Roodenberg and Schier 2001; Erdoğu 2003; Brami and Zanotti 2015; CalPal; Reingruber and Thissen 2016; Flohr et al. 2016	Global Repositories	Woody Plants (Charcoal)	Tree/Shrub	Chronometric Only
present datasets	25.04.2025		GrN-17051	6960	45		Ilıpınar	settlement	W13-214;area 1, destruction layer of oldest building in X13; phase IX			charcoal		Bursa	Turkey	40.4683	29.3091	Roodenberg and Schier 2001; Erdoğu 2003; Brami and Zanotti 2015; CalPal; Reingruber and Thissen 2016; Flohr et al. 2016	Global Repositories	Woody Plants (Charcoal)	Tree/Shrub	Chronometric Only
present datasets	25.04.2025		GrN-15088	6970	110		Ilıpınar	settlement	Section-035;area 3, from pit; phase IX			charcoal		Bursa	Turkey	40.4683	29.3091	Roodenberg and Schier 2001; Erdoğu 2003; Brami and Zanotti 2015; CalPal; Reingruber and Thissen 2016; Flohr et al. 2016	Global Repositories	Woody Plants (Charcoal)	Tree/Shrub	Chronometric Only
present datasets	25.04.2025		GrN-17055	6980	45		Ilıpınar	settlement	X13-285;area 20, destruction layer H7/6?; phase VIII			charcoal		Bursa	Turkey	40.4683	29.3091	Roodenberg and Schier 2001; Erdoğu 2003; Brami and Zanotti 2015; CalPal; Reingruber and Thissen 2016; Flohr et al. 2016	Global Repositories	Woody Plants (Charcoal)	Tree/Shrub	Chronometric Only
present datasets	25.04.2025		GrN-17054	6990	30		Ilıpınar	settlement	X13-235;area 13, destruction layer H5/4a; phase VIII			charcoal		Bursa	Turkey	40.4683	29.3091	Roodenberg and Schier 2001; Erdoğu 2003; Brami and Zanotti 2015; CalPal; Reingruber and Thissen 2016; Flohr et al. 2016	Global Repositories	Woody Plants (Charcoal)	Tree/Shrub	Chronometric Only
present datasets	25.04.2025		GrN-22788	6990	35		Ilıpınar	settlement	phase X, square W12, area 107, courtyard			charcoal		Bursa	Turkey	40.4683	29.3091	Roodenberg and Schier 2001; Erdoğu 2003; Brami and Zanotti 2015; CalPal; Reingruber and Thissen 2016; Flohr et al. 2016	Global Repositories	Woody Plants (Charcoal)	Tree/Shrub	Chronometric Only
present datasets	25.04.2025		GrN-24614	6990	40		Ilıpınar	settlement	phase X, square W12, area 105, below housefloor			charcoal		Bursa	Turkey	40.4683	29.3091	Roodenberg and Schier 2001; Erdoğu 2003; Brami and Zanotti 2015; CalPal; Reingruber and Thissen 2016; Flohr et al. 2016	Global Repositories	Woody Plants (Charcoal)	Tree/Shrub	Chronometric Only
present datasets	25.04.2025		GrN-17052	6995	45		Ilıpınar	settlement	W13-226;area 3, destruction layer of oldest building in X13; phase IX			charcoal		Bursa	Turkey	40.4683	29.3091	Roodenberg and Schier 2001; Erdoğu 2003; Brami and Zanotti 2015; CalPal; Reingruber and Thissen 2016; Flohr et al. 2016	Global Repositories	Woody Plants (Charcoal)	Tree/Shrub	Chronometric Only
present datasets	25.04.2025		GrN-18478	6995	60		Ilıpınar	settlement	phase VA, square S13, area 9, courtyard			charcoal		Bursa	Turkey	40.4683	29.3091	Roodenberg and Schier 2001; Erdoğu 2003; Brami and Zanotti 2015; CalPal; Reingruber and Thissen 2016; Flohr et al. 2016	Global Repositories	Woody Plants (Charcoal)	Tree/Shrub	Chronometric Only
present datasets	25.04.2025		GrN-19794	7010	50		Ilıpınar	settlement	W12/13-955;area 89, W12, from floor of burnt house; phase X			grain (charred)	Cerealia	Bursa	Turkey	40.4683	29.3091	Roodenberg and Schier 2001; Erdoğu 2003; Brami and Zanotti 2015; CalPal; Reingruber and Thissen 2016; Flohr et al. 2016	Global Repositories	Short-lived Plants	Cereal/Pulse/Seed	Chronometric Only
present datasets	25.04.2025		GrN-24615	7010	40		Ilıpınar	settlement	phase X, square W12, area 106, below building level of 95H1			charcoal		Bursa	Turkey	40.4683	29.3091	Roodenberg and Schier 2001; Erdoğu 2003; Brami and Zanotti 2015; CalPal; Reingruber and Thissen 2016; Flohr et al. 2016	Global Repositories	Woody Plants (Charcoal)	Tree/Shrub	Chronometric Only
present datasets	25.04.2025		GrN-19792	7015	70		Ilıpınar	settlement	phase VII, square S13, area 33, ash spots in trodden surface			charcoal		Bursa	Turkey	40.4683	29.3091	Roodenberg and Schier 2001; Erdoğu 2003; Brami and Zanotti 2015; CalPal; Reingruber and Thissen 2016; Flohr et al. 2016	Global Repositories	Woody Plants (Charcoal)	Tree/Shrub	Chronometric Only
present datasets	25.04.2025		GrN-15077	7020	50		Ilıpınar	settlement	Section-027;area 3, from pit; phase IX			charcoal		Bursa	Turkey	40.4683	29.3091	Roodenberg and Schier 2001; Erdoğu 2003; Brami and Zanotti 2015; CalPal; Reingruber and Thissen 2016; Flohr et al. 2016	Global Repositories	Woody Plants (Charcoal)	Tree/Shrub	Chronometric Only
present datasets	25.04.2025		GrN-19793	7020	40		Ilıpınar	settlement	W12/13-934;area 81, W13, burnt rubble layer related to destruction of burnt house; phase X			charcoal		Bursa	Turkey	40.4683	29.3091	Roodenberg and Schier 2001; Erdoğu 2003; Brami and Zanotti 2015; CalPal; Reingruber and Thissen 2016; Flohr et al. 2016	Global Repositories	Woody Plants (Charcoal)	Tree/Shrub	Chronometric Only
present datasets	25.04.2025		GrN-17045	7025	30		Ilıpınar	settlement	S9-034;from burnt rubble layer; phase X			charcoal		Bursa	Turkey	40.4683	29.3091	Roodenberg and Schier 2001; Erdoğu 2003; Brami and Zanotti 2015; CalPal; Reingruber and Thissen 2016; Flohr et al. 2016	Global Repositories	Woody Plants (Charcoal)	Tree/Shrub	Chronometric Only
present datasets	25.04.2025		GrN-17048	7025	95		Ilıpınar	settlement	S9-094;from destruction layer of postwall house; phase X			charcoal		Bursa	Turkey	40.4683	29.3091	Roodenberg and Schier 2001; Erdoğu 2003; Brami and Zanotti 2015; CalPal; Reingruber and Thissen 2016; Flohr et al. 2016	Global Repositories	Woody Plants (Charcoal)	Tree/Shrub	Chronometric Only
present datasets	25.04.2025		GrN-24613	7060	60		Ilıpınar	settlement	phase X, square W12, area 106, trodden surface			charcoal		Bursa	Turkey	40.4683	29.3091	Roodenberg and Schier 2001; Erdoğu 2003; Brami and Zanotti 2015; CalPal; Reingruber and Thissen 2016; Flohr et al. 2016	Global Repositories	Woody Plants (Charcoal)	Tree/Shrub	Chronometric Only
present datasets	25.04.2025		GrN-19352	7065	35		Ilıpınar	settlement	W12/13-802;area 78, W12, from top destruction layer burnt house; phase X			charcoal		Bursa	Turkey	40.4683	29.3091	Roodenberg and Schier 2001; Erdoğu 2003; Brami and Zanotti 2015; CalPal; Reingruber and Thissen 2016; Flohr et al. 2016	Global Repositories	Woody Plants (Charcoal)	Tree/Shrub	Chronometric Only
present datasets	25.04.2025		GrN-15087	7070	50		Ilıpınar	settlement	Section-183;from floor below burnt rubble layer; phase X			charcoal		Bursa	Turkey	40.4683	29.3091	Roodenberg and Schier 2001; Erdoğu 2003; Brami and Zanotti 2015; CalPal; Reingruber and Thissen 2016; Flohr et al. 2016	Global Repositories	Woody Plants (Charcoal)	Tree/Shrub	Chronometric Only
present datasets	25.04.2025		GrN-22787	7080	50		Ilıpınar	settlement	phase X, square W12, area 105, floor			charcoal		Bursa	Turkey	40.4683	29.3091	Roodenberg and Schier 2001; Erdoğu 2003; Brami and Zanotti 2015; CalPal; Reingruber and Thissen 2016; Flohr et al. 2016	Global Repositories	Woody Plants (Charcoal)	Tree/Shrub	Chronometric Only
present datasets	25.04.2025		GrN-15085	7100	50		Ilıpınar	settlement	Section-113;from burnt rubble layer; phase X			charcoal		Bursa	Turkey	40.4683	29.3091	Roodenberg and Schier 2001; Erdoğu 2003; Brami and Zanotti 2015; CalPal; Reingruber and Thissen 2016; Flohr et al. 2016	Global Repositories	Woody Plants (Charcoal)	Tree/Shrub	Chronometric Only
present datasets	25.04.2025		GrN-17046	7100	30		Ilıpınar	settlement	S9-038;from burnt rubble layer; phase X			grain (charred)	Cerealia	Bursa	Turkey	40.4683	29.3091	Roodenberg and Schier 2001; Erdoğu 2003; Brami and Zanotti 2015; CalPal; Reingruber and Thissen 2016; Flohr et al. 2016	Global Repositories	Short-lived Plants	Cereal/Pulse/Seed	Chronometric Only
present datasets	25.04.2025		GrN-19795	7100	40		Ilıpınar	settlement	W12/13-911;Area 81, W13, burnt rubble layer related to destruction burnt house; phase X			grain (charred)	Cerealia	Bursa	Turkey	40.4683	29.3091	Roodenberg and Schier 2001; Erdoğu 2003; Brami and Zanotti 2015; CalPal; Reingruber and Thissen 2016; Flohr et al. 2016	Global Repositories	Short-lived Plants	Cereal/Pulse/Seed	Chronometric Only
present datasets	25.04.2025		GrN-15079	7140	120		Ilıpınar	settlement	Section-039;from top burnt rubble layer; phase X			charcoal		Bursa	Turkey	40.4683	29.3091	Roodenberg and Schier 2001; Erdoğu 2003; Brami and Zanotti 2015; CalPal; Reingruber and Thissen 2016; Flohr et al. 2016	Global Repositories	Woody Plants (Charcoal)	Tree/Shrub	Chronometric Only
present datasets	25.04.2025		GrN-22046	7160	90		Ilıpınar	settlement	W12/13-1264;area 108, W13, from oven NC in courtyard; phase X			charcoal		Bursa	Turkey	40.4683	29.3091	Roodenberg and Schier 2001; Erdoğu 2003; Brami and Zanotti 2015; CalPal; Reingruber and Thissen 2016; Flohr et al. 2016	Global Repositories	Woody Plants (Charcoal)	Tree/Shrub	Chronometric Only
present datasets	25.04.2025		GrN-19354	7175	35		Ilıpınar	settlement	X12/13-781;area 65,X12, destruction layer of mudhouse with plank floor; phase IX			charcoal		Bursa	Turkey	40.4683	29.3091	Roodenberg and Schier 2001; Erdoğu 2003; Brami and Zanotti 2015; CalPal; Reingruber and Thissen 2016; Flohr et al. 2016	Global Repositories	Woody Plants (Charcoal)	Tree/Shrub	Chronometric Only
present datasets	25.04.2025		GrN-19351	7195	40		Ilıpınar	settlement	W12/13-761;area 73, W12, from top destruction layer burnt house; phase X			charcoal		Bursa	Turkey	40.4683	29.3091	Roodenberg and Schier 2001; Erdoğu 2003; Flohr et al. 2016	Global Repositories	Woody Plants (Charcoal)	Tree/Shrub	Chronometric Only
present datasets	25.04.2025		GrN-15083	7240	140		Ilıpınar	settlement	Section-099;from floor below burnt rubble layer; phase X			charcoal		Bursa	Turkey	40.4683	29.3091	Roodenberg and Schier 2001; Erdoğu 2003; Brami and Zanotti 2015; CalPal; Reingruber and Thissen 2016; Flohr et al. 2016	Global Repositories	Woody Plants (Charcoal)	Tree/Shrub	Chronometric Only
present datasets	25.04.2025		P-1171	3206	49		İnandık	settlement	level containing broken jars		Hittite	grain	Triticum	Çankırı	Turkey	40.5	33.75	CalPal	Global Repositories	Short-lived Plants	Cereal/Pulse/Seed	Chronometric Only
present datasets	25.04.2025		M-1943	1640	130		Istanbul, Santa Sophia	settlement	church			wood		İstanbul	Turkey	41.0086	28.9802	Crane and Griffin 1968	Global Repositories	Woody Plants (Charcoal)	Tree/Shrub	Chronometric Only
present datasets	25.04.2025		R-1070	1890	50		Istanbul, Santa Sophia	settlement	church			wood		İstanbul	Turkey	41.0086	28.9802	Alessio et al. 1978	Global Repositories	Woody Plants (Charcoal)	Tree/Shrub	Chronometric Only
present datasets	25.04.2025		R-1070a	1950	50		Istanbul, Santa Sophia	settlement	church			wood		İstanbul	Turkey	41.0086	28.9802	Alessio et al. 1978	Global Repositories	Woody Plants (Charcoal)	Tree/Shrub	Chronometric Only
present datasets	25.04.2025		R-1071	1900	50		Istanbul, Santa Sophia	settlement	church			wood		İstanbul	Turkey	41.0086	28.9802	Alessio et al. 1978	Global Repositories	Woody Plants (Charcoal)	Tree/Shrub	Chronometric Only
present datasets	25.04.2025		R-1071a	1860	50		Istanbul, Santa Sophia	settlement	church			wood		İstanbul	Turkey	41.0086	28.9802	Alessio et al. 1978	Global Repositories	Woody Plants (Charcoal)	Tree/Shrub	Chronometric Only
present datasets	25.04.2025		SI-781	1545	85		Istanbul, Santa Sophia	settlement	church			wood		İstanbul	Turkey	41.0086	28.9802	Stuckenrath and Mielke 1973	Global Repositories	Woody Plants (Charcoal)	Tree/Shrub	Chronometric Only
present datasets	25.04.2025		UCLA-564	1540	70		Istanbul, Santa Sophia	settlement	church			wood		İstanbul	Turkey	41.0086	28.9802	Berger et al. 1965	Global Repositories	Woody Plants (Charcoal)	Tree/Shrub	Chronometric Only
present datasets	25.04.2025		IRPA-118	2075	105		Istikhal Bage	settlement				sediment		Eskişehir	Turkey	39.3337	31.583	Dauchot-Dehon and Heylen 1973	Global Repositories	Environmental/Soil	Mollusc/Sediment/Soil	Chronometric Only
present datasets	25.04.2025		IRPA-119	1790	95		Istikhal Bage	settlement				sediment		Eskişehir	Turkey	39.3337	31.583	Dauchot-Dehon and Heylen 1973	Global Repositories	Environmental/Soil	Mollusc/Sediment/Soil	Chronometric Only
present datasets	25.04.2025		IRPA-120	1920	100		Istikhal Bage	settlement				sediment		Eskişehir	Turkey	39.3337	31.583	Dauchot-Dehon and Heylen 1973	Global Repositories	Environmental/Soil	Mollusc/Sediment/Soil	Chronometric Only
present datasets	25.04.2025		IRPA-121	2105	110		Istikhal Bage	settlement				sediment		Eskişehir	Turkey	39.3337	31.583	Dauchot-Dehon and Heylen 1973	Global Repositories	Environmental/Soil	Mollusc/Sediment/Soil	Chronometric Only
present datasets	25.04.2025		NUTA2-10560	2540	25		Kaman-Kalehöyük	settlement	Level II			grain(charred)		Kırşehir	Turkey	39.362778	33.786667	Omori and Nakamura 2006 and 2007	Global Repositories	Short-lived Plants	Cereal/Pulse/Seed	Chronometric Only
present datasets	25.04.2025		NUTA2-10561	2552	26		Kaman-Kalehöyük	settlement	Level II			grain(charred)		Kırşehir	Turkey	39.362778	33.786667	Omori and Nakamura 2006 and 2007	Global Repositories	Short-lived Plants	Cereal/Pulse/Seed	Chronometric Only
present datasets	25.04.2025		NUTA2-10564	2555	25		Kaman-Kalehöyük	settlement	Level II			grain(charred)		Kırşehir	Turkey	39.362778	33.786667	Omori and Nakamura 2006 and 2007	Global Repositories	Short-lived Plants	Cereal/Pulse/Seed	Chronometric Only
present datasets	25.04.2025		NUTA2-10566	2756	26		Kaman-Kalehöyük	settlement	Level II			grain(charred)		Kırşehir	Turkey	39.362778	33.786667	Omori and Nakamura 2006 and 2007	Global Repositories	Short-lived Plants	Cereal/Pulse/Seed	Chronometric Only
present datasets	25.04.2025		NUTA2-10567	3717	27		Kaman-Kalehöyük	settlement	level IV			grain(charred)		Kırşehir	Turkey	39.362778	33.786667	Omori and Nakamura 2006 and 2007	Global Repositories	Short-lived Plants	Cereal/Pulse/Seed	Chronometric Only
present datasets	25.04.2025		NUTA2-10568	3346	26		Kaman-Kalehöyük	settlement	Level III			grain(charred)		Kırşehir	Turkey	39.362778	33.786667	Omori and Nakamura 2006 and 2007	Global Repositories	Short-lived Plants	Cereal/Pulse/Seed	Chronometric Only
present datasets	25.04.2025		NUTA2-10569	2547	25		Kaman-Kalehöyük	settlement	Level II			grain(charred)		Kırşehir	Turkey	39.362778	33.786667	Omori and Nakamura 2006 and 2007	Global Repositories	Short-lived Plants	Cereal/Pulse/Seed	Chronometric Only
present datasets	25.04.2025		NUTA2-10573	2469	25		Kaman-Kalehöyük	settlement	Level II			grain(charred)		Kırşehir	Turkey	39.362778	33.786667	Omori and Nakamura 2006 and 2007	Global Repositories	Short-lived Plants	Cereal/Pulse/Seed	Chronometric Only
present datasets	25.04.2025		NUTA2-10574	2742	25		Kaman-Kalehöyük	settlement	Level II			grain(charred)		Kırşehir	Turkey	39.362778	33.786667	Omori and Nakamura 2006 and 2007	Global Repositories	Short-lived Plants	Cereal/Pulse/Seed	Chronometric Only
present datasets	25.04.2025		NUTA2-10575	3511	26		Kaman-Kalehöyük	settlement	Level III			grain(charred)		Kırşehir	Turkey	39.362778	33.786667	Omori and Nakamura 2006 and 2007	Global Repositories	Short-lived Plants	Cereal/Pulse/Seed	Chronometric Only
present datasets	25.04.2025		NUTA2-10576	3086	26		Kaman-Kalehöyük	settlement	Level II			grain(charred)		Kırşehir	Turkey	39.362778	33.786667	Omori and Nakamura 2006 and 2007	Global Repositories	Short-lived Plants	Cereal/Pulse/Seed	Chronometric Only
present datasets	25.04.2025		NUTA2-10582	2333	25		Kaman-Kalehöyük	settlement	Level II			grain(charred)		Kırşehir	Turkey	39.362778	33.786667	Omori and Nakamura 2006 and 2007	Global Repositories	Short-lived Plants	Cereal/Pulse/Seed	Chronometric Only
present datasets	25.04.2025		NUTA2-10583	2449	25		Kaman-Kalehöyük	settlement	Level II			grain(charred)		Kırşehir	Turkey	39.362778	33.786667	Omori and Nakamura 2006 and 2007	Global Repositories	Short-lived Plants	Cereal/Pulse/Seed	Chronometric Only
present datasets	25.04.2025		NUTA2-10584	2525	25		Kaman-Kalehöyük	settlement	Level II			grain(charred)		Kırşehir	Turkey	39.362778	33.786667	Omori and Nakamura 2006 and 2007	Global Repositories	Short-lived Plants	Cereal/Pulse/Seed	Chronometric Only
present datasets	25.04.2025		NUTA2-10586	2878	25		Kaman-Kalehöyük	settlement	Level II			charcoal		Kırşehir	Turkey	39.362778	33.786667	Omori and Nakamura 2006 and 2007	Global Repositories	Woody Plants (Charcoal)	Tree/Shrub	Chronometric Only
present datasets	25.04.2025		NUTA2-10587	2911	26		Kaman-Kalehöyük	settlement	Level II			charcoal		Kırşehir	Turkey	39.362778	33.786667	Omori and Nakamura 2006 and 2007	Global Repositories	Woody Plants (Charcoal)	Tree/Shrub	Chronometric Only
present datasets	25.04.2025		NUTA2-10593	3360	26		Kaman-Kalehöyük	settlement	Level II			charcoal		Kırşehir	Turkey	39.362778	33.786667	Omori and Nakamura 2006 and 2007	Global Repositories	Woody Plants (Charcoal)	Tree/Shrub	Chronometric Only
present datasets	25.04.2025		NUTA2-10978	2723	22		Kaman-Kalehöyük	settlement	Level II			grain(charred)		Kırşehir	Turkey	39.362778	33.786667	Omori and Nakamura 2006 and 2007	Global Repositories	Short-lived Plants	Cereal/Pulse/Seed	Chronometric Only
present datasets	25.04.2025		NUTA2-10982	2492	21		Kaman-Kalehöyük	settlement	Level II			grain(charred)		Kırşehir	Turkey	39.362778	33.786667	Omori and Nakamura 2006 and 2007	Global Repositories	Short-lived Plants	Cereal/Pulse/Seed	Chronometric Only
present datasets	25.04.2025		NUTA2-10985	2695	22		Kaman-Kalehöyük	settlement	Level II			grain(charred)		Kırşehir	Turkey	39.362778	33.786667	Omori and Nakamura 2006 and 2007	Global Repositories	Short-lived Plants	Cereal/Pulse/Seed	Chronometric Only
present datasets	25.04.2025		NUTA2-10986	2726	21		Kaman-Kalehöyük	settlement	Level II			grain(charred)		Kırşehir	Turkey	39.362778	33.786667	Omori and Nakamura 2006 and 2007	Global Repositories	Short-lived Plants	Cereal/Pulse/Seed	Chronometric Only
present datasets	25.04.2025		NUTA2-10990	2480	21		Kaman-Kalehöyük	settlement	Level II			grain(charred)		Kırşehir	Turkey	39.362778	33.786667	Omori and Nakamura 2006 and 2007	Global Repositories	Short-lived Plants	Cereal/Pulse/Seed	Chronometric Only
present datasets	25.04.2025		NUTA2-10992	2504	21		Kaman-Kalehöyük	settlement	Level II			grain(charred)		Kırşehir	Turkey	39.362778	33.786667	Omori and Nakamura 2006 and 2007	Global Repositories	Short-lived Plants	Cereal/Pulse/Seed	Chronometric Only
present datasets	25.04.2025		NUTA2-10994	2491	21		Kaman-Kalehöyük	settlement	pit, Level II			bone	animal	Kırşehir	Turkey	39.362778	33.786667	Omori and Nakamura 2006 and 2007	Global Repositories	Bone/Teeth (Human/Animal)	Animal	Chronometric Only
present datasets	25.04.2025		NUTA2-10995	2205	20		Kaman-Kalehöyük	settlement	pit, Level II			bone	human	Kırşehir	Turkey	39.362778	33.786667	Omori and Nakamura 2006 and 2007	Global Repositories	Bone/Teeth (Human/Animal)	Human	Chronometric Only
present datasets	25.04.2025		NUTA2-10996	2211	22		Kaman-Kalehöyük	settlement	pit, Level II			bone	human	Kırşehir	Turkey	39.362778	33.786667	Omori and Nakamura 2006 and 2007	Global Repositories	Bone/Teeth (Human/Animal)	Human	Chronometric Only
present datasets	25.04.2025		NUTA2-10998	3324	22		Kaman-Kalehöyük	settlement	Level III			charcoal		Kırşehir	Turkey	39.362778	33.786667	Omori and Nakamura 2006 and 2007	Global Repositories	Woody Plants (Charcoal)	Tree/Shrub	Chronometric Only
present datasets	25.04.2025		NUTA2-10999	3473	22		Kaman-Kalehöyük	settlement	Level III			bone	human	Kırşehir	Turkey	39.362778	33.786667	Omori and Nakamura 2006 and 2007	Global Repositories	Bone/Teeth (Human/Animal)	Human	Chronometric Only
present datasets	25.04.2025		Bln-4861	3731	40		Kanlıgeçit	settlement	31R/5		Early Bronze Age			Kırklareli	Turkey	41.7186	27.2185	Hinz et al. 2012: http://radon.ufg.uni-kiel.de/samples/956	Global Repositories	Indeterminate/Other	Indeterminate	Chronometric Only
present datasets	25.04.2025		Bln-4989	3847	36		Kanlıgeçit	settlement	30N/29		Early Bronze Age			Kırklareli	Turkey	41.7186	27.2185	Hinz et al. 2012: http://radon.ufg.uni-kiel.de/samples/963	Global Repositories	Indeterminate/Other	Indeterminate	Chronometric Only
present datasets	25.04.2025		Bln-5220	3986	33		Kanlıgeçit	settlement	30N/51		Early Bronze Age			Kırklareli	Turkey	41.7186	27.2185	Hinz et al. 2012: http://radon.ufg.uni-kiel.de/samples/951	Global Repositories	Indeterminate/Other	Indeterminate	Chronometric Only
present datasets	25.04.2025		Bln-5221	4042	32		Kanlıgeçit	settlement	29P/42		Early Bronze Age			Kırklareli	Turkey	41.7186	27.2185	Hinz et al. 2012: http://radon.ufg.uni-kiel.de/samples/953	Global Repositories	Indeterminate/Other	Indeterminate	Chronometric Only
present datasets	25.04.2025		Bln-5698	4054	30		Kanlıgeçit	settlement	29M/27		Early Bronze Age			Kırklareli	Turkey	41.7186	27.2185	Hinz et al. 2012: http://radon.ufg.uni-kiel.de/samples/952	Global Repositories	Indeterminate/Other	Indeterminate	Chronometric Only
present datasets	25.04.2025		Bln-5892	3685	37		Kanlıgeçit	settlement	28M/74		Early Bronze Age			Kırklareli	Turkey	41.7186	27.2185	Hinz et al. 2012: http://radon.ufg.uni-kiel.de/samples/959	Global Repositories	Indeterminate/Other	Indeterminate	Chronometric Only
present datasets	25.04.2025		KIA-10326	3972	36		Kanlıgeçit	settlement	31M/30 (Phase 2b)		Early Bronze Age	bone	horse	Kırklareli	Turkey	41.7186	27.2185	Benecke 2009	Global Repositories	Bone/Teeth (Human/Animal)	Animal	Chronometric Only
present datasets	25.04.2025		KIA-16208	3990	27		Kanlıgeçit	settlement	31R/6 (Phase 1a/b-c)		Early Bronze Age	bone	horse	Kırklareli	Turkey	41.7186	27.2185	Benecke 2009	Global Repositories	Bone/Teeth (Human/Animal)	Animal	Chronometric Only
present datasets	25.04.2025		KIA-16209	3858	27		Kanlıgeçit	settlement	29R/16 (Phase 1c)		Early Bronze Age	bone	horse	Kırklareli	Turkey	41.7186	27.2185	Benecke 2009	Global Repositories	Bone/Teeth (Human/Animal)	Animal	Chronometric Only
present datasets	25.04.2025		KIA-16210	3966	38		Kanlıgeçit	settlement	31R/8 (Phase 1c-2a)		Early Bronze Age	bone	horse	Kırklareli	Turkey	41.7186	27.2185	Benecke 2009	Global Repositories	Bone/Teeth (Human/Animal)	Animal	Chronometric Only
present datasets	25.04.2025		KIA-16211	3957	26		Kanlıgeçit	settlement	30R/15 (Phase 1c-2a)		Early Bronze Age	bone	horse	Kırklareli	Turkey	41.7186	27.2185	Benecke 2009	Global Repositories	Bone/Teeth (Human/Animal)	Animal	Chronometric Only
present datasets	25.04.2025		KIA-29364	3875	25		Kanlıgeçit	settlement	32P/11		Early Bronze Age			Kırklareli	Turkey	41.7186	27.2185	Hinz et al. 2012: http://radon.ufg.uni-kiel.de/samples/961	Global Repositories	Indeterminate/Other	Indeterminate	Chronometric Only
present datasets	25.04.2025		KIA-29365	3946	28		Kanlıgeçit	settlement	29M/82.1		Early Bronze Age			Kırklareli	Turkey	41.7186	27.2185	Hinz et al. 2012: http://radon.ufg.uni-kiel.de/samples/960	Global Repositories	Indeterminate/Other	Indeterminate	Chronometric Only
present datasets	25.04.2025		KIA-29366	3998	29		Kanlıgeçit	settlement	30P/65:2		Early Bronze Age			Kırklareli	Turkey	41.7186	27.2185	Hinz et al. 2012: http://radon.ufg.uni-kiel.de/samples/964	Global Repositories	Indeterminate/Other	Indeterminate	Chronometric Only
present datasets	25.04.2025		KIA-30911	3890	23		Kanlıgeçit	settlement	30N/39		Early Bronze Age			Kırklareli	Turkey	41.7186	27.2185	Hinz et al. 2012: http://radon.ufg.uni-kiel.de/samples/954	Global Repositories	Indeterminate/Other	Indeterminate	Chronometric Only
present datasets	25.04.2025		Hd-10557-10426	6380	85		Karain B	cave	AH 10			charcoal		Antalya	Turkey	37.0778	30.5708	Erdoğu 2003; CalPal; Flohr et al. 2016, TAY Project	Global Repositories	Woody Plants (Charcoal)	Tree/Shrub	Chronometric Only
present datasets	25.04.2025		Hd-10816-10738	6250	75		Karain B	cave	AH 9			charcoal		Antalya	Turkey	37.0778	30.5708	Erdoğu 2003; CalPal; Flohr et al. 2016	Global Repositories	Woody Plants (Charcoal)	Tree/Shrub	Chronometric Only
present datasets	25.04.2025		Hd-10817-10746	7100	70		Karain B	cave	AH 11			charcoal		Antalya	Turkey	37.0778	30.5708	Reingruber and Thissen 2016; TAY Project	Global Repositories	Woody Plants (Charcoal)	Tree/Shrub	Chronometric Only
present datasets	25.04.2025		Hd-10818-10747	7420	70		Karain B	cave	AH 12			charcoal		Antalya	Turkey	37.0778	30.5708	Erdoğu 2003; Pinhasi et al. 2005; Flohr et al. 2016; Brami and Zanotti 2015; Reingruber and Thissen 2016	Global Repositories	Woody Plants (Charcoal)	Tree/Shrub	Chronometric Only
present datasets	25.04.2025		Hd-10819-10748	7710	115		Karain B	cave	AH 13			charcoal		Antalya	Turkey	37.0778	30.5708	Erdoğu 2003; CalPal; Flohr et al. 2016, TAY Project	Global Repositories	Woody Plants (Charcoal)	Tree/Shrub	Chronometric Only
present datasets	25.04.2025		OxA-8406	14600	100		Karain B	cave	AH16, square F12, unity PI, KB98-F12-16		Epi-Palaeolithic	charcoal		Antalya	Turkey	37.0778	30.5708	Yalçınkaya and Otte 2000; TAY Project	Global Repositories	Woody Plants (Charcoal)	Tree/Shrub	Chronometric Only
present datasets	25.04.2025		P-2208	4120	70		Karataş Semayük	settlement	Storage Pit 14, S of house courtyard, Level II		Early Bronze Age II	charcoal		Antalya	Turkey	36.7669	29.9831	Fishman et al., 1977	Global Repositories	Woody Plants (Charcoal)	Tree/Shrub	Chronometric Only
present datasets	25.04.2025		P-917	4221	61		Karataş Semayük	settlement	post hole N2		Early Bronze Age II	charcoal		Antalya	Turkey	36.7669	29.9831	Stuckenrath et al., 1966	Global Repositories	Woody Plants (Charcoal)	Tree/Shrub	Chronometric Only
present datasets	25.04.2025		P-918	4130	61		Karataş Semayük	settlement	area S, floor		Early Bronze Age II	charcoal		Antalya	Turkey	36.7669	29.9831	Stuckenrath et al., 1966	Global Repositories	Woody Plants (Charcoal)	Tree/Shrub	Chronometric Only
present datasets	25.04.2025		P-919	4126	60		Karataş Semayük	settlement	spur wall, floor		Early Bronze Age II	charcoal	Juniperus	Antalya	Turkey	36.7669	29.9831	Stuckenrath et al., 1966	Global Repositories	Woody Plants (Charcoal)	Tree/Shrub	Chronometric Only
present datasets	25.04.2025		P-920	4274	62		Karataş Semayük	settlement	Pit 6		Early Bronze Age II	charcoal		Antalya	Turkey	36.7669	29.9831	Stuckenrath et al., 1966	Global Repositories	Woody Plants (Charcoal)	Tree/Shrub	Chronometric Only
present datasets	25.04.2025		P-921	4138	62		Karataş Semayük	settlement	Pit 5		Early Bronze Age II	charcoal		Antalya	Turkey	36.7669	29.9831	Stuckenrath et al., 1966	Global Repositories	Woody Plants (Charcoal)	Tree/Shrub	Chronometric Only
present datasets	25.04.2025		P-923	4228	62		Karataş Semayük	settlement	courtyard, side E		Early Bronze Age II	charcoal		Antalya	Turkey	36.7669	29.9831	Stuckenrath et al., 1966	Global Repositories	Woody Plants (Charcoal)	Tree/Shrub	Chronometric Only
present datasets	25.04.2025		AA-68981	3939	41		Kazane Höyük	settlement	depot floor			seeds		Urfa	Turkey	37.119722	38.846111	Creekmore 2008; Ristvet 2011	Global Repositories	Short-lived Plants	Cereal/Pulse/Seed	Chronometric Only
present datasets	25.04.2025		AA-68982	3958	44		Kazane Höyük	settlement	floor			wood		Urfa	Turkey	37.119722	38.846111	Creekmore 2008; Ristvet 2011	Global Repositories	Woody Plants (Charcoal)	Tree/Shrub	Chronometric Only
present datasets	25.04.2025		AA-68983	3911	44		Kazane Höyük	settlement	storage jar			seeds		Urfa	Turkey	37.119722	38.846111	Creekmore 2008; Ristvet 2011	Global Repositories	Short-lived Plants	Cereal/Pulse/Seed	Chronometric Only
present datasets	25.04.2025		Beta-155572	4430	60		Kenan Tepe	settlement	Trench F4, KT#4061		Late Chalcolithic	charred material		Diyarbakır	Turkey	37.8311	40.813691	TAY Project	Global Repositories	Indeterminate/Other	Indeterminate	Chronometric Only
present datasets	25.04.2025		Beta-156415	4210	40		Kenan Tepe	settlement	Trench F5, KT5030		Early Bronze Age	bone collagen		Diyarbakır	Turkey	37.8311	40.813691	TAY Project	Global Repositories	Bone/Teeth (Human/Animal)	Indeterminate	Chronometric Only
present datasets	25.04.2025		Beta-165446	3500	50		Kenan Tepe	settlement	Trench C2, L2082 KT 258		Middle Bronze Age	charred material		Diyarbakır	Turkey	37.8311	40.813691	TAY Project	Global Repositories	Indeterminate/Other	Indeterminate	Chronometric Only
present datasets	25.04.2025		Beta-165447	3520	60		Kenan Tepe	settlement	Trench C2, L2087 KT2614		Middle Bronze Age	charred material		Diyarbakır	Turkey	37.8311	40.813691	TAY Project	Global Repositories	Indeterminate/Other	Indeterminate	Chronometric Only
present datasets	25.04.2025		Beta-165448	3520	40		Kenan Tepe	settlement	Trench C2, L2084 KT 257		Middle Bronze Age	charred material		Diyarbakır	Turkey	37.8311	40.813691	TAY Project	Global Repositories	Indeterminate/Other	Indeterminate	Chronometric Only
present datasets	25.04.2025		Beta-166341	4510	40		Kenan Tepe	settlement	Trench F4, KT#4157 F4.4023.4157		Late Chalcolithic	charred material		Diyarbakır	Turkey	37.8311	40.813691	TAY Project	Global Repositories	Indeterminate/Other	Indeterminate	Chronometric Only
present datasets	25.04.2025		Beta-166342	4700	40		Kenan Tepe	settlement	Trench F4, KT#4229 F4.4023.4229		Late Chalcolithic	charred material		Diyarbakır	Turkey	37.8311	40.813691	TAY Project	Global Repositories	Indeterminate/Other	Indeterminate	Chronometric Only
present datasets	25.04.2025		Beta-166343	4820	40		Kenan Tepe	settlement	Trench F4, KT#4253 F4.4023.4253		Late Chalcolithic	charred material		Diyarbakır	Turkey	37.8311	40.813691	TAY Project	Global Repositories	Indeterminate/Other	Indeterminate	Chronometric Only
present datasets	25.04.2025		Beta-176370	4150	40		Kenan Tepe	settlement				organic material (charred)		Diyarbakır	Turkey	37.8311	40.813691	Parker and Dodd 2005	Global Repositories	Anthropic/Residues	Organic Residue/Artifact	Chronometric Only
present datasets	25.04.2025		Beta-176371	4520	40		Kenan Tepe	settlement				organic material (charred)		Diyarbakır	Turkey	37.8311	40.813691	Parker and Dodd 2005	Global Repositories	Anthropic/Residues	Organic Residue/Artifact	Chronometric Only
present datasets	25.04.2025		Beta-176372	5870	40		Kenan Tepe	settlement				charcoal?		Diyarbakır	Turkey	37.8311	40.813691	TAY Project; Flohr et al. 2016	Global Repositories	Woody Plants (Charcoal)	Tree/Shrub	Chronometric Only
present datasets	25.04.2025		Beta-176373	5750	40		Kenan Tepe	settlement				charcoal?		Diyarbakır	Turkey	37.8311	40.813691	TAY Project; Flohr et al. 2016	Global Repositories	Woody Plants (Charcoal)	Tree/Shrub	Chronometric Only
present datasets	25.04.2025		Beta-176374	4400	40		Kenan Tepe	settlement				organic material (charred)		Diyarbakır	Turkey	37.8311	40.813691	Parker and Dodd 2005	Global Repositories	Anthropic/Residues	Organic Residue/Artifact	Chronometric Only
present datasets	25.04.2025		Beta-176375	4400	40		Kenan Tepe	settlement				organic material (charred)		Diyarbakır	Turkey	37.8311	40.813691	Parker and Dodd 2005	Global Repositories	Anthropic/Residues	Organic Residue/Artifact	Chronometric Only
present datasets	25.04.2025		Beta-176376	4350	40		Kenan Tepe	settlement				organic material (charred)		Diyarbakır	Turkey	37.8311	40.813691	Parker and Dodd 2005	Global Repositories	Anthropic/Residues	Organic Residue/Artifact	Chronometric Only
present datasets	25.04.2025		Beta-176377	3620	40		Kenan Tepe	settlement				organic material (charred)		Diyarbakır	Turkey	37.8311	40.813691	Parker and Dodd 2005	Global Repositories	Anthropic/Residues	Organic Residue/Artifact	Chronometric Only
present datasets	25.04.2025		Beta-180241	5880	40		Kenan Tepe	settlement				charcoal?		Diyarbakır	Turkey	37.8311	40.813691	TAY Project; Flohr et al. 2016	Global Repositories	Woody Plants (Charcoal)	Tree/Shrub	Chronometric Only
present datasets	25.04.2025		Beta-208202	5720	50		Kenan Tepe	settlement				charred material		Diyarbakır	Turkey	37.8311	40.813691	Parker 2010	Global Repositories	Indeterminate/Other	Indeterminate	Chronometric Only
present datasets	25.04.2025		Beta-208204	5770	40		Kenan Tepe	settlement				charred material		Diyarbakır	Turkey	37.8311	40.813691	Parker 2010	Global Repositories	Indeterminate/Other	Indeterminate	Chronometric Only
present datasets	25.04.2025		AA-3373	1570	60		Kestel / Sarıtuzla Madeni	mine						Niğde	Turkey	37.813538	34.920799	Yener 2000	Global Repositories	Indeterminate/Other	Indeterminate	Chronometric Only
present datasets	25.04.2025		AA-3374	4020	80		Kestel / Sarıtuzla Madeni	mine	EBA		Early Bronze Age			Niğde	Turkey	37.813538	34.920799	TAY Project	Global Repositories	Indeterminate/Other	Indeterminate	Chronometric Only
present datasets	25.04.2025		AA-3375	3805	70		Kestel / Sarıtuzla Madeni	mine	EBA		Early Bronze Age			Niğde	Turkey	37.813538	34.920799	TAY Project	Global Repositories	Indeterminate/Other	Indeterminate	Chronometric Only
present datasets	25.04.2025		AA-3376	3830	65		Kestel / Sarıtuzla Madeni	mine	EBA		Early Bronze Age			Niğde	Turkey	37.813538	34.920799	TAY Project	Global Repositories	Indeterminate/Other	Indeterminate	Chronometric Only
present datasets	25.04.2025		BM-2879	4090	60		Kestel / Sarıtuzla Madeni	mine	EBA			charcoal	Cupressus sempervirens	Niğde	Turkey	37.813538	34.920799	TAY Project	Global Repositories	Woody Plants (Charcoal)	Tree/Shrub	Chronometric Only
present datasets	25.04.2025		BM-2881	4690	100		Kestel / Sarıtuzla Madeni	mine	EBA			charcoal	Pinus	Niğde	Turkey	37.813538	34.920799	TAY Project	Global Repositories	Woody Plants (Charcoal)	Tree/Shrub	Chronometric Only
present datasets	25.04.2025		I-15227	3980	100		Kestel / Sarıtuzla Madeni	mine	EBA		Early Bronze Age			Niğde	Turkey	37.813538	34.920799	TAY Project	Global Repositories	Indeterminate/Other	Indeterminate	Chronometric Only
present datasets	25.04.2025		OxA-21286	3182	30	-23.486	Kilise Tepe	settlement	01 (I19/612)			charcoal	Pinus brutia/halepensis	Mersin	Turkey	36.480495	33.54787	Bouthillier et al. 2014	Global Repositories	Woody Plants (Charcoal)	Tree/Shrub	Chronometric Only
present datasets	25.04.2025		OxA-21287	3081	28	-23.841	Kilise Tepe	settlement	04 (J19/678)			charcoal	Pinus brutia/halepensis	Mersin	Turkey	36.480495	33.54787	Bouthillier et al. 2014	Global Repositories	Woody Plants (Charcoal)	Tree/Shrub	Chronometric Only
present datasets	25.04.2025		OxA-21288	3140	29	-22.315	Kilise Tepe	settlement	06 (K19/552)			charcoal	Pinus brutia/halepensis	Mersin	Turkey	36.480495	33.54787	Bouthillier et al. 2014	Global Repositories	Woody Plants (Charcoal)	Tree/Shrub	Chronometric Only
present datasets	25.04.2025		OxA-21289	3095	27	-23.605	Kilise Tepe	settlement	08 (J20/322)			charcoal	Pinus brutia/halepensis	Mersin	Turkey	36.480495	33.54787	Bouthillier et al. 2014	Global Repositories	Woody Plants (Charcoal)	Tree/Shrub	Chronometric Only
present datasets	25.04.2025		OxA-21290	3368	27	-22.202	Kilise Tepe	settlement	09 (K19/545)			charcoal	Pinus brutia/halepensis	Mersin	Turkey	36.480495	33.54787	Bouthillier et al. 2014	Global Repositories	Woody Plants (Charcoal)	Tree/Shrub	Chronometric Only
present datasets	25.04.2025		OxA-21291	3034	26	-22.077	Kilise Tepe	settlement	10 (K19/551)			charcoal	Pinus brutia/halepensis	Mersin	Turkey	36.480495	33.54787	Bouthillier et al. 2014	Global Repositories	Woody Plants (Charcoal)	Tree/Shrub	Chronometric Only
present datasets	25.04.2025		OxA-21292	3061	28	-23.204	Kilise Tepe	settlement	11 (K20/254)			charcoal	Pinus nigra/sylvestris	Mersin	Turkey	36.480495	33.54787	Bouthillier et al. 2014	Global Repositories	Woody Plants (Charcoal)	Tree/Shrub	Chronometric Only
present datasets	25.04.2025		OxA-21293	3084	28	-23.824	Kilise Tepe	settlement	12 (K20/255)			charcoal	Tamarix	Mersin	Turkey	36.480495	33.54787	Bouthillier et al. 2014	Global Repositories	Woody Plants (Charcoal)	Tree/Shrub	Chronometric Only
present datasets	25.04.2025		OxA-21294	3027	28	-23.123	Kilise Tepe	settlement	13(K20/253)			charcoal	Pinus brutia/halepensis	Mersin	Turkey	36.480495	33.54787	Bouthillier et al. 2014	Global Repositories	Woody Plants (Charcoal)	Tree/Shrub	Chronometric Only
present datasets	25.04.2025		OxA-21295	3019	29	-23.254	Kilise Tepe	settlement	14 (J20/321)			charcoal	Pinus brutia/halepensis	Mersin	Turkey	36.480495	33.54787	Bouthillier et al. 2014	Global Repositories	Woody Plants (Charcoal)	Tree/Shrub	Chronometric Only
present datasets	25.04.2025		OxA-21296	3022	29	-22.496	Kilise Tepe	settlement	15 (J20/300)			charcoal	Pinus brutia/halepensis	Mersin	Turkey	36.480495	33.54787	Bouthillier et al. 2014	Global Repositories	Woody Plants (Charcoal)	Tree/Shrub	Chronometric Only
present datasets	25.04.2025		OxA-21297	3045	29	-22.201	Kilise Tepe	settlement	16 (J20/306)			charcoal	Pinus brutia/halepensis	Mersin	Turkey	36.480495	33.54787	Bouthillier et al. 2014	Global Repositories	Woody Plants (Charcoal)	Tree/Shrub	Chronometric Only
present datasets	25.04.2025		OxA-21298	3059	29	-25.3	Kilise Tepe	settlement	17 (J19/675)			charcoal	Pinus brutia/halepensis	Mersin	Turkey	36.480495	33.54787	Bouthillier et al. 2014	Global Repositories	Woody Plants (Charcoal)	Tree/Shrub	Chronometric Only
present datasets	25.04.2025		OxA-21299	3054	29	-24.227	Kilise Tepe	settlement	17 (J19/675)			charcoal	Pinus brutia/halepensis	Mersin	Turkey	36.480495	33.54787	Bouthillier et al. 2014	Global Repositories	Woody Plants (Charcoal)	Tree/Shrub	Chronometric Only
present datasets	25.04.2025		OxA-21300	2599	28	-23.754	Kilise Tepe	settlement	20 (I18/230a)			charcoal	Pinus brutia/halepensis	Mersin	Turkey	36.480495	33.54787	Bouthillier et al. 2014	Global Repositories	Woody Plants (Charcoal)	Tree/Shrub	Chronometric Only
present datasets	25.04.2025		OxA-21301	2602	29	-22.173	Kilise Tepe	settlement	21 (I18/207)			charcoal	Pinus brutia/halepensis	Mersin	Turkey	36.480495	33.54787	Bouthillier et al. 2014	Global Repositories	Woody Plants (Charcoal)	Tree/Shrub	Chronometric Only
present datasets	25.04.2025		OxA-21302	2573	28	-23.701	Kilise Tepe	settlement	22 (I18/286)			charcoal	Pinus brutia/halepensis	Mersin	Turkey	36.480495	33.54787	Bouthillier et al. 2014	Global Repositories	Woody Plants (Charcoal)	Tree/Shrub	Chronometric Only
present datasets	25.04.2025		OxA-21303	2880	29	-22.852	Kilise Tepe	settlement	23 (K14/659)			charcoal	Pinus brutia/halepensis	Mersin	Turkey	36.480495	33.54787	Bouthillier et al. 2014	Global Repositories	Woody Plants (Charcoal)	Tree/Shrub	Chronometric Only
present datasets	25.04.2025		OxA-21304	2927	30	-23.486	Kilise Tepe	settlement	27 (K14/522)			charcoal	Pinus brutia/halepensis	Mersin	Turkey	36.480495	33.54787	Bouthillier et al. 2014	Global Repositories	Woody Plants (Charcoal)	Tree/Shrub	Chronometric Only
present datasets	25.04.2025		OxA-21305	2937	30	-22.978	Kilise Tepe	settlement	28 (K14/406)			charcoal	Pinus brutia/halepensis	Mersin	Turkey	36.480495	33.54787	Bouthillier et al. 2014	Global Repositories	Woody Plants (Charcoal)	Tree/Shrub	Chronometric Only
present datasets	25.04.2025		OxA-21306	2659	29	-23.181	Kilise Tepe	settlement	29 (K14/279)			charcoal	Pinus brutia/halepensis	Mersin	Turkey	36.480495	33.54787	Bouthillier et al. 2014	Global Repositories	Woody Plants (Charcoal)	Tree/Shrub	Chronometric Only
present datasets	25.04.2025		OxA-21307	2876	29	-24.487	Kilise Tepe	settlement	30 (K14/397)			charcoal	Pinus brutia/halepensis	Mersin	Turkey	36.480495	33.54787	Bouthillier et al. 2014	Global Repositories	Woody Plants (Charcoal)	Tree/Shrub	Chronometric Only
present datasets	25.04.2025		OxA-21320	2807	28	-23.295	Kilise Tepe	settlement	31 (K14/499); P07/09 lower fill			charcoal	Olea europaea	Mersin	Turkey	36.480495	33.54787	Bouthillier et al. 2014	Global Repositories	Woody Plants (Charcoal)	Tree/Shrub	Chronometric Only
present datasets	25.04.2025		OxA-21321	2692	28	-25.974	Kilise Tepe	settlement	32 (K14/515); P07/09 lower fill			charcoal	Olea europaea	Mersin	Turkey	36.480495	33.54787	Bouthillier et al. 2014	Global Repositories	Woody Plants (Charcoal)	Tree/Shrub	Chronometric Only
present datasets	25.04.2025		OxA-21322	2721	29	-23.465	Kilise Tepe	settlement	33 (K14/490); P07/09 lower fill			charcoal	Pinus brutia/halepensis	Mersin	Turkey	36.480495	33.54787	Bouthillier et al. 2014	Global Repositories	Woody Plants (Charcoal)	Tree/Shrub	Chronometric Only
present datasets	25.04.2025		OxA-21323	2550	29	-25.435	Kilise Tepe	settlement	34 (K14/480); P07/09 upper fill			charcoal	Quercus ilex	Mersin	Turkey	36.480495	33.54787	Bouthillier et al. 2014	Global Repositories	Woody Plants (Charcoal)	Tree/Shrub	Chronometric Only
present datasets	25.04.2025		OxA-21324	2652	29	-22.348	Kilise Tepe	settlement	36 (K14/661)			charcoal	Pinus brutia/halepensis	Mersin	Turkey	36.480495	33.54787	Bouthillier et al. 2014	Global Repositories	Woody Plants (Charcoal)	Tree/Shrub	Chronometric Only
present datasets	25.04.2025		OxA-21325	1674	26	-23.155	Kilise Tepe	settlement	37 (M18/69)			charcoal	Pinus brutia/halepensis	Mersin	Turkey	36.480495	33.54787	Dee et al. 2017	Global Repositories	Woody Plants (Charcoal)	Tree/Shrub	Chronometric Only
present datasets	25.04.2025		OxA-21326	1586	27	-22.872	Kilise Tepe	settlement	38 (M18/122)			charcoal	Pinus brutia/halepensis	Mersin	Turkey	36.480495	33.54787	Dee et al. 2017	Global Repositories	Woody Plants (Charcoal)	Tree/Shrub	Chronometric Only
present datasets	25.04.2025		OxA-21327	1710	26	-23.125	Kilise Tepe	settlement	39 (M18/121)			charcoal	Pinus brutia/halepensis	Mersin	Turkey	36.480495	33.54787	Dee et al. 2017	Global Repositories	Woody Plants (Charcoal)	Tree/Shrub	Chronometric Only
present datasets	25.04.2025		OxA-21328	1759	27	-21.62	Kilise Tepe	settlement	40 (M18/297)			charcoal	Pinus brutia/halepensis	Mersin	Turkey	36.480495	33.54787	Dee et al. 2017	Global Repositories	Woody Plants (Charcoal)	Tree/Shrub	Chronometric Only
present datasets	25.04.2025		OxA-21329	1626	27	-25.284	Kilise Tepe	settlement	41 (M18/298)			charcoal	Pinus brutia/halepensis	Mersin	Turkey	36.480495	33.54787	Dee et al. 2017	Global Repositories	Woody Plants (Charcoal)	Tree/Shrub	Chronometric Only
present datasets	25.04.2025		OxA-21330	1585	27	-25.099	Kilise Tepe	settlement	42 (M18/299)			charcoal	Olea europaea	Mersin	Turkey	36.480495	33.54787	Dee et al. 2017	Global Repositories	Woody Plants (Charcoal)	Tree/Shrub	Chronometric Only
present datasets	25.04.2025		OxA-21331	1574	27	-24.75	Kilise Tepe	settlement	43 (M18/305)			nutshell (charred)	Corylus avellana	Mersin	Turkey	36.480495	33.54787	Dee et al. 2017	Global Repositories	Short-lived Plants	Cereal/Pulse/Seed	Chronometric Only
present datasets	25.04.2025		OxA-21333	2508	29	-22.934	Kilise Tepe	settlement	45 (M18/204)			charcoal	Pinus brutia/halepensis	Mersin	Turkey	36.480495	33.54787	Dee et al. 2017	Global Repositories	Woody Plants (Charcoal)	Tree/Shrub	Chronometric Only
present datasets	25.04.2025		OxA-21334	1585	27	-24.696	Kilise Tepe	settlement	46 (L19/112)			charcoal	Pinus brutia/halepensis	Mersin	Turkey	36.480495	33.54787	Dee et al. 2017	Global Repositories	Woody Plants (Charcoal)	Tree/Shrub	Chronometric Only
present datasets	25.04.2025		OxA-21335	1528	28	-23.542	Kilise Tepe	settlement	47 (L18/96)			charcoal	Pinus brutia/halepensis	Mersin	Turkey	36.480495	33.54787	Dee et al. 2017	Global Repositories	Woody Plants (Charcoal)	Tree/Shrub	Chronometric Only
present datasets	25.04.2025		OxA-21336	1696	29	-23.209	Kilise Tepe	settlement	48 (K15/77)			charcoal	Olea europaea	Mersin	Turkey	36.480495	33.54787	Dee et al. 2017	Global Repositories	Woody Plants (Charcoal)	Tree/Shrub	Chronometric Only
present datasets	25.04.2025		OxA-21337	1608	28	-23.015	Kilise Tepe	settlement	49 (J15/34)			charcoal	Pinus brutia/halepensis	Mersin	Turkey	36.480495	33.54787	Dee et al. 2017	Global Repositories	Woody Plants (Charcoal)	Tree/Shrub	Chronometric Only
present datasets	25.04.2025		OxA-21360	3107	30	-24.129	Kilise Tepe	settlement	05 (J19/676)			charcoal	Pinus brutia/halepensis	Mersin	Turkey	36.480495	33.54787	Dee et al. 2017	Global Repositories	Woody Plants (Charcoal)	Tree/Shrub	Chronometric Only
present datasets	25.04.2025		OxA-21361	3126	31	-23.873	Kilise Tepe	settlement	07 (J19/677)			charcoal	Pinus brutia/halepensis	Mersin	Turkey	36.480495	33.54787	Dee et al. 2017	Global Repositories	Woody Plants (Charcoal)	Tree/Shrub	Chronometric Only
present datasets	25.04.2025		OxA-21422	2951	30	-22.573	Kilise Tepe	settlement	26 (K14/567)			charcoal	Pinus brutia/halepensis	Mersin	Turkey	36.480495	33.54787	Bouthillier et al. 2014	Global Repositories	Woody Plants (Charcoal)	Tree/Shrub	Chronometric Only
present datasets	25.04.2025		OxA-21423	2926	29	-22.927	Kilise Tepe	settlement	26 (K14/567)			charcoal	Pinus brutia/halepensis	Mersin	Turkey	36.480495	33.54787	Bouthillier et al. 2014	Global Repositories	Woody Plants (Charcoal)	Tree/Shrub	Chronometric Only
present datasets	25.04.2025		OxA-21455	2701	32	-22.2805	Kilise Tepe	settlement	36 (K14/661)			charcoal	Pinus brutia/halepensis	Mersin	Turkey	36.480495	33.54787	Bouthillier et al. 2014	Global Repositories	Woody Plants (Charcoal)	Tree/Shrub	Chronometric Only
present datasets	25.04.2025		OxA-23174	2978	29	-22.371	Kilise Tepe	settlement	KT 53			charcoal	Pinus brutia/halepensis	Mersin	Turkey	36.480495	33.54787	Bouthillier et al. 2014	Global Repositories	Woody Plants (Charcoal)	Tree/Shrub	Chronometric Only
present datasets	25.04.2025		OxA-24074	2988	27	-24.036	Kilise Tepe	settlement	KT 58 (J19/755)			grain (charred)	Hordeum vulgare	Mersin	Turkey	36.480495	33.54787	Bouthillier et al. 2014	Global Repositories	Short-lived Plants	Cereal/Pulse/Seed	Chronometric Only
present datasets	25.04.2025		OxA-24075	3089	28	-27.004	Kilise Tepe	settlement	KT 59 (K14/806)			charcoal	Rosa	Mersin	Turkey	36.480495	33.54787	Bouthillier et al. 2014	Global Repositories	Woody Plants (Charcoal)	Tree/Shrub	Chronometric Only
present datasets	25.04.2025		OxA-24159	3151	26	-21.642	Kilise Tepe	settlement	KT 54 (I19/661)			fruitstone (charred)	Olea europaea	Mersin	Turkey	36.480495	33.54787	Bouthillier et al. 2014	Global Repositories	Short-lived Plants	Cereal/Pulse/Seed	Chronometric Only
present datasets	25.04.2025		OxA-24160	3060	27	-24.342	Kilise Tepe	settlement	KT 56 (J19/713)			fruitstone	Ficus carica	Mersin	Turkey	36.480495	33.54787	Bouthillier et al. 2014	Global Repositories	Short-lived Plants	Cereal/Pulse/Seed	Chronometric Only
present datasets	25.04.2025		OxA-24161	3092	27	-24.416	Kilise Tepe	settlement	KT 56 (J19/713)			fruitstone	Ficus carica	Mersin	Turkey	36.480495	33.54787	Bouthillier et al. 2014	Global Repositories	Short-lived Plants	Cereal/Pulse/Seed	Chronometric Only
present datasets	25.04.2025		OxA-24505	3069	29	-18.817	Kilise Tepe	settlement	KT 55 (I19/627)			bone	Bos	Mersin	Turkey	36.480495	33.54787	Bouthillier et al. 2014	Global Repositories	Bone/Teeth (Human/Animal)	Animal	Chronometric Only
present datasets	25.04.2025		OxA-24506	2985	29	-19.104	Kilise Tepe	settlement	KT 57 (K20/291)			bone	Ovis	Mersin	Turkey	36.480495	33.54787	Bouthillier et al. 2014	Global Repositories	Bone/Teeth (Human/Animal)	Animal	Chronometric Only
present datasets	25.04.2025		OxA-25305	2513	29	-22.713	Kilise Tepe	settlement	KT 61 (K14/1002)			grain (charred)	Hordeum vulgare	Mersin	Turkey	36.480495	33.54787	Bouthillier et al. 2014	Global Repositories	Short-lived Plants	Cereal/Pulse/Seed	Chronometric Only
present datasets	25.04.2025		OxA-25586	2959	29	-23.755	Kilise Tepe	settlement	KT 60 (K14/880)			grain (charred)	Triticum monococcum	Mersin	Turkey	36.480495	33.54787	Bouthillier et al. 2014	Global Repositories	Short-lived Plants	Cereal/Pulse/Seed	Chronometric Only
present datasets	25.04.2025		UBA-30439	2472	31		Kınık Höyük	settlement	storage structure, silo			charcoal	Quercus	Niğde	Turkey	37.937545	34.380696	Castellano 2018	Global Repositories	Woody Plants (Charcoal)	Tree/Shrub	Chronometric Only
present datasets	25.04.2025		UBA-30440	2464	36		Kınık Höyük	settlement	storage structure, silo			charcoal	Quercus	Niğde	Turkey	37.937545	34.380696	Castellano 2018	Global Repositories	Woody Plants (Charcoal)	Tree/Shrub	Chronometric Only
present datasets	25.04.2025		UBA-30441	2878	43		Kınık Höyük	settlement	storage structure, silo			charcoal		Niğde	Turkey	37.937545	34.380696	Castellano 2018	Global Repositories	Woody Plants (Charcoal)	Tree/Shrub	Chronometric Only
present datasets	25.04.2025		UBA-30442	2901	35		Kınık Höyük	settlement	storage structure, silo			charcoal	Monocotyledon	Niğde	Turkey	37.937545	34.380696	Castellano 2018	Global Repositories	Woody Plants (Charcoal)	Tree/Shrub	Chronometric Only
present datasets	25.04.2025		UBA-36002	2777	30		Kınık Höyük	settlement	storage structure, silo			seeds	Triticum	Niğde	Turkey	37.937545	34.380696	Castellano 2018	Global Repositories	Short-lived Plants	Cereal/Pulse/Seed	Chronometric Only
present datasets	25.04.2025		Lyon-2667	1610	35		Kızıl Kilise	standing building	POUTRE DE CHAINAGE			wood		Aksaray	Turkey	38.2598	34.4283	BANADORA	Global Repositories	Woody Plants (Charcoal)	Tree/Shrub	Chronometric Only
present datasets	25.04.2025		X-30334	4194	22		Köhne Shahar	settlement	floor, F.05 structure			charcoal		Ağrı	Turkey	39.476946	44.249226	Alizadeh et al. 2018	Global Repositories	Woody Plants (Charcoal)	Tree/Shrub	Chronometric Only
present datasets	25.04.2025		X-30752	4170	22		Köhne Shahar	settlement	S306, Phase 5			seed		Ağrı	Turkey	39.476946	44.249226	Alizadeh et al. 2018	Global Repositories	Short-lived Plants	Cereal/Pulse/Seed	Chronometric Only
present datasets	25.04.2025		GifA-100396	9030	80		Kömürcü-Kaletepe	settlement	Sector P.3.2; phase nd (PPN)		Neolithic			Niğde	Turkey	38.2845	34.5758	Brami and Zanotti 2015; Reingruber and Thissen 2016; Flohr et al. 2016; TAY Project	Global Repositories	Indeterminate/Other	Indeterminate	Chronometric Only
present datasets	25.04.2025		GifA-100631	9000	90		Kömürcü-Kaletepe	settlement	Lower Level; phase nd (PPN)		Neolithic			Niğde	Turkey	38.2845	34.5758	Brami and Zanotti 2015; Reingruber and Thissen 2016; Flohr et al. 2016; TAY Project	Global Repositories	Indeterminate/Other	Indeterminate	Chronometric Only
present datasets	25.04.2025		GifA-99087	5940	80		Kömürcü-Kaletepe	settlement	Phase: top Levels;E Sector 97; phase top (LCh), E sector 97; 14.31-7F, N° 1			charcoal		Niğde	Turkey	38.2845	34.5758	Thissen 2002; Brami and Zanotti 2015; Reingruber and Thissen 2016; Flohr et al. 2016; TAY Project	Global Repositories	Woody Plants (Charcoal)	Tree/Shrub	Chronometric Only
present datasets	25.04.2025		GifA-99088	5870	80		Kömürcü-Kaletepe	settlement	Phase: top Levels;E Sector 97; phase top (LCh), E sector 97; 17.70-7G, N°2			charcoal		Niğde	Turkey	38.2845	34.5758	Thissen 2002; Brami and Zanotti 2015; Reingruber and Thissen 2016; Flohr et al. 2016; TAY Project	Global Repositories	Woody Plants (Charcoal)	Tree/Shrub	Chronometric Only
present datasets	25.04.2025		GifA-99089	5790	80		Kömürcü-Kaletepe	settlement	phase top (LCh), E sector 97; 19.15-7F, N°3			charcoal		Niğde	Turkey	38.2845	34.5758	Thissen 2002; Brami and Zanotti 2015; Reingruber and Thissen 2016; Flohr et al. 2016; TAY Project	Global Repositories	Woody Plants (Charcoal)	Tree/Shrub	Chronometric Only
present datasets	25.04.2025		GifA-99090	8850	90		Kömürcü-Kaletepe	settlement	Lower Level; phase basal (PPN), E sector 97; §9,45- 7F, N° 4			charcoal		Niğde	Turkey	38.2845	34.5758	Thissen 2002; Brami and Zanotti 2015; Reingruber and Thissen 2016; Flohr et al. 2016; TAY Project	Global Repositories	Woody Plants (Charcoal)	Tree/Shrub	Chronometric Only
present datasets	25.04.2025		Beta-178241	8370	40		Körtik Tepe	settlement				bone	animal	Diyarbakır	Turkey	37.815712	40.988021	Arbuckle 2006; Benz 2014; CalPal; Flohr et al. 2016	Global Repositories	Bone/Teeth (Human/Animal)	Animal	Chronometric Only
present datasets	25.04.2025		KIA-44863	9815	45	-22.34	Körtik Tepe	settlement	A84			grain	Secale cereale	Diyarbakır	Turkey	37.815712	40.988021	CalPal; Benz et al. 2014; Flohr et al. 2016	Global Repositories	Short-lived Plants	Cereal/Pulse/Seed	Chronometric Only
present datasets	25.04.2025		ETH-45342	9835	35		Körtik Tepe	settlement	A 85, D5, - 120 m.			charcoal	Populus/Salix	Diyarbakır	Turkey	37.815712	40.988021	Benz 2014	Global Repositories	Woody Plants (Charcoal)	Tree/Shrub	Chronometric Only
present datasets	25.04.2025		Beta-178242	9870	40		Körtik Tepe	settlement				bone	animal	Diyarbakır	Turkey	37.815712	40.988021	Arbuckle 2006; Benz 2014; CalPal; Flohr et al. 2016	Global Repositories	Bone/Teeth (Human/Animal)	Animal	Chronometric Only
present datasets	25.04.2025		ETH-39510	9925	45	-34.4	Körtik Tepe	settlement	A80, Phase I.2/II, -207 cm; I.2 filling layer; A80, G5			charcoal	Tamarix	Diyarbakır	Turkey	37.815712	40.988021	Benz 2014; CalPal; Flohr et al. 2016	Global Repositories	Woody Plants (Charcoal)	Tree/Shrub	Chronometric Only
present datasets	25.04.2025		ETH-39512	9955	45	-28.5	Körtik Tepe	settlement	A80, Phase V, -348 cm; V; A80, C5			charcoal	Tamarix	Diyarbakır	Turkey	37.815712	40.988021	Benz 2014; CalPal; Flohr et al. 2016	Global Repositories	Woody Plants (Charcoal)	Tree/Shrub	Chronometric Only
present datasets	25.04.2025		ETH-39509	9960	60	-29.9	Körtik Tepe	settlement	A80, Phase VI, -427cm; VI; A80, B5			charcoal	Populus/Salix	Diyarbakır	Turkey	37.815712	40.988021	Benz 2014; CalPal; Flohr et al. 2016	Global Repositories	Woody Plants (Charcoal)	Tree/Shrub	Chronometric Only
present datasets	25.04.2025		ETH-38852	9965	45	-33	Körtik Tepe	settlement	A 84, Destruction level of Phase II, -198 cm; I.2/II final destruction; A84, B5			charcoal	Tamarix	Diyarbakır	Turkey	37.815712	40.988021	Benz 2014; CalPal; Flohr et al. 2016	Global Repositories	Woody Plants (Charcoal)	Tree/Shrub	Chronometric Only
present datasets	25.04.2025		ETH-38848	9985	40	-25.3	Körtik Tepe	settlement	A80, Phase V, -365 cm; V; A80, C5			charcoal	Quercus	Diyarbakır	Turkey	37.815712	40.988021	Benz 2014; CalPal; Flohr et al. 2016	Global Repositories	Woody Plants (Charcoal)	Tree/Shrub	Chronometric Only
present datasets	25.04.2025		ETH-38854	10000	40	-23.5	Körtik Tepe	settlement	A 84, Phase IV, -284 cm; IV; A84			charcoal	Populus	Diyarbakır	Turkey	37.815712	40.988021	Benz 2014; CalPal; Flohr et al. 2016	Global Repositories	Woody Plants (Charcoal)	Tree/Shrub	Chronometric Only
present datasets	25.04.2025		ETH-38853	10015	45	-25.1	Körtik Tepe	settlement	A80, Phase IV, -275 cm; IV; A80, C5			charcoal	Amygdalus	Diyarbakır	Turkey	37.815712	40.988021	Benz 2014; CalPal; Flohr et al. 2016	Global Repositories	Woody Plants (Charcoal)	Tree/Shrub	Chronometric Only
present datasets	25.04.2025		ETH-45341	10015	40		Körtik Tepe	settlement	A 85, D5, -120m (probably old wood effect)			plant remains	Vitis	Diyarbakır	Turkey	37.815712	40.988021	Benz 2014	Global Repositories	Short-lived Plants	Cereal/Pulse/Seed	Chronometric Only
present datasets	25.04.2025		MAMS-23133	10020	32		Körtik Tepe	settlement				charcoal	Fraxinus	Diyarbakır	Turkey	37.815712	40.988021	Benz et al. 2015	Global Repositories	Woody Plants (Charcoal)	Tree/Shrub	Chronometric Only
present datasets	25.04.2025		ETH-45340	10030	40	-25.1	Körtik Tepe	settlement	A80, C5, Phase VIII, -521 cm; VIII; A80, C5			plant remains	Dicot	Diyarbakır	Turkey	37.815712	40.988021	Coskun et al. 2012; Benz 2014; Flohr et al. 2016	Global Repositories	Short-lived Plants	Cereal/Pulse/Seed	Chronometric Only
present datasets	25.04.2025		ETH-38850	10035	40	-25.4	Körtik Tepe	settlement	A80, Phase II, -238 cm; II; A80, D5			charcoal	Pistacia	Diyarbakır	Turkey	37.815712	40.988021	Benz 2014; CalPal; Flohr et al. 2016	Global Repositories	Woody Plants (Charcoal)	Tree/Shrub	Chronometric Only
present datasets	25.04.2025		ETH-38855	10040	40	-24	Körtik Tepe	settlement	A 84, Phase IV, -285 cm; IV; A84, C5			charcoal		Diyarbakır	Turkey	37.815712	40.988021	Benz 2014; CalPal; Flohr et al. 2016	Global Repositories	Woody Plants (Charcoal)	Tree/Shrub	Chronometric Only
present datasets	25.04.2025		MAMS-23131	10040	35		Körtik Tepe	settlement				charcoal	Populus/Salix	Diyarbakır	Turkey	37.815712	40.988021	Benz et al. 2015	Global Repositories	Woody Plants (Charcoal)	Tree/Shrub	Chronometric Only
present datasets	25.04.2025		ETH-38849	10065	40	-25.2	Körtik Tepe	settlement	A80, Phase II, -218 cm; II; A80, D5			charcoal	Quercus	Diyarbakır	Turkey	37.815712	40.988021	Benz 2014; CalPal; Flohr et al. 2016	Global Repositories	Woody Plants (Charcoal)	Tree/Shrub	Chronometric Only
present datasets	25.04.2025		ETH-38851	10075	40	-25.3	Körtik Tepe	settlement	A 84, Phase III, -227 cm; III; A84, C5			charcoal	Tamarix	Diyarbakır	Turkey	37.815712	40.988021	Benz 2014; CalPal; Flohr et al. 2016	Global Repositories	Woody Plants (Charcoal)	Tree/Shrub	Chronometric Only
present datasets	25.04.2025		MAMS-23134	10084	35		Körtik Tepe	settlement				charcoal	Populus/Salix	Diyarbakır	Turkey	37.815712	40.988021	Benz et al. 2015	Global Repositories	Woody Plants (Charcoal)	Tree/Shrub	Chronometric Only
present datasets	25.04.2025		ETH-45344	10090	40	-26.4	Körtik Tepe	settlement	A80, C4, -525 cm; A80, C4			charcoal		Diyarbakır	Turkey	37.815712	40.988021	Coskun et al. 2012; Benz 2014; Flohr et al. 2016	Global Repositories	Woody Plants (Charcoal)	Tree/Shrub	Chronometric Only
present datasets	25.04.2025		ETH-39511	10100	60	-27.6	Körtik Tepe	settlement	A80, Phase III, -194 cm; III; A80, C5			charcoal	Rhamnus	Diyarbakır	Turkey	37.815712	40.988021	Benz 2014; CalPal; Flohr et al. 2016	Global Repositories	Woody Plants (Charcoal)	Tree/Shrub	Chronometric Only
present datasets	25.04.2025		MAMS-23132	10118	31		Körtik Tepe	settlement				charcoal	Fraxinus	Diyarbakır	Turkey	37.815712	40.988021	Benz et al. 2015	Global Repositories	Woody Plants (Charcoal)	Tree/Shrub	Chronometric Only
present datasets	25.04.2025		ETH-45333	10155	50	-23.7	Körtik Tepe	settlement	A104, Loc. 5, -459 cm; A105, Loc. 5			charcoal		Diyarbakır	Turkey	37.815712	40.988021	Coskun et al. 2012; Benz 2014; Flohr et al. 2016	Global Repositories	Woody Plants (Charcoal)	Tree/Shrub	Chronometric Only
present datasets	25.04.2025		MAMS-27149	10197	32		Körtik Tepe	settlement				charcoal	Populus/Salix	Diyarbakır	Turkey	37.815712	40.988021	Benz et al. 2017	Global Repositories	Woody Plants (Charcoal)	Tree/Shrub	Chronometric Only
present datasets	25.04.2025		ETH-45334	10205	40	-27.2	Körtik Tepe	settlement	A104, Loc.5, -468 cm; A104, Loc. 5			charcoal	Populus/Salix	Diyarbakır	Turkey	37.815712	40.988021	Coskun et al. 2012; Benz 2014; Flohr et al. 2016	Global Repositories	Woody Plants (Charcoal)	Tree/Shrub	Chronometric Only
present datasets	25.04.2025		MAMS-23130	10205	33		Körtik Tepe	settlement				charcoal	Populus/Salix	Diyarbakır	Turkey	37.815712	40.988021	Benz et al. 2015	Global Repositories	Woody Plants (Charcoal)	Tree/Shrub	Chronometric Only
present datasets	25.04.2025		ETH-52348	10231	39		Körtik Tepe	settlement				seed	Polygonaceae	Diyarbakır	Turkey	37.815712	40.988021	Benz et al. 2015	Global Repositories	Short-lived Plants	Cereal/Pulse/Seed	Chronometric Only
present datasets	25.04.2025		KIA-44648	10250	60	-24.37	Körtik Tepe	settlement	A84, B/C5			grain	Secale cereale	Diyarbakır	Turkey	37.815712	40.988021	CalPal; Benz et al. 2014; Flohr et al. 2016	Global Repositories	Short-lived Plants	Cereal/Pulse/Seed	Chronometric Only
present datasets	25.04.2025		KIA-44864	10252	60	-24.3	Körtik Tepe	settlement	A 84; B-C5; BP 191., -374 cm.			grain	Secale cereale	Diyarbakır	Turkey	37.815712	40.988021	Benz 2014	Global Repositories	Short-lived Plants	Cereal/Pulse/Seed	Chronometric Only
present datasets	25.04.2025		MAMS-27150	10265	32		Körtik Tepe	settlement				charcoal	Populus/Salix	Diyarbakır	Turkey	37.815712	40.988021	Benz et al. 2017	Global Repositories	Woody Plants (Charcoal)	Tree/Shrub	Chronometric Only
present datasets	25.04.2025		ETH-45336	10270	95	-26.1	Körtik Tepe	settlement	A104, Loc.5_2, -512 cm; A104, Loc. 5_2			charcoal		Diyarbakır	Turkey	37.815712	40.988021	Coskun et al. 2012; Benz 2014; Flohr et al. 2016	Global Repositories	Woody Plants (Charcoal)	Tree/Shrub	Chronometric Only
present datasets	25.04.2025		ETH-45335	10330	70	-34.1	Körtik Tepe	settlement	A104, Loc 5_2, -507 cm; A104, Loc. 5			charcoal	Populus/Salix	Diyarbakır	Turkey	37.815712	40.988021	Coskun et al. 2012; Benz 2014; Flohr et al. 2016	Global Repositories	Woody Plants (Charcoal)	Tree/Shrub	Chronometric Only
present datasets	25.04.2025		MAMS-23135	10714	37		Körtik Tepe	settlement				organic material (charred)		Diyarbakır	Turkey	37.815712	40.988021	Benz et al. 2015	Global Repositories	Anthropic/Residues	Organic Residue/Artifact	Chronometric Only
present datasets	25.04.2025		GrN-5286	5370	40		Korucutepe	settlement	(B) XXX			charcoal		Elazığ	Turkey	38.6413	39.5243	Di Nocera 2000; Erdoğu 2003; CalPal; TAY Project; Flohr et al. 2016	Global Repositories	Woody Plants (Charcoal)	Tree/Shrub	Chronometric Only
present datasets	25.04.2025		GrN-5287	5330	40		Korucutepe	settlement	(B) XXX			grain	Cerealia	Elazığ	Turkey	38.6413	39.5243	Di Nocera 2000; Erdoğu 2003; CalPal; TAY Project; Flohr et al. 2016	Global Repositories	Short-lived Plants	Cereal/Pulse/Seed	Chronometric Only
present datasets	25.04.2025		GrN-6056	4160	60		Korucutepe	settlement	Phase D			charcoal		Elazığ	Turkey	38.6413	39.5243	Manning 1995; Di Nocera 2000	Global Repositories	Woody Plants (Charcoal)	Tree/Shrub	Chronometric Only
present datasets	25.04.2025		GrN-6773	4050	40		Korucutepe	settlement	(E)					Elazığ	Turkey	38.6413	39.5243	Di Nocera 2000; TAY Project	Global Repositories	Indeterminate/Other	Indeterminate	Chronometric Only
present datasets	25.04.2025		GrN-6774	4070	35		Korucutepe	settlement	(C)					Elazığ	Turkey	38.6413	39.5243	Di Nocera 2000; TAY Project	Global Repositories	Indeterminate/Other	Indeterminate	Chronometric Only
present datasets	25.04.2025		GrN-6775	5455	60		Korucutepe	settlement	(B) XXX			charcoal		Elazığ	Turkey	38.6413	39.5243	Di Nocera 2000; Erdoğu 2003; CalPal; TAY Project; Flohr et al. 2016	Global Repositories	Woody Plants (Charcoal)	Tree/Shrub	Chronometric Only
present datasets	25.04.2025		P-1298	5145	75		Korucutepe	settlement						Elazığ	Turkey	38.6413	39.5243	CalPall; Flohr et al. 2016	Global Repositories	Indeterminate/Other	Indeterminate	Chronometric Only
present datasets	25.04.2025		P-1611	2924	57		Korucutepe	settlement	Operation O 21 NW, Level 2c, KRC 68-S112		Hittite	charcoal		Elazığ	Turkey	38.6413	39.5243	Lawn 1971	Global Repositories	Woody Plants (Charcoal)	Tree/Shrub	Chronometric Only
present datasets	25.04.2025		P-1612	2871	63		Korucutepe	settlement	Operation O 21 NW, Level 2d, KRC 68-S113		Hittite	charcoal		Elazığ	Turkey	38.6413	39.5243	Lawn 1971	Global Repositories	Woody Plants (Charcoal)	Tree/Shrub	Chronometric Only
present datasets	25.04.2025		P-1613	3221	65		Korucutepe	settlement	Operation V 12, Level 8, KRC 68-S278		Hittite	charcoal		Elazığ	Turkey	38.6413	39.5243	Di Nocera 2000; TAY Project	Global Repositories	Woody Plants (Charcoal)	Tree/Shrub	Chronometric Only
present datasets	25.04.2025		P-1614	3221	165		Korucutepe	settlement	Operation V 12, Level 8, KRC 68-S225		Hittite	charcoal		Elazığ	Turkey	38.6413	39.5243	Di Nocera 2000; TAY Project	Global Repositories	Woody Plants (Charcoal)	Tree/Shrub	Chronometric Only
present datasets	25.04.2025		P-1615	3244	59		Korucutepe	settlement	Operation O 23, Area 2, Level 4, KRC 68-S110			charcoal		Elazığ	Turkey	38.6413	39.5243	Lawn 1971	Global Repositories	Woody Plants (Charcoal)	Tree/Shrub	Chronometric Only
present datasets	25.04.2025		P-1616	3247	63		Korucutepe	settlement	Operation O 24 E, Level 8, KRC 68-S68			charcoal		Elazığ	Turkey	38.6413	39.5243	Di Nocera 2000; TAY Project	Global Repositories	Woody Plants (Charcoal)	Tree/Shrub	Chronometric Only
present datasets	25.04.2025		P-1617	4084	53		Korucutepe	settlement	Operation O 1, Area 1, Level 5, KRC 69-S107			charcoal		Elazığ	Turkey	38.6413	39.5243	Lawn 1971; TAY Project	Global Repositories	Woody Plants (Charcoal)	Tree/Shrub	Chronometric Only
present datasets	25.04.2025		P-1618	4224	62		Korucutepe	settlement	Operation O 10, Area 1, Level 1, KRC 69-S109			charcoal		Elazığ	Turkey	38.6413	39.5243	Lawn 1971; TAY Project	Global Repositories	Woody Plants (Charcoal)	Tree/Shrub	Chronometric Only
present datasets	25.04.2025		P-1626	2921	71		Korucutepe	settlement	Operation H, Area 6, Level 5, KRC S-370, Stole Pile M		Early Iron Age	charcoal		Elazığ	Turkey	38.6413	39.5243	Lawn 1971	Global Repositories	Woody Plants (Charcoal)	Tree/Shrub	Chronometric Only
present datasets	25.04.2025		P-1627	3270	51		Korucutepe	settlement	Operation U 12, Area 1, Level 9, KRC 69-S78			charcoal		Elazığ	Turkey	38.6413	39.5243	Lawn 1971; TAY Project	Global Repositories	Woody Plants (Charcoal)	Tree/Shrub	Chronometric Only
present datasets	25.04.2025		P-1628	3989	64		Korucutepe	settlement	Operation N 11, Area 4, Level 4, KRC 69-S100			grain	Triticum	Elazığ	Turkey	38.6413	39.5243	Lawn 1971; TAY Project	Global Repositories	Short-lived Plants	Cereal/Pulse/Seed	Chronometric Only
present datasets	25.04.2025		P-1629	3963	65		Korucutepe	settlement	Operation N 11, Area 3, Level 7, KRC 68-S451/452			grain	Triticum	Elazığ	Turkey	38.6413	39.5243	Lawn 1971; TAY Project	Global Repositories	Short-lived Plants	Cereal/Pulse/Seed	Chronometric Only
present datasets	25.04.2025		P-1926	4340	70		Korucutepe	settlement	Operation P 17, Area 13, Level 5, KRC 70-S670	Amuq H-1		charcoal		Elazığ	Turkey	38.6413	39.5243	Di Nocera 2000; CalPal; TAY Project	Global Repositories	Woody Plants (Charcoal)	Tree/Shrub	Chronometric Only
present datasets	25.04.2025		P-1927	3950	70		Korucutepe	settlement	Operation O 16, Area 4, Level 10, KRC 70-S439		Early Bronze Age III	charcoal		Elazığ	Turkey	38.6413	39.5243	Di Nocera 2000; CalPal; TAY Project	Global Repositories	Woody Plants (Charcoal)	Tree/Shrub	Chronometric Only
present datasets	25.04.2025		P-1928	5150	80		Korucutepe	settlement	Operation K 12, Area 14, Level 22, KRC 70-S948			charcoal		Elazığ	Turkey	38.6413	39.5243	Erdoğu 2003; Flohr et al. 2016	Global Repositories	Woody Plants (Charcoal)	Tree/Shrub	Chronometric Only
present datasets	25.04.2025		P-1929	6310	70		Korucutepe	settlement	Operation K 13, Area5, Level27, KRC 70-S757			charcoal		Elazığ	Turkey	38.6413	39.5243	Erdoğu 2003; CalPal; Flohr et al. 2016	Global Repositories	Woody Plants (Charcoal)	Tree/Shrub	Chronometric Only
present datasets	25.04.2025		AA-42685	6087	50		Köşk Höyük	settlement	Level I; Trench I, room 1			charcoal	Juniperus	Niğde	Turkey	37.8474	34.6121	Thissen 2002; Erdoğu 2003; TAY Project; CalPal; Flohr et al. 2016	Global Repositories	Woody Plants (Charcoal)	Tree/Shrub	Chronometric Only
present datasets	25.04.2025		AA-42686	6221	68		Köşk Höyük	settlement	Level I; Trench I, room 1			charcoal	Juniperus	Niğde	Turkey	37.8474	34.6121	Thissen 2002; Erdoğu 2003; TAY Project; CalPal; Flohr et al. 2016	Global Repositories	Woody Plants (Charcoal)	Tree/Shrub	Chronometric Only
present datasets	25.04.2025		AA-42687	6220	52		Köşk Höyük	settlement	Level I; Trench I, room 1			charcoal	Juniperus	Niğde	Turkey	37.8474	34.6121	Thissen 2002; Erdoğu 2003; TAY Project; CalPal; Flohr et al. 2016	Global Repositories	Woody Plants (Charcoal)	Tree/Shrub	Chronometric Only
present datasets	25.04.2025		AA-42688	6068	51		Köşk Höyük	settlement	Level I; Trench I, room 1			charcoal	Juniperus	Niğde	Turkey	37.8474	34.6121	Thissen 2002; Erdoğu 2003; TAY Project; CalPal; Flohr et al. 2016	Global Repositories	Woody Plants (Charcoal)	Tree/Shrub	Chronometric Only
present datasets	25.04.2025		AA-42689	6131	52		Köşk Höyük	settlement	Level I; Trench I, room 1			charcoal	Juniperus	Niğde	Turkey	37.8474	34.6121	Thissen 2002; Erdoğu 2003; TAY Project; CalPal; Flohr et al. 2016	Global Repositories	Woody Plants (Charcoal)	Tree/Shrub	Chronometric Only
present datasets	25.04.2025		AA-42690	6045	52		Köşk Höyük	settlement	Level I; Trench I, room 1			charcoal	Juniperus	Niğde	Turkey	37.8474	34.6121	Thissen 2002; Erdoğu 2003; TAY Project; CalPal; Flohr et al. 2016	Global Repositories	Woody Plants (Charcoal)	Tree/Shrub	Chronometric Only
present datasets	25.04.2025		OxA-6745	5945	80		Köşk Höyük	settlement	Level I; Trench I, room 1			charcoal	Juniperus	Niğde	Turkey	37.8474	34.6121	Thissen 2002; Erdoğu 2003; TAY Project; CalPal; Flohr et al. 2016	Global Repositories	Woody Plants (Charcoal)	Tree/Shrub	Chronometric Only
present datasets	25.04.2025		OxA-6790	5950	55		Köşk Höyük	settlement	Level I; Trench I, room 1			charcoal	Juniperus	Niğde	Turkey	37.8474	34.6121	Thissen 2002; Erdoğu 2003; TAY Project; CalPal; Flohr et al. 2016	Global Repositories	Woody Plants (Charcoal)	Tree/Shrub	Chronometric Only
present datasets	25.04.2025		OxA-6821	6180	65		Köşk Höyük	settlement	Level I; Trench I, room 1			charcoal	Juniperus	Niğde	Turkey	37.8474	34.6121	Thissen 2002; Erdoğu 2003; TAY Project; CalPal; Flohr et al. 2016	Global Repositories	Woody Plants (Charcoal)	Tree/Shrub	Chronometric Only
present datasets	25.04.2025		Hacettepe-7	1600	50		Koyulhisar Kurşunlu Koyu	mine	staircase			wood		Sivas	Turkey	40.462475	38.093307	Ergin et al. 1980	Global Repositories	Woody Plants (Charcoal)	Tree/Shrub	Chronometric Only
present datasets	25.04.2025		METU-ID1	3789	109		Kozlu Eski Gümüşlük	mine	mine gallery			wood		Tokat	Turkey	40.533562	36.414898	Kaptan 1990	Global Repositories	Woody Plants (Charcoal)	Tree/Shrub	Chronometric Only
present datasets	25.04.2025		GrN-12652	7930	80		Kumartepe	settlement	S 0077 (lowermost pavement); occupation layer; occupation layer			charcoal		Adıyaman	Turkey	37.5	38.5	Erdoğu 2003; CalPal; Flohr et al. 2016	Global Repositories	Woody Plants (Charcoal)	Tree/Shrub	Chronometric Only
present datasets	25.04.2025		Hd-16315	4443	32		Kumtepe	settlement	IB2			charcoal		Çanakkale	Turkey	39.96	26.22	Reingruber and Thissen 2016; TAY Project	Global Repositories	Woody Plants (Charcoal)	Tree/Shrub	Chronometric Only
present datasets	25.04.2025		Hd-16323	4529	48		Kumtepe	settlement	IB2/C			charcoal		Çanakkale	Turkey	39.96	26.22	Reingruber and Thissen 2016; TAY Project	Global Repositories	Woody Plants (Charcoal)	Tree/Shrub	Chronometric Only
present datasets	25.04.2025		Hd-16324	4601	44		Kumtepe	settlement	IB2			charcoal		Çanakkale	Turkey	39.96	26.22	Reingruber and Thissen 2016; TAY Project	Global Repositories	Woody Plants (Charcoal)	Tree/Shrub	Chronometric Only
present datasets	25.04.2025		Hd-17707	4541	55		Kumtepe	settlement	IB2/C			charcoal		Çanakkale	Turkey	39.96	26.22	Reingruber and Thissen 2016; TAY Project	Global Repositories	Woody Plants (Charcoal)	Tree/Shrub	Chronometric Only
present datasets	25.04.2025		Hd-17870	4378	39		Kumtepe	settlement	IB2/C			charcoal		Çanakkale	Turkey	39.96	26.22	Reingruber and Thissen 2016; TAY Project	Global Repositories	Woody Plants (Charcoal)	Tree/Shrub	Chronometric Only
present datasets	25.04.2025		Hd-18919	5893	38		Kumtepe	settlement	Sk: Grave 9 (F28.1046) DNA id: kum9			bone	human	Çanakkale	Turkey	39.96	26.22	Gabriel 2000; Reingruber and Thissen 2016; TAY Project; Flohr et al. 2016	Global Repositories	Bone/Teeth (Human/Animal)	Human	Genomically Integrated
present datasets	25.04.2025		Hd-19141	5880	41		Kumtepe	settlement	Sk: 6 (F28.992 and F28.1044) DNA id: kum6			bone	human	Çanakkale	Turkey	39.96	26.22	Gabriel 2000; Reingruber and Thissen 2016; TAY Project; Flohr et al. 2016	Global Repositories	Bone/Teeth (Human/Animal)	Human	Genomically Integrated
present datasets	25.04.2025		Hd-9988-10341	4620	60	-21.43	Kuruçay Höyük	settlement	Layer 6A-6b, House 6 building material			charcoal		Burdur	Turkey	37.6424	30.166	Reingruber and Thissen 2016; TAY Project	Global Repositories	Woody Plants (Charcoal)	Tree/Shrub	Chronometric Only
present datasets	25.04.2025		Hd-9992-10363	4650	55	-23.19	Kuruçay Höyük	settlement	Layer 6A-6b, House 6 building material			charcoal		Burdur	Turkey	37.6424	30.166	Reingruber and Thissen 2016; TAY Project	Global Repositories	Woody Plants (Charcoal)	Tree/Shrub	Chronometric Only
present datasets	25.04.2025		Hd-9990-10361	4690	60	-22.13	Kuruçay Höyük	settlement	Layer 6A-6b, House 6 building material			charcoal		Burdur	Turkey	37.6424	30.166	Reingruber and Thissen 2016; TAY Project	Global Repositories	Woody Plants (Charcoal)	Tree/Shrub	Chronometric Only
present datasets	25.04.2025		Hd-9991-10362	4720	60	-23.03	Kuruçay Höyük	settlement	Layer 6A-6b, House 6 building material			charcoal		Burdur	Turkey	37.6424	30.166	Reingruber and Thissen 2016; TAY Project	Global Repositories	Woody Plants (Charcoal)	Tree/Shrub	Chronometric Only
present datasets	25.04.2025		Hd-9989-10360	4740	50	-23.13	Kuruçay Höyük	settlement	Layer 6A-6b; phase 6; Phase 6A/6, House 6 building material			charcoal		Burdur	Turkey	37.6424	30.166	Clare and Weninger 2014;  Brami 2014; Brami and Zanotti 2015; Reingruber and Thissen 2016	Global Repositories	Woody Plants (Charcoal)	Tree/Shrub	Chronometric Only
present datasets	25.04.2025		Hacettepe-1	4795	82		Kuruçay Höyük	settlement	level 6b					Burdur	Turkey	37.6424	30.166	Duru, 1984	Global Repositories	Indeterminate/Other	Indeterminate	Chronometric Only
present datasets	25.04.2025		Hacettepe-3	5170	70		Kuruçay Höyük	settlement	Level 7			charcoal		Burdur	Turkey	37.6424	30.166	Duru, 1984	Global Repositories	Woody Plants (Charcoal)	Tree/Shrub	Chronometric Only
present datasets	25.04.2025		Hacettepe-2	5450	52		Kuruçay Höyük	settlement	level 6c					Burdur	Turkey	37.6424	30.166	Duru, 1984	Global Repositories	Indeterminate/Other	Indeterminate	Chronometric Only
present datasets	25.04.2025		Hd-12917-12830	7045	95		Kuruçay Höyük	settlement	phase 11			bone	animal	Burdur	Turkey	37.6424	30.166	Thissen 2002; Erdoğu 2003; Brami and Zanotti 2015; Reingruber and Thissen 2016; Flohr et al. 2016; TAY Project	Global Repositories	Bone/Teeth (Human/Animal)	Animal	Chronometric Only
present datasets	25.04.2025		Hd-12916-12674	7140	35		Kuruçay Höyük	settlement	phase 12			bone	animal	Burdur	Turkey	37.6424	30.166	Thissen 2002; Erdoğu 2003; Brami and Zanotti 2015; Reingruber and Thissen 2016; Flohr et al. 2016; TAY Project	Global Repositories	Bone/Teeth (Human/Animal)	Animal	Chronometric Only
present datasets	25.04.2025		Hacettepe-4	7214	38		Kuruçay Höyük	settlement	level 7			charcoal		Burdur	Turkey	37.6424	30.166	Duru, 1984	Global Repositories	Woody Plants (Charcoal)	Tree/Shrub	Chronometric Only
present datasets	25.04.2025		Hd-12915-12673	7310	70		Kuruçay Höyük	settlement	phase 13, test trench A, B or C			bone	animal	Burdur	Turkey	37.6424	30.166	Duru 1994; Erdoğu 2003; Pinhasi et al. 2005;  Brami and Zanotti 2015; Reingruber and Thissen 2016; CalPal; Flohr et al. 2016	Global Repositories	Bone/Teeth (Human/Animal)	Animal	Chronometric Only
present datasets	25.04.2025		OxA-24699	2960	28	-19.948	Lidar Höyük	settlement				bone	Sus	Urfa	Turkey	37.463017	38.482235	Ottoni et al. 2013	Global Repositories	Bone/Teeth (Human/Animal)	Animal	Chronometric Only
present datasets	25.04.2025		OxA-24700	2983	30	-20.019	Lidar Höyük	settlement				bone	Sus	Urfa	Turkey	37.463017	38.482235	Ottoni et al. 2013	Global Repositories	Bone/Teeth (Human/Animal)	Animal	Chronometric Only
present datasets	25.04.2025		OxA-24701	2963	29	-20.454	Lidar Höyük	settlement				bone	Sus	Urfa	Turkey	37.463017	38.482235	Ottoni et al. 2013	Global Repositories	Bone/Teeth (Human/Animal)	Animal	Chronometric Only
present datasets	25.04.2025		OxA-24709	4053	30	-19.314	Lidar Höyük	settlement				bone	Sus	Urfa	Turkey	37.463017	38.482235	Ottoni et al. 2013	Global Repositories	Bone/Teeth (Human/Animal)	Animal	Chronometric Only
present datasets	25.04.2025		Hd-19222	4511	31		Limantepe	settlement				charcoal/nutshell	Quercus	İzmir	Turkey	38.325	26.7668	Image	Global Repositories	Short-lived Plants	Cereal/Pulse/Seed	Chronometric Only
present datasets	25.04.2025		GrN-22789	6630	90		Menteşe Höyük	settlement	Layer 1; phase stratum 1, square J16			charcoal		Bursa	Turkey	40.3205	29.5255	Roodenberg et al. 2003; Brami and Zanotti 2015; CalPal; Flohr et al. 2016	Global Repositories	Woody Plants (Charcoal)	Tree/Shrub	Chronometric Only
present datasets	25.04.2025		GrN-22790	6800	90		Menteşe Höyük	settlement	Layer 1; phase stratum 1, square J16			charcoal		Bursa	Turkey	40.3205	29.5255	Roodenberg et al. 2003; Brami and Zanotti 2015; CalPal; Flohr et al. 2016	Global Repositories	Woody Plants (Charcoal)	Tree/Shrub	Chronometric Only
present datasets	25.04.2025		GrN-24461	7170	60		Menteşe Höyük	settlement	phase 3 (top), square SSK15, (burned) building 1 (esb1), post			charcoal		Bursa	Turkey	40.3205	29.5255	Roodenberg et al. 2003; Brami and Zanotti 2015; CalPal; Flohr et al. 2016	Global Repositories	Woody Plants (Charcoal)	Tree/Shrub	Chronometric Only
present datasets	25.04.2025		GrN-24462	7050	35		Menteşe Höyük	settlement	phase 3 (top), square JK15			charcoal		Bursa	Turkey	40.3205	29.5255	Roodenberg et al. 2003; Brami and Zanotti 2015; CalPal; Flohr et al. 2016	Global Repositories	Woody Plants (Charcoal)	Tree/Shrub	Chronometric Only
present datasets	25.04.2025		GrN-24463	7200	60		Menteşe Höyük	settlement	stratum 3 (top)			charcoal		Bursa	Turkey	40.3205	29.5255	Roodenberg et al. 2003; CalPal; Flohr et al. 2016	Global Repositories	Woody Plants (Charcoal)	Tree/Shrub	Chronometric Only
present datasets	25.04.2025		GrN-25819	7550	50		Menteşe Höyük	settlement	phase 3 (lower), near virgin soil			charcoal		Bursa	Turkey	40.3205	29.5255	Roodenberg et al. 2003; Brami and Zanotti 2015; CalPal; Flohr et al. 2016	Global Repositories	Woody Plants (Charcoal)	Tree/Shrub	Chronometric Only
present datasets	25.04.2025		GrN-25820	7410	130		Menteşe Höyük	settlement	stratum 3 (lower)			charcoal		Bursa	Turkey	40.3205	29.5255	Roodenberg et al. 2003; CalPal; Flohr et al. 2016	Global Repositories	Woody Plants (Charcoal)	Tree/Shrub	Chronometric Only
present datasets	25.04.2025		GrN-25821	7450	25		Menteşe Höyük	settlement	Trench SSK15, post from storage feature, c. 50cm above virgin soil; phase 3 (lower)			charcoal		Bursa	Turkey	40.3205	29.5255	Roodenberg et al. 2003; Brami and Zanotti 2015; CalPal; Flohr et al. 2016	Global Repositories	Woody Plants (Charcoal)	Tree/Shrub	Chronometric Only
present datasets	25.04.2025		GrN-25822	7310	40		Menteşe Höyük	settlement	immediately below floor; phase 3 (middle), immediately below floor			charcoal		Bursa	Turkey	40.3205	29.5255	Roodenberg et al. 2003; Brami and Zanotti 2015; CalPal; Flohr et al. 2016	Global Repositories	Woody Plants (Charcoal)	Tree/Shrub	Chronometric Only
present datasets	25.04.2025		GrN-25823	7260	25		Menteşe Höyük	settlement	ash and charcoal Level; phase 3 (middle), ash and charcoal level			charcoal		Bursa	Turkey	40.3205	29.5255	Roodenberg et al. 2003; Brami and Zanotti 2015; CalPal; Flohr et al. 2016	Global Repositories	Woody Plants (Charcoal)	Tree/Shrub	Chronometric Only
present datasets	25.04.2025		GrN-25824	7230	40		Menteşe Höyük	settlement	Trench SSK15; phase 3 (middle), trench SSK15			charcoal		Bursa	Turkey	40.3205	29.5255	Roodenberg et al. 2003; Brami and Zanotti 2015; CalPal; Flohr et al. 2016	Global Repositories	Woody Plants (Charcoal)	Tree/Shrub	Chronometric Only
present datasets	25.04.2025		Hacettepe-8	1949	50		Merzifon, Bakırçay	mine	mine gallery			charcoal		Amasya	Turkey	40.873	35.462	Ergin et al. 1980	Global Repositories	Woody Plants (Charcoal)	Tree/Shrub	Chronometric Only
present datasets	25.04.2025		Hacettepe-9	3726	54		Merzifon, Büklüce Köyü	mine	slag deposit			charcoal		Amasya	Turkey	40.875	35.464	Ergin et al. 1980	Global Repositories	Woody Plants (Charcoal)	Tree/Shrub	Chronometric Only
present datasets	25.04.2025		Hacettepe-10	3943	54		Merzifon, Sulualak Deresi	mine	mine gallery			charcoal		Amasya	Turkey	40.874	35.463	Ergin et al. 1980	Global Repositories	Woody Plants (Charcoal)	Tree/Shrub	Chronometric Only
present datasets	25.04.2025		AA-40101	7806	61		Mezraa Teleilat	settlement	Beginning of the Transition Period to Ceramic Neolithic			seeds		Urfa	Turkey	36.9775	37.986253	Coşkunsu 2007; Özdogan 2011; CalPal; Flohr et al. 2016	Global Repositories	Short-lived Plants	Cereal/Pulse/Seed	Chronometric Only
present datasets	25.04.2025		AA-49099	7849	61		Mezraa Teleilat	settlement	Sondage, sq.14K, locus 16, sample 214; Phase IIB?			seeds		Urfa	Turkey	36.9775	37.986253	Coşkunsu 2007; Özdogan 2011; CalPal; Flohr et al. 2016	Global Repositories	Short-lived Plants	Cereal/Pulse/Seed	Chronometric Only
present datasets	25.04.2025		AA-49100	7746	61		Mezraa Teleilat	settlement	Beginning of the Transition Period to Ceramic Neolithic; level IIB; 21F, 100			seeds		Urfa	Turkey	36.9775	37.986253	Coşkunsu 2007; Özdogan 2011; CalPal; Flohr et al. 2016	Global Repositories	Short-lived Plants	Cereal/Pulse/Seed	Chronometric Only
present datasets	25.04.2025		AA-49101	7806	61		Mezraa Teleilat	settlement	Level IIB;sq,21F, locus 100, pit, sample 224			seeds		Urfa	Turkey	36.9775	37.986253	Coşkunsu 2007; Özdogan 2011; CalPal; Flohr et al. 2016	Global Repositories	Short-lived Plants	Cereal/Pulse/Seed	Chronometric Only
present datasets	25.04.2025		AA-49102	9324	59		Mezraa Teleilat	settlement	Level IIIB2;sq,21E, locus 38, sample 233			seeds		Urfa	Turkey	36.9775	37.986253	Coşkunsu 2007; Özdogan 2011; CalPal; Flohr et al. 2016	Global Repositories	Short-lived Plants	Cereal/Pulse/Seed	Chronometric Only
present datasets	25.04.2025		AA-49103	8021	55		Mezraa Teleilat	settlement	Level IIIB2;sq,21E, locus 38, sample 233			seeds	Aegilops	Urfa	Turkey	36.9775	37.986253	Coşkunsu 2007; Özdogan 2011; CalPal; Flohr et al. 2016	Global Repositories	Short-lived Plants	Cereal/Pulse/Seed	Chronometric Only
present datasets	25.04.2025		AA-49104	7977	54		Mezraa Teleilat	settlement	Level IIIB2;sq,21E, locus 38, sample 233			grain	Triticum	Urfa	Turkey	36.9775	37.986253	Coşkunsu 2007; Özdogan 2011; CalPal; Flohr et al. 2016	Global Repositories	Short-lived Plants	Cereal/Pulse/Seed	Chronometric Only
present datasets	25.04.2025		AA-49105	7973	62		Mezraa Teleilat	settlement	Level IIIB2;sq,21E, locus 38, sample 233			seeds	Gramineae	Urfa	Turkey	36.9775	37.986253	Coşkunsu 2007; Özdogan 2011; CalPal; Flohr et al. 2016	Global Repositories	Short-lived Plants	Cereal/Pulse/Seed	Chronometric Only
present datasets	25.04.2025		AA-49106	7993	58		Mezraa Teleilat	settlement	Level IIIB2;sq,21E, locus 62, sample 223			seeds		Urfa	Turkey	36.9775	37.986253	Coşkunsu 2007; Özdogan 2011; CalPal; Flohr et al. 2016	Global Repositories	Short-lived Plants	Cereal/Pulse/Seed	Chronometric Only
present datasets	25.04.2025		AA-49107	8001	55		Mezraa Teleilat	settlement	Level IIIB2;sq,21E, locus 62, sample 223			seeds	Gramineae	Urfa	Turkey	36.9775	37.986253	Coşkunsu 2007; Özdogan 2011; CalPal; Flohr et al. 2016	Global Repositories	Short-lived Plants	Cereal/Pulse/Seed	Chronometric Only
present datasets	25.04.2025		AA-49108	7926	69		Mezraa Teleilat	settlement	Level IIIB2;sq,21E, locus 62, sample 223			grain	Triticum	Urfa	Turkey	36.9775	37.986253	Coşkunsu 2007; Özdogan 2011; CalPal; Flohr et al. 2016	Global Repositories	Short-lived Plants	Cereal/Pulse/Seed	Chronometric Only
present datasets	25.04.2025		ANSTO OZ-1355	8360	80		Mezraa Teleilat	settlement	Phase IIC; building AB, 21G, 47					Urfa	Turkey	36.9775	37.986253	Coşkunsu 2007; Özdogan 2011; CalPal; Flohr et al. 2016	Global Repositories	Indeterminate/Other	Indeterminate	Chronometric Only
present datasets	25.04.2025		LTL-2640A	7594	50		Mezraa Teleilat	settlement	Phase IIB3-IIB2; 18H, 36					Urfa	Turkey	36.9775	37.986253	Coşkunsu 2007; Özdogan 2011; CalPal; Flohr et al. 2016	Global Repositories	Indeterminate/Other	Indeterminate	Chronometric Only
present datasets	25.04.2025		LTL-2641A	7439	35		Mezraa Teleilat	settlement	Phase IIC; 20G, 60					Urfa	Turkey	36.9775	37.986253	Coşkunsu 2007; Özdogan 2011; CalPal; Flohr et al. 2016	Global Repositories	Indeterminate/Other	Indeterminate	Chronometric Only
present datasets	25.04.2025		LTL-2644A	7444	55		Mezraa Teleilat	settlement	Phase IIC1; building AR, 5					Urfa	Turkey	36.9775	37.986253	Coşkunsu 2007; Özdogan 2011; CalPal; Flohr et al. 2016	Global Repositories	Indeterminate/Other	Indeterminate	Chronometric Only
present datasets	25.04.2025		LTL-2645A	7816	85		Mezraa Teleilat	settlement	Phase IIC1-IIB3; 21H, 50					Urfa	Turkey	36.9775	37.986253	Coşkunsu 2007; Özdogan 2011; CalPal; Flohr et al. 2016	Global Repositories	Indeterminate/Other	Indeterminate	Chronometric Only
present datasets	25.04.2025		LTL-2649A	7817	50		Mezraa Teleilat	settlement	Phase IIC1; building BH, 13					Urfa	Turkey	36.9775	37.986253	Coşkunsu 2007; Özdogan 2011; CalPal; Flohr et al. 2016	Global Repositories	Indeterminate/Other	Indeterminate	Chronometric Only
present datasets	25.04.2025		LTL-2651A	8016	45		Mezraa Teleilat	settlement	Phase III?; 20D, 54					Urfa	Turkey	36.9775	37.986253	Coşkunsu 2007; Özdogan 2011; CalPal; Flohr et al. 2016	Global Repositories	Indeterminate/Other	Indeterminate	Chronometric Only
present datasets	25.04.2025		OS-60149	7940	45		Mezraa Teleilat	settlement	Phase IIIB; 21E, 75					Urfa	Turkey	36.9775	37.986253	Coşkunsu 2007; Özdogan 2011; CalPal; Flohr et al. 2016	Global Repositories	Indeterminate/Other	Indeterminate	Chronometric Only
present datasets	25.04.2025		OS-60150	8190	40		Mezraa Teleilat	settlement	phase III-IV; 20C, 13					Urfa	Turkey	36.9775	37.986253	Coşkunsu 2007; Özdogan 2011; CalPal; Flohr et al. 2016	Global Repositories	Indeterminate/Other	Indeterminate	Chronometric Only
present datasets	25.04.2025		OS-60151	7960	40		Mezraa Teleilat	settlement	Phase IIIB-early; 21E, 89					Urfa	Turkey	36.9775	37.986253	Coşkunsu 2007; Özdogan 2011; CalPal; Flohr et al. 2016	Global Repositories	Indeterminate/Other	Indeterminate	Chronometric Only
present datasets	25.04.2025		OS-60152	8020	45		Mezraa Teleilat	settlement	Phase IIIB-early; 21E, 88					Urfa	Turkey	36.9775	37.986253	Coşkunsu 2007; Özdogan 2011; CalPal; Flohr et al. 2016	Global Repositories	Indeterminate/Other	Indeterminate	Chronometric Only
present datasets	25.04.2025		OS-60153	7900	40		Mezraa Teleilat	settlement	Phase IIIB; 21E, building BA, 1					Urfa	Turkey	36.9775	37.986253	Coşkunsu 2007; Özdogan 2011; CalPal; Flohr et al. 2016	Global Repositories	Indeterminate/Other	Indeterminate	Chronometric Only
present datasets	25.04.2025		OS-60304	8040	55		Mezraa Teleilat	settlement	phase IV; 21D, building BE, 10					Urfa	Turkey	36.9775	37.986253	Coşkunsu 2007; Özdogan 2011; CalPal; Flohr et al. 2016	Global Repositories	Indeterminate/Other	Indeterminate	Chronometric Only
present datasets	25.04.2025		OS-60305	7940	50		Mezraa Teleilat	settlement	Phase IIIB; 21E, 38					Urfa	Turkey	36.9775	37.986253	Coşkunsu 2007; Özdogan 2011; CalPal; Flohr et al. 2016	Global Repositories	Indeterminate/Other	Indeterminate	Chronometric Only
present datasets	25.04.2025		OS-60538	7940	40		Mezraa Teleilat	settlement	Phase IIIB; 21E, 77					Urfa	Turkey	36.9775	37.986253	Coşkunsu 2007; Özdogan 2011; CalPal; Flohr et al. 2016	Global Repositories	Indeterminate/Other	Indeterminate	Chronometric Only
present datasets	25.04.2025		OS-60540	7790	35		Mezraa Teleilat	settlement	Phase IIIB-early; 23G, 90					Urfa	Turkey	36.9775	37.986253	Coşkunsu 2007; Özdogan 2011; CalPal; Flohr et al. 2016	Global Repositories	Indeterminate/Other	Indeterminate	Chronometric Only
present datasets	25.04.2025		OS-60735	7760	55		Mezraa Teleilat	settlement	Phase IIC3-early / IID; 21G, building AB, 47					Urfa	Turkey	36.9775	37.986253	Coşkunsu 2007; Özdogan 2011; CalPal; Flohr et al. 2016	Global Repositories	Indeterminate/Other	Indeterminate	Chronometric Only
present datasets	25.04.2025		OxA-11950	3549	24	-19.8	Miletos	settlement	AT 98.196			bone		Aydın	Turkey	37.5305	27.2784	Bronk Ramsey et al. 2004	Global Repositories	Bone/Teeth (Human/Animal)	Indeterminate	Chronometric Only
present datasets	25.04.2025		OxA-11951	3423	23	-19.5	Miletos	settlement	AT 99.915			bone	Ovis/Capra	Aydın	Turkey	37.5305	27.2784	Bronk Ramsey et al. 2004; Manning et al. 2006	Global Repositories	Bone/Teeth (Human/Animal)	Animal	Chronometric Only
present datasets	25.04.2025		OxA-11952	3243	22	-20.1	Miletos	settlement	AT 99.729			bone	Ovis/Capra	Aydın	Turkey	37.5305	27.2784	Bronk Ramsey et al. 2004	Global Repositories	Bone/Teeth (Human/Animal)	Animal	Chronometric Only
present datasets	25.04.2025		OxA-11953	3279	26	-20	Miletos	settlement	AT 99.779			bone	Ovis/Capra	Aydın	Turkey	37.5305	27.2784	Bronk Ramsey et al. 2004; Manning et al. 2006	Global Repositories	Bone/Teeth (Human/Animal)	Animal	Chronometric Only
present datasets	25.04.2025		OxA-11954	3377	24	-19.4	Miletos	settlement	AT 99.811			bone	Ovis/Capra	Aydın	Turkey	37.5305	27.2784	Bronk Ramsey et al. 2004; Manning et al. 2006	Global Repositories	Bone/Teeth (Human/Animal)	Animal	Chronometric Only
present datasets	25.04.2025		OxA-11955	3233	23	-17.8	Miletos	settlement	AT 99.787			bone	Ovis/Capra	Aydın	Turkey	37.5305	27.2784	Bronk Ramsey et al. 2004; Manning et al. 2006	Global Repositories	Bone/Teeth (Human/Animal)	Animal	Chronometric Only
present datasets	25.04.2025		OxA-12301	3439	30	-25.4	Miletos	settlement	1:C-TU-MIL-1/RY1000-1010			charcoal	Quercus	Aydın	Turkey	37.5305	27.2784	Bronk Ramsey et al. 2004; Manning et al. 2006	Global Repositories	Woody Plants (Charcoal)	Tree/Shrub	Chronometric Only
present datasets	25.04.2025		OxA-12302	3386	31	-26	Miletos	settlement	1:C-TU-MIL-1/RY1000-1010			charcoal	Quercus	Aydın	Turkey	37.5305	27.2784	Bronk Ramsey et al. 2004; Manning et al. 2006	Global Repositories	Woody Plants (Charcoal)	Tree/Shrub	Chronometric Only
present datasets	25.04.2025		OxA-12303	3467	31	-25.5	Miletos	settlement	2:C-TU-MIL-1/RY1010-1020			charcoal	Quercus	Aydın	Turkey	37.5305	27.2784	Bronk Ramsey et al. 2004; Manning et al. 2006	Global Repositories	Woody Plants (Charcoal)	Tree/Shrub	Chronometric Only
present datasets	25.04.2025		OxA-12304	3404	31	-25.5	Miletos	settlement	3:C-TU-MIL-1/RY1020-1030			charcoal	Quercus	Aydın	Turkey	37.5305	27.2784	Bronk Ramsey et al. 2004; Manning et al. 2006	Global Repositories	Woody Plants (Charcoal)	Tree/Shrub	Chronometric Only
present datasets	25.04.2025		OxA-12305	3459	31	-25.7	Miletos	settlement	3:C-TU-MIL-1/RY1020-1030			charcoal	Quercus	Aydın	Turkey	37.5305	27.2784	Bronk Ramsey et al. 2004; Manning et al. 2006	Global Repositories	Woody Plants (Charcoal)	Tree/Shrub	Chronometric Only
present datasets	25.04.2025		OxA-12306	3416	31	-25.7	Miletos	settlement	4:C-TU-MIL-1/RY1030-1040			charcoal	Quercus	Aydın	Turkey	37.5305	27.2784	Bronk Ramsey et al. 2004; Manning et al. 2006	Global Repositories	Woody Plants (Charcoal)	Tree/Shrub	Chronometric Only
present datasets	25.04.2025		OxA-12307	3425	31	-25.6	Miletos	settlement	4:C-TU-MIL-1/RY1030-1040			charcoal	Quercus	Aydın	Turkey	37.5305	27.2784	Bronk Ramsey et al. 2004; Manning et al. 2006	Global Repositories	Woody Plants (Charcoal)	Tree/Shrub	Chronometric Only
present datasets	25.04.2025		OxA-12308	3361	31	-26	Miletos	settlement	5:C-TU-MIL-1/RY1040-1050			charcoal	Quercus	Aydın	Turkey	37.5305	27.2784	Bronk Ramsey et al. 2004; Manning et al. 2006	Global Repositories	Woody Plants (Charcoal)	Tree/Shrub	Chronometric Only
present datasets	25.04.2025		OxA-12309	3397	31	-26	Miletos	settlement	5:C-TU-MIL-1/RY1040-1050			charcoal	Quercus	Aydın	Turkey	37.5305	27.2784	Bronk Ramsey et al. 2004; Manning et al. 2006	Global Repositories	Woody Plants (Charcoal)	Tree/Shrub	Chronometric Only
present datasets	25.04.2025		OxA-12310	3345	32	-26.3	Miletos	settlement	6:C-TU-MIL-1/RY1050-1060			charcoal	Quercus	Aydın	Turkey	37.5305	27.2784	Bronk Ramsey et al. 2004; Manning et al. 2006	Global Repositories	Woody Plants (Charcoal)	Tree/Shrub	Chronometric Only
present datasets	25.04.2025		OxA-12311	3397	32	-26.3	Miletos	settlement	6:C-TU-MIL-1/RY1050-1060			charcoal	Quercus	Aydın	Turkey	37.5305	27.2784	Bronk Ramsey et al. 2004; Manning et al. 2006	Global Repositories	Woody Plants (Charcoal)	Tree/Shrub	Chronometric Only
present datasets	25.04.2025		OxA-12312	3388	30	-26.3	Miletos	settlement	7:C-TU-MIL-1/RY1060-1070			charcoal	Quercus	Aydın	Turkey	37.5305	27.2784	Bronk Ramsey et al. 2004; Manning et al. 2006	Global Repositories	Woody Plants (Charcoal)	Tree/Shrub	Chronometric Only
present datasets	25.04.2025		OxA-12313	3352	31	-26.1	Miletos	settlement	7:C-TU-MIL-1/RY1060-1070			charcoal	Quercus	Aydın	Turkey	37.5305	27.2784	Bronk Ramsey et al. 2004; Manning et al. 2006	Global Repositories	Woody Plants (Charcoal)	Tree/Shrub	Chronometric Only
present datasets	25.04.2025		OxA-12407	3385	34	-25.8	Miletos	settlement	2:C-TU-MIL-1/RY1010-1020			charcoal	Quercus	Aydın	Turkey	37.5305	27.2784	Bronk Ramsey et al. 2004; Manning et al. 2006	Global Repositories	Woody Plants (Charcoal)	Tree/Shrub	Chronometric Only
present datasets	25.04.2025		GrN-24918	8300	90		Musular	settlement	Aceramic; phase PPN, square N13, 'open area fill'; Trench N13, open area fill			charcoal		Aksaray	Turkey	38.3475	34.226	Thissen 2002; Duru and Özbasaran 2005; Brami and Zanotti 2015; Flohr et al. 2016; TAY Project	Global Repositories	Woody Plants (Charcoal)	Tree/Shrub	Chronometric Only
present datasets	25.04.2025		GrN-24923	8370	110		Musular	settlement	Aceramic; phase PPN, square D11; Trench D 11			bone		Aksaray	Turkey	38.3475	34.226	Thissen 2002; Duru and Özbasaran 2005; Brami and Zanotti 2015; Flohr et al. 2016; TAY Project	Global Repositories	Bone/Teeth (Human/Animal)	Indeterminate	Chronometric Only
present datasets	25.04.2025		GrN-24924	8420	110		Musular	settlement	Aceramic; phase PPN, square D11; Trench D 11			bone		Aksaray	Turkey	38.3475	34.226	Thissen 2002; Duru and Özbasaran 2005; Brami and Zanotti 2015; Flohr et al. 2016; TAY Project	Global Repositories	Bone/Teeth (Human/Animal)	Indeterminate	Chronometric Only
present datasets	25.04.2025		GrN-25900	8280	50		Musular	settlement	Phase PPN, nd; phase PPN					Aksaray	Turkey	38.3475	34.226	Özbaşaran et al. 2007; Brami 2014; Brami and Zanotti 2015; CalPal; Reingruber and Thissen 2016; Flohr et al. 2016	Global Repositories	Indeterminate/Other	Indeterminate	Chronometric Only
present datasets	25.04.2025		GrN-25901	8540	50		Musular	settlement	Phase PPN, nd; phase PPN					Aksaray	Turkey	38.3475	34.226	Özbaşaran et al. 2007; Brami 2014; Brami and Zanotti 2015; CalPal; Reingruber and Thissen 2016; Flohr et al. 2016	Global Repositories	Indeterminate/Other	Indeterminate	Chronometric Only
present datasets	25.04.2025		GrN-27155	8200	50		Musular	settlement	Aceramic; phase PPN, square O11, fill above pavement; Building Z			bone		Aksaray	Turkey	38.3475	34.226	Duru and Özbasaran 2005; Brami and Zanotti 2015; Flohr et al. 2016; TAY Project	Global Repositories	Bone/Teeth (Human/Animal)	Indeterminate	Chronometric Only
present datasets	25.04.2025		GrN-27156	8150	45		Musular	settlement	Aceramic; phase PPN, square M14, 'butchering area'			bone		Aksaray	Turkey	38.3475	34.226	Duru and Özbasaran 2005; Brami and Zanotti 2015; Flohr et al. 2016; TAY Project	Global Repositories	Bone/Teeth (Human/Animal)	Indeterminate	Chronometric Only
present datasets	25.04.2025		GrN-27157	8310	45		Musular	settlement	Aceramic; phase PPN, square M14, 'butchering area'			bone		Aksaray	Turkey	38.3475	34.226	Duru and Özbasaran 2005; Brami and Zanotti 2015; Flohr et al. 2016; TAY Project	Global Repositories	Bone/Teeth (Human/Animal)	Indeterminate	Chronometric Only
present datasets	25.04.2025		GrN-29631	8240	55		Musular	settlement	Phase PPN, nd; phase PPN					Aksaray	Turkey	38.3475	34.226	Özbaşaran et al. 2007; Brami 2014; Brami and Zanotti 2015; CalPal; Reingruber and Thissen 2016; Flohr et al. 2016	Global Repositories	Indeterminate/Other	Indeterminate	Chronometric Only
present datasets	25.04.2025		GrN-29632	8285	55		Musular	settlement	Phase PPN, nd; phase PPN					Aksaray	Turkey	38.3475	34.226	Özbaşaran et al. 2007; Brami 2014; Brami and Zanotti 2015; CalPal; Reingruber and Thissen 2016; Flohr et al. 2016	Global Repositories	Indeterminate/Other	Indeterminate	Chronometric Only
present datasets	25.04.2025		KIA-30923	6955	45		Musular	settlement				bone	animal	Aksaray	Turkey	38.3475	34.226	Thissen 2002	Global Repositories	Bone/Teeth (Human/Animal)	Animal	Chronometric Only
present datasets	25.04.2025		KIA-30924	8325	40		Musular	settlement	Phase PPN, square N13 1-9/e-j; 3.16-3,66; Box: 37, c. 0.80 m below surface soil; 0.40 m above bedrock; phase PPN, square N13 1-9/e-j; 3.16-3,66; Box: 37, c. 0.80 m below surface soil; 0.40 m above bedrock			bone	animal	Aksaray	Turkey	38.3475	34.226	Özbaşaran et al. 2012; Brami 2014; Brami and Zanotti 2015; CalPal; Reingruber and Thissen 2016; Flohr et al. 2016	Global Repositories	Bone/Teeth (Human/Animal)	Animal	Chronometric Only
present datasets	25.04.2025		KIA-30926	8450	45		Musular	settlement	Phase PPN, square N13, 1-4/e-g 3.49-3.71; Box: 18; phase PPN, square N13, 1-4/e-g 3.49-3.71; Box: 18			bone	animal	Aksaray	Turkey	38.3475	34.226	Özbaşaran et al. 2012; Brami 2014; Brami and Zanotti 2015; CalPal; Reingruber and Thissen 2016; Flohr et al. 2016	Global Repositories	Bone/Teeth (Human/Animal)	Animal	Chronometric Only
present datasets	25.04.2025		KIA-31073	8320	30		Musular	settlement	Phase PPN, square N13 1-9/e-j; 3.16-3,66; Box: 37, c. 0.80 m below surface soil; 0.40 m above bedrock; phase PPN, square N13 1-9/e-j; 3.16-3,66; Box: 37, c. 0.80 m below surface soil; 0.40 m above bedrock			bone	animal	Aksaray	Turkey	38.3475	34.226	Özbaşaran et al. 2012; Brami 2014; Brami and Zanotti 2015; CalPal; Reingruber and Thissen 2016; Flohr et al. 2016	Global Repositories	Bone/Teeth (Human/Animal)	Animal	Chronometric Only
present datasets	25.04.2025		Hd-16782-351	9243	55	-24.54	Nevali Çori	settlement	I/II			grain (charred)	Cerealia	Urfa	Turkey	37.5183	38.6056	Grupe and Peters 2008; Flohr et al. 2016; TAY Project	Global Repositories	Short-lived Plants	Cereal/Pulse/Seed	Chronometric Only
present datasets	25.04.2025		Hd-16783-769	9212	76	-24.54	Nevali Çori	settlement	I/II			grain (charred)	Cerealia	Urfa	Turkey	37.5183	38.6056	Grupe and Peters 2008; Flohr et al. 2016; TAY Project	Global Repositories	Short-lived Plants	Cereal/Pulse/Seed	Chronometric Only
present datasets	25.04.2025		KIA-14756	9263	42	-21.41	Nevali Çori	settlement	III-V; I/II			bone	animal	Urfa	Turkey	37.5183	38.6056	Grupe and Peters 2008; TAY Project	Global Repositories	Bone/Teeth (Human/Animal)	Animal	Chronometric Only
present datasets	25.04.2025		KIA-14757	9020	41	-19.11	Nevali Çori	settlement	III-V; III			bone	animal	Urfa	Turkey	37.5183	38.6056	Grupe and Peters 2008; TAY Project	Global Repositories	Bone/Teeth (Human/Animal)	Animal	Chronometric Only
present datasets	25.04.2025		KIA-14758	8864	48	-19.82	Nevali Çori	settlement	III-V; III			bone	animal	Urfa	Turkey	37.5183	38.6056	Grupe and Peters 2008; TAY Project	Global Repositories	Bone/Teeth (Human/Animal)	Animal	Chronometric Only
present datasets	25.04.2025		KIA-14759	8213	132	-31.85	Nevali Çori	settlement	Levels III-V;Area H4N, pit 278, spit 29 (NC 0105); III-V; area H4N, pit 278, spit 29			bone		Urfa	Turkey	37.5183	38.6056	Thissen 2002; CalPal; Flohr et al. 2016	Global Repositories	Bone/Teeth (Human/Animal)	Indeterminate	Chronometric Only
present datasets	25.04.2025		KIA-14760	9100	43	-19.11	Nevali Çori	settlement	III-V; I/II			bone	animal	Urfa	Turkey	37.5183	38.6056	Grupe and Peters 2008; TAY Project	Global Repositories	Bone/Teeth (Human/Animal)	Animal	Chronometric Only
present datasets	25.04.2025		KIA-14761	8778	46	-20.33	Nevali Çori	settlement	III-V; IV			bone	animal	Urfa	Turkey	37.5183	38.6056	Grupe and Peters 2008; TAY Project	Global Repositories	Bone/Teeth (Human/Animal)	Animal	Chronometric Only
present datasets	25.04.2025		KIA-14762	9207	43	-19.06	Nevali Çori	settlement	III-V; I/II			bone	animal	Urfa	Turkey	37.5183	38.6056	Grupe and Peters 2008; TAY Project	Global Repositories	Bone/Teeth (Human/Animal)	Animal	Chronometric Only
present datasets	25.04.2025		OxA-8233	4290	40		Nevali Çori	settlement	Burial 44			bone	human	Urfa	Turkey	37.5183	38.6056	Becker 2007	Global Repositories	Bone/Teeth (Human/Animal)	Human	Chronometric Only
present datasets	25.04.2025		OxA-8234	8930	60		Nevali Çori	settlement	Sk: Burial 81, area FG 5, house 25, room 2 DNA id: NEV009			bone	human	Urfa	Turkey	37.5183	38.6056	Thissen 2002; Grupe and Peters 2008; Flohr et al. 2016; TAY Project	Global Repositories	Bone/Teeth (Human/Animal)	Human	Genomically Integrated
present datasets	25.04.2025		OxA-8235	9180	60		Nevali Çori	settlement	Sk: Burial 89, are G8, house 25 DNA id: NEV001			bone	human	Urfa	Turkey	37.5183	38.6056	Thissen 2002; Grupe and Peters 2008; Flohr et al. 2016; TAY Project	Global Repositories	Bone/Teeth (Human/Animal)	Human	Genomically Integrated
present datasets	25.04.2025		OxA-8236	8960	60		Nevali Çori	settlement	Sk: Burial 90, area G8, house 25, room 2 DNA id:			bone	human	Urfa	Turkey	37.5183	38.6056	Thissen 2002; Grupe and Peters 2008; Flohr et al. 2016; TAY Project	Global Repositories	Bone/Teeth (Human/Animal)	Human	Genomically Integrated
present datasets	25.04.2025		OxA-8246	1850	50		Nevali Çori	settlement	Sk: Burial 34 DNA id: NEV021			bone	human	Urfa	Turkey	37.5183	38.6056	Wang et al., 2023	Global Repositories	Bone/Teeth (Human/Animal)	Human	Genomically Integrated
present datasets	25.04.2025		OxA-8247	8610	90		Nevali Çori	settlement	Sk: Burial 72, area G5, house 6, room 4, wall 6 DNA id:			bone	human	Urfa	Turkey	37.5183	38.6056	Thissen 2002; Grupe and Peters 2008; Flohr et al. 2016; TAY Project	Global Repositories	Bone/Teeth (Human/Animal)	Human	Genomically Integrated
present datasets	25.04.2025		OxA-8302	9205	55		Nevali Çori	settlement	Sk: Burial 55, area G4/76-77, house 2, room 10, pit 22 DNA id:			bone	human	Urfa	Turkey	37.5183	38.6056	Thissen 2002; Benz 2014; CalPal; Flohr et al. 2016; TAY Project	Global Repositories	Bone/Teeth (Human/Animal)	Human	Genomically Integrated
present datasets	25.04.2025		OxA-8303	9280	55		Nevali Çori	settlement	Sk: Burial 86, area FG5, house 21A, room 4 DNA id: NEV004			bone	human	Urfa	Turkey	37.5183	38.6056	Thissen 2002; Grupe and Peters 2008; Flohr et al. 2016; TAY Project	Global Repositories	Bone/Teeth (Human/Animal)	Human	Genomically Integrated
present datasets	25.04.2025		OxA-8381	8710	100		Nevali Çori	settlement	Sk: Burial 61, area G4, house 2, room 8 DNA id:			bone	human	Urfa	Turkey	37.5183	38.6056	Grupe and Peters 2008; CalPal; Flohr et al. 2016; TAY Project	Global Repositories	Bone/Teeth (Human/Animal)	Human	Genomically Integrated
present datasets	25.04.2025		OxA-8382	8990	90		Nevali Çori	settlement	Sk: Burial 76, area FG6, house 7, room 9 DNA id:			bone	human	Urfa	Turkey	37.5183	38.6056	Grupe and Peters 2008; CalPal; Flohr et al. 2016; TAY Project	Global Repositories	Bone/Teeth (Human/Animal)	Human	Genomically Integrated
present datasets	25.04.2025		KN-475	2760	120		Norsuntepe	settlement						Elazığ	Turkey	38.6189	39.47	Böhner and Schyle 2006; CalPal; Reingruber and Thissen 2016; Hinz et al. 2012: http://radon-b.ufg.uni-kiel.de/samples/7249	Global Repositories	Indeterminate/Other	Indeterminate	Chronometric Only
present datasets	25.04.2025		Bln-2390	2775	80		Norsuntepe	settlement						Elazığ	Turkey	38.6189	39.47	Böhner and Schyle 2006; CalPal; Reingruber and Thissen 2016; Hinz et al. 2012: http://radon-b.ufg.uni-kiel.de/samples/7250	Global Repositories	Indeterminate/Other	Indeterminate	Chronometric Only
present datasets	25.04.2025		Bln-2357	2780	45		Norsuntepe	settlement	FBI?; K 19 II/S/3					Elazığ	Turkey	38.6189	39.47	Di Nocera 2000; Böhner and Schyle 2006; CalPal; Reingruber and Thissen 2016; Hinz et al. 2012: http://radon-b.ufg.uni-kiel.de/samples/7252	Global Repositories	Indeterminate/Other	Indeterminate	Chronometric Only
present datasets	25.04.2025		Bln-2412	2780	60		Norsuntepe	settlement	SB/MB					Elazığ	Turkey	38.6189	39.47	Böhner and Schyle 2006; CalPal; Hinz et al. 2012: http://radon-b.ufg.uni-kiel.de/samples/7251	Global Repositories	Indeterminate/Other	Indeterminate	Chronometric Only
present datasets	25.04.2025		Bln-2413	2785	55		Norsuntepe	settlement	SBII					Elazığ	Turkey	38.6189	39.47	Böhner and Schyle 2006; CalPal; Hinz et al. 2012: http://radon-b.ufg.uni-kiel.de/samples/7253	Global Repositories	Indeterminate/Other	Indeterminate	Chronometric Only
present datasets	25.04.2025		Bln-2411	2920	50		Norsuntepe	settlement	MB, Hethitisch?					Elazığ	Turkey	38.6189	39.47	Böhner and Schyle 2006; CalPal; Hinz et al. 2012: http://radon-b.ufg.uni-kiel.de/samples/7254	Global Repositories	Indeterminate/Other	Indeterminate	Chronometric Only
present datasets	25.04.2025		Bln-2632	3050	60		Norsuntepe	settlement	Hethitisch?					Elazığ	Turkey	38.6189	39.47	Böhner and Schyle 2006; CalPal; Hinz et al. 2012: http://radon-b.ufg.uni-kiel.de/samples/7255	Global Repositories	Indeterminate/Other	Indeterminate	Chronometric Only
present datasets	25.04.2025		Bln-2409	3395	50		Norsuntepe	settlement	MB					Elazığ	Turkey	38.6189	39.47	Böhner and Schyle 2006; CalPal; Hinz et al. 2012: http://radon-b.ufg.uni-kiel.de/samples/7256	Global Repositories	Indeterminate/Other	Indeterminate	Chronometric Only
present datasets	25.04.2025		Bln-2630	3440	50		Norsuntepe	settlement	SB?					Elazığ	Turkey	38.6189	39.47	Böhner and Schyle 2006; CalPal; Hinz et al. 2012: http://radon-b.ufg.uni-kiel.de/samples/7257	Global Repositories	Indeterminate/Other	Indeterminate	Chronometric Only
present datasets	25.04.2025		Bln-2410	3445	50		Norsuntepe	settlement	MB					Elazığ	Turkey	38.6189	39.47	Böhner and Schyle 2006; CalPal; Hinz et al. 2012: http://radon-b.ufg.uni-kiel.de/samples/7258	Global Repositories	Indeterminate/Other	Indeterminate	Chronometric Only
present datasets	25.04.2025		KN-481	3570	120		Norsuntepe	settlement						Elazığ	Turkey	38.6189	39.47	Böhner and Schyle 2006; CalPal; Reingruber and Thissen 2016; Hinz et al. 2012: http://radon-b.ufg.uni-kiel.de/samples/7259	Global Repositories	Indeterminate/Other	Indeterminate	Chronometric Only
present datasets	25.04.2025		Bln-2649	3650	60		Norsuntepe	settlement	EBA III; P 2Ia/c, RC 1 Icin ii. Fb.					Elazığ	Turkey	38.6189	39.47	Di Nocera 2000; CalPal; TAY Project; Hinz et al. 2012: http://radon-b.ufg.uni-kiel.de/samples/7260	Global Repositories	Indeterminate/Other	Indeterminate	Chronometric Only
present datasets	25.04.2025		Bln-2645	3690	50		Norsuntepe	settlement	EBA IIIB; R 22/d U. Ofenpodest					Elazığ	Turkey	38.6189	39.47	Di Nocera 2000; CalPal; TAY Project; Hinz et al. 2012: http://radon-b.ufg.uni-kiel.de/samples/7261	Global Repositories	Indeterminate/Other	Indeterminate	Chronometric Only
present datasets	25.04.2025		Hv-4106	3695	75		Norsuntepe	settlement	FBIII					Elazığ	Turkey	38.6189	39.47	Böhner and Schyle 2006; CalPal; Hinz et al. 2012: http://radon-b.ufg.uni-kiel.de/samples/7262	Global Repositories	Indeterminate/Other	Indeterminate	Chronometric Only
present datasets	25.04.2025		Bln-2648	3710	60		Norsuntepe	settlement	EBA IIIB; P 21a, RD Abhub 10					Elazığ	Turkey	38.6189	39.47	Di Nocera 2000; CalPal; TAY Project; Hinz et al. 2012: http://radon-b.ufg.uni-kiel.de/samples/7263	Global Repositories	Indeterminate/Other	Indeterminate	Chronometric Only
present datasets	25.04.2025		Bln-2643	3730	50		Norsuntepe	settlement	EBA IIIB; R 22d, R4, FS], Plaster					Elazığ	Turkey	38.6189	39.47	Di Nocera 2000; CalPal; TAY Project; Hinz et al. 2012: http://radon-b.ufg.uni-kiel.de/samples/7265	Global Repositories	Indeterminate/Other	Indeterminate	Chronometric Only
present datasets	25.04.2025		Bln-2644	3730	80		Norsuntepe	settlement	EBA IIIB; R 22/d, R4					Elazığ	Turkey	38.6189	39.47	Di Nocera 2000; CalPal; TAY Project; Hinz et al. 2012: http://radon-b.ufg.uni-kiel.de/samples/7264	Global Repositories	Indeterminate/Other	Indeterminate	Chronometric Only
present datasets	25.04.2025		Bln-2414	3740	50		Norsuntepe	settlement	EBA IIIB; 0 19cld Niv.850 24 01					Elazığ	Turkey	38.6189	39.47	Di Nocera 2000; CalPal; TAY Project	Global Repositories	Indeterminate/Other	Indeterminate	Chronometric Only
present datasets	25.04.2025		Bln-2631	3750	60		Norsuntepe	settlement	SB?					Elazığ	Turkey	38.6189	39.47	Böhner and Schyle 2006; CalPal; Hinz et al. 2012: http://radon-b.ufg.uni-kiel.de/samples/7267	Global Repositories	Indeterminate/Other	Indeterminate	Chronometric Only
present datasets	25.04.2025		Bln-2416	3760	55		Norsuntepe	settlement	EBA IIIB; R 21, Rd, ii. Fb					Elazığ	Turkey	38.6189	39.47	Di Nocera 2000; CalPal; TAY Project; Hinz et al. 2012: http://radon-b.ufg.uni-kiel.de/samples/7269	Global Repositories	Indeterminate/Other	Indeterminate	Chronometric Only
present datasets	25.04.2025		Bln-2642	3760	50		Norsuntepe	settlement	EBA IIIB; R 21c, Rd Fund1.6b, RI , Abhub 6					Elazığ	Turkey	38.6189	39.47	Di Nocera 2000; CalPal; TAY Project; Hinz et al. 2012: http://radon-b.ufg.uni-kiel.de/samples/7268	Global Repositories	Indeterminate/Other	Indeterminate	Chronometric Only
present datasets	25.04.2025		Bln-2415	3780	80		Norsuntepe	settlement	Q 20 (6), Niv. 851,14, Raum B					Elazığ	Turkey	38.6189	39.47	Di Nocera 2000; CalPal; TAY Project; Hinz et al. 2012: http://radon-b.ufg.uni-kiel.de/samples/7270	Global Repositories	Indeterminate/Other	Indeterminate	Chronometric Only
present datasets	25.04.2025		Bln-2365	3800	45		Norsuntepe	settlement	EBA IIIB; R 19c, R.E. Gef513 T1, Niv. 852,15 in					Elazığ	Turkey	38.6189	39.47	Di Nocera 2000; CalPal; TAY Project; Hinz et al. 2012: http://radon-b.ufg.uni-kiel.de/samples/7272	Global Repositories	Indeterminate/Other	Indeterminate	Chronometric Only
present datasets	25.04.2025		Bln-2680	3800	60		Norsuntepe	settlement	EBA III; Schicht 11					Elazığ	Turkey	38.6189	39.47	Di Nocera 2000; CalPal; TAY Project; Hinz et al. 2012: http://radon-b.ufg.uni-kiel.de/samples/7271	Global Repositories	Indeterminate/Other	Indeterminate	Chronometric Only
present datasets	25.04.2025		Bln-2641	3810	60		Norsuntepe	settlement	EBA IIIA; S 21a, Fundl, 9 R6					Elazığ	Turkey	38.6189	39.47	Di Nocera 2000; CalPal; TAY Project; Hinz et al. 2012: http://radon-b.ufg.uni-kiel.de/samples/7273	Global Repositories	Indeterminate/Other	Indeterminate	Chronometric Only
present datasets	25.04.2025		Bln-2646	3810	50		Norsuntepe	settlement	EBA IIIB; P 21a, Fund1.6					Elazığ	Turkey	38.6189	39.47	Di Nocera 2000; CalPal; TAY Project; Hinz et al. 2012: http://radon-b.ufg.uni-kiel.de/samples/7274	Global Repositories	Indeterminate/Other	Indeterminate	Chronometric Only
present datasets	25.04.2025		Bln-2366	3840	55		Norsuntepe	settlement	EBA IIIB; R 20, RD/1 Niv. 853,00 u					Elazığ	Turkey	38.6189	39.47	Di Nocera 2000; CalPal; TAY Project; Hinz et al. 2012: http://radon-b.ufg.uni-kiel.de/samples/7275	Global Repositories	Indeterminate/Other	Indeterminate	Chronometric Only
present datasets	25.04.2025		Bln-2647	3840	50		Norsuntepe	settlement	EBA IIIB; P 21a, Fundl. fi, Abhub 10					Elazığ	Turkey	38.6189	39.47	Di Nocera 2000; CalPal; TAY Project; Hinz et al. 2012: http://radon-b.ufg.uni-kiel.de/samples/7276	Global Repositories	Indeterminate/Other	Indeterminate	Chronometric Only
present datasets	25.04.2025		Bln-2359	3850	50		Norsuntepe	settlement	EBA IIIA; R21d Fundl.8 ithosraum 2, Pithos					Elazığ	Turkey	38.6189	39.47	Di Nocera 2000; CalPal; TAY Project; Hinz et al. 2012: http://radon-b.ufg.uni-kiel.de/samples/7277	Global Repositories	Indeterminate/Other	Indeterminate	Chronometric Only
present datasets	25.04.2025		Bln-2367	3850	100		Norsuntepe	settlement	R 20/6 RB, Pithos 13					Elazığ	Turkey	38.6189	39.47	Di Nocera 2000; CalPal; Böhner and Schyle 2006; TAY Project; Hinz et al. 2012: http://radon-b.ufg.uni-kiel.de/samples/7278	Global Repositories	Indeterminate/Other	Indeterminate	Chronometric Only
present datasets	25.04.2025		Hv-4104	3865	75		Norsuntepe	settlement	EBA IIIB; S 21 a/c					Elazığ	Turkey	38.6189	39.47	Di Nocera 2000; CalPal; TAY Project; Hinz et al. 2012: http://radon-b.ufg.uni-kiel.de/samples/7279	Global Repositories	Indeterminate/Other	Indeterminate	Chronometric Only
present datasets	25.04.2025		Bln-2361	3875	45		Norsuntepe	settlement	EBA IIIA; S21c					Elazığ	Turkey	38.6189	39.47	Di Nocera 2000; CalPal; TAY Project; Hinz et al. 2012: http://radon-b.ufg.uni-kiel.de/samples/7280	Global Repositories	Indeterminate/Other	Indeterminate	Chronometric Only
present datasets	25.04.2025		Bln-2363	3880	45		Norsuntepe	settlement	EBA IIIB; Q 196, R A/011. 3					Elazığ	Turkey	38.6189	39.47	Di Nocera 2000; CalPal; TAY Project; Hinz et al. 2012: http://radon-b.ufg.uni-kiel.de/samples/7281	Global Repositories	Indeterminate/Other	Indeterminate	Chronometric Only
present datasets	25.04.2025		Hv-4105	3905	50		Norsuntepe	settlement	EBA III; Q 27c					Elazığ	Turkey	38.6189	39.47	Di Nocera 2000; CalPal; TAY Project; Hinz et al. 2012: http://radon-b.ufg.uni-kiel.de/samples/7282	Global Repositories	Indeterminate/Other	Indeterminate	Chronometric Only
present datasets	25.04.2025		Bln-2627	3910	50		Norsuntepe	settlement	EBA IIB; Schicht 19					Elazığ	Turkey	38.6189	39.47	Di Nocera 2000; CalPal; TAY Project; Hinz et al. 2012: http://radon-b.ufg.uni-kiel.de/samples/7283	Global Repositories	Indeterminate/Other	Indeterminate	Chronometric Only
present datasets	25.04.2025		Bln-2628	3940	60		Norsuntepe	settlement	EBA IIIA; Schicht 12					Elazığ	Turkey	38.6189	39.47	Di Nocera 2000; CalPal; TAY Project; Hinz et al. 2012: http://radon-b.ufg.uni-kiel.de/samples/7284	Global Repositories	Indeterminate/Other	Indeterminate	Chronometric Only
present datasets	25.04.2025		Bln-2362	3945	50		Norsuntepe	settlement	EBA IIIB; Q 19d, Abhub 2					Elazığ	Turkey	38.6189	39.47	Di Nocera 2000; CalPal; TAY Project; Hinz et al. 2012: http://radon-b.ufg.uni-kiel.de/samples/7285	Global Repositories	Indeterminate/Other	Indeterminate	Chronometric Only
present datasets	25.04.2025		Bln-2364	3950	40		Norsuntepe	settlement	EBA IIIB; Q I9d. Abhub 4					Elazığ	Turkey	38.6189	39.47	Di Nocera 2000; CalPal; TAY Project; Hinz et al. 2012: http://radon-b.ufg.uni-kiel.de/samples/7286	Global Repositories	Indeterminate/Other	Indeterminate	Chronometric Only
present datasets	25.04.2025		Hv-4107	3960	45		Norsuntepe	settlement	EBA III; Q 28a					Elazığ	Turkey	38.6189	39.47	Di Nocera 2000; CalPal; TAY Project; Hinz et al. 2012: http://radon-b.ufg.uni-kiel.de/samples/7287	Global Repositories	Indeterminate/Other	Indeterminate	Chronometric Only
present datasets	25.04.2025		Bln-2360	3970	50		Norsuntepe	settlement	EBA IIIA; R 22/8, Raum 3					Elazığ	Turkey	38.6189	39.47	Di Nocera 2000; CalPal; TAY Project; Hinz et al. 2012: http://radon-b.ufg.uni-kiel.de/samples/7288	Global Repositories	Indeterminate/Other	Indeterminate	Chronometric Only
present datasets	25.04.2025		Bln-2626	4120	70		Norsuntepe	settlement	EBA IIA; Schicht 22					Elazığ	Turkey	38.6189	39.47	Di Nocera 2000; CalPal; TAY Project; Hinz et al. 2012: http://radon-b.ufg.uni-kiel.de/samples/7289	Global Repositories	Indeterminate/Other	Indeterminate	Chronometric Only
present datasets	25.04.2025		Bln-2358	4145	45		Norsuntepe	settlement	EBA IIB; Schicht 19					Elazığ	Turkey	38.6189	39.47	Di Nocera 2000; CalPal; TAY Project; Hinz et al. 2012: http://radon-b.ufg.uni-kiel.de/samples/7290	Global Repositories	Indeterminate/Other	Indeterminate	Chronometric Only
present datasets	25.04.2025		Bln-2218	4220	60		Norsuntepe	settlement	EBA IIB; Schicht 19					Elazığ	Turkey	38.6189	39.47	Di Nocera 2000; CalPal; TAY Project; Hinz et al. 2012: http://radon-b.ufg.uni-kiel.de/samples/7291	Global Repositories	Indeterminate/Other	Indeterminate	Chronometric Only
present datasets	25.04.2025		LJ-5234	4270	60		Norsuntepe	settlement						Elazığ	Turkey	38.6189	39.47	Böhner and Schyle 2006; CalPal; Hinz et al. 2012: http://radon-b.ufg.uni-kiel.de/samples/7292	Global Repositories	Indeterminate/Other	Indeterminate	Chronometric Only
present datasets	25.04.2025		Bln-2356	4445	30		Norsuntepe	settlement	EBA I; K 181111					Elazığ	Turkey	38.6189	39.47	Di Nocera 2000; CalPal; TAY Project; Hinz et al. 2012: http://radon-b.ufg.uni-kiel.de/samples/7293	Global Repositories	Indeterminate/Other	Indeterminate	Chronometric Only
present datasets	25.04.2025		Hd-5759-5552	4490	65		Norsuntepe	settlement	K19b/d, 14, Raum T; Schicht 26					Elazığ	Turkey	38.6189	39.47	CalPal; Di Nocera 2000	Global Repositories	Indeterminate/Other	Indeterminate	Chronometric Only
present datasets	25.04.2025		Bln-2355	5140	50		Norsuntepe	settlement	Chalcolithic; J 19 11111V; Chalc.; Chalc.					Elazığ	Turkey	38.6189	39.47	Di Nocera 2000; CalPal; Flohr et al. 2016; TAY Project	Global Repositories	Indeterminate/Other	Indeterminate	Chronometric Only
present datasets	25.04.2025		Bln-2625	5490	60		Norsuntepe	settlement	Chalcolithic; J 18 III/IV; Chalc.; Chalc.					Elazığ	Turkey	38.6189	39.47	Di Nocera 2000; CalPal; Flohr et al. 2016; TAY Project	Global Repositories	Indeterminate/Other	Indeterminate	Chronometric Only
present datasets	25.04.2025		GrA-51787	5890	35		Okçular Kale İni	settlement				bone		Kastamonu	Turkey	41.861949	32.91697	Düring and Klinkenberg 2015	Global Repositories	Bone/Teeth (Human/Animal)	Indeterminate	Chronometric Only
present datasets	25.04.2025		GrA-51788	6005	35		Okçular Kale İni	settlement				bone		Kastamonu	Turkey	41.861949	32.91697	Düring and Klinkenberg 2015	Global Repositories	Bone/Teeth (Human/Animal)	Indeterminate	Chronometric Only
present datasets	25.04.2025		RT-3892	4465	55		Öküzini cave	cave				charcoal		Antalya	Turkey	37.089	30.576	Carter et al. 2011	Global Repositories	Woody Plants (Charcoal)	Tree/Shrub	Chronometric Only
present datasets	25.04.2025		RT-3891	4745	55		Öküzini cave	cave				charcoal		Antalya	Turkey	37.089	30.576	Carter et al. 2011	Global Repositories	Woody Plants (Charcoal)	Tree/Shrub	Chronometric Only
present datasets	25.04.2025		RT-3896	4890	45		Öküzini cave	cave	Sk: G7b-d/5 – Grave III			bone	human	Antalya	Turkey	37.089	30.576	Carter et al. 2011	Global Repositories	Bone/Teeth (Human/Animal)	Human	Chronometric Only
present datasets	25.04.2025		RT-3899	5430	40		Öküzini cave	cave				charcoal		Antalya	Turkey	37.089	30.576	Carter et al. 2011	Global Repositories	Woody Plants (Charcoal)	Tree/Shrub	Chronometric Only
present datasets	25.04.2025		RT-3897	5965	125		Öküzini cave	cave	Sk: G11b-d/5 – Grave V			bone	human	Antalya	Turkey	37.089	30.576	Carter et al. 2011	Global Repositories	Bone/Teeth (Human/Animal)	Human	Chronometric Only
present datasets	25.04.2025		Hd-13345-12983	7880	80		Öküzini cave	cave	Ib1; layer IB1, lithics phase 4, AH 8; phase lithics Phase:  4; Ib1; Phase Lithics phase 4, layer Ib1, AH 8 pit			charcoal		Antalya	Turkey	37.089	30.576	Thissen 2002; Weninger et al .2014; Brami and Zanotti 2015	Global Repositories	Woody Plants (Charcoal)	Tree/Shrub	Chronometric Only
present datasets	25.04.2025		Hd-14363-13884	8595	90		Öküzini cave	cave	Ib1; lithics phase 4, AH 2			charcoal		Antalya	Turkey	37.089	30.576	CalPal; Brami and Zanotti 2015; TAY Project; Flohr et al. 2016	Global Repositories	Woody Plants (Charcoal)	Tree/Shrub	Chronometric Only
present datasets	25.04.2025		ETH-8031	8800	80		Öküzini cave	cave	Ib1; phase lithics Phase:  4, AH 3			charcoal		Antalya	Turkey	37.089	30.576	Thissen 2002; Weninger et al .2014; Brami and Zanotti 2015; TAY Project; Flohr et al. 2016	Global Repositories	Woody Plants (Charcoal)	Tree/Shrub	Chronometric Only
present datasets	25.04.2025		ETH-8029	9480	80		Öküzini cave	cave	Phase: lithics Phase:  4;pit; phase lithics Phase:  4; Ib1; layer IB1, lithics phase 4, AH 8			charcoal		Antalya	Turkey	37.089	30.576	Weninger et al. 2014; CalPal; Brami and Zanotti 2015; TAY Project; Flohr et al. 2016	Global Repositories	Woody Plants (Charcoal)	Tree/Shrub	Chronometric Only
present datasets	25.04.2025		Hd-13364-13887	9650	50		Öküzini cave	cave	Ib1			charcoal		Antalya	Turkey	37.089	30.576	Otte et al. 2003; TAY Project; Brami and Zanotti 2015	Global Repositories	Woody Plants (Charcoal)	Tree/Shrub	Chronometric Only
present datasets	25.04.2025		OxA-5213	10150	90	-24.7	Öküzini cave	cave	Ia1			charcoal		Antalya	Turkey	37.089	30.576	Otte et al. 2003; TAY Project; Flohr et al. 2016	Global Repositories	Woody Plants (Charcoal)	Tree/Shrub	Chronometric Only
present datasets	25.04.2025		RT-1441	10440	115		Öküzini cave	cave	layer Ia2 top, lithics phase 3			charcoal		Antalya	Turkey	37.089	30.576	Weninger et al. 2014; CalPal; Brami and Zanotti 2015; TAY Project; Flohr et al. 2016	Global Repositories	Woody Plants (Charcoal)	Tree/Shrub	Chronometric Only
present datasets	25.04.2025		Lv-1895	11440	100		Öküzini cave	cave	lithics Phase:  3; Ia2			bone		Antalya	Turkey	37.089	30.576	Weninger et al. 2014; CalPal; Brami and Zanotti 2015; TAY Project	Global Repositories	Bone/Teeth (Human/Animal)	Indeterminate	Chronometric Only
present datasets	25.04.2025		Hd-13347-13341	11565	110		Öküzini cave	cave	IV; phase lithics Phase:  3			charcoal		Antalya	Turkey	37.089	30.576	Weninger et al. 2014; Brami and Zanotti 2015; TAY Project	Global Repositories	Woody Plants (Charcoal)	Tree/Shrub	Chronometric Only
present datasets	25.04.2025		ETH-8032	11730	90		Öküzini cave	cave	Ia2; phase lithics Phase:  3			charcoal		Antalya	Turkey	37.089	30.576	Thissen 2002; Weninger et al .2014; Brami and Zanotti 2015; TAY Project	Global Repositories	Woody Plants (Charcoal)	Tree/Shrub	Chronometric Only
present datasets	25.04.2025		ETH-8030	11900	90		Öküzini cave	cave	Phase: lithics Phase:  3; phase lithics Phase:  3; III			charcoal		Antalya	Turkey	37.089	30.576	Weninger et al. 2014; CalPal; Brami and Zanotti 2015; TAY Project	Global Repositories	Woody Plants (Charcoal)	Tree/Shrub	Chronometric Only
present datasets	25.04.2025		RT-2335	11900	70		Öküzini cave	cave	VI a			charcoal		Antalya	Turkey	37.089	30.576	Otte et al. 2003	Global Repositories	Woody Plants (Charcoal)	Tree/Shrub	Chronometric Only
present datasets	25.04.2025		ETH-8026	12020	90		Öküzini cave	cave	Layer 2			charcoal		Antalya	Turkey	37.089	30.576	Otte et al. 2003; TAY Project	Global Repositories	Woody Plants (Charcoal)	Tree/Shrub	Chronometric Only
present datasets	25.04.2025		OxA-5214	12130	100		Öküzini cave	cave	Layer VIa, Phase VI			charcoal		Antalya	Turkey	37.089	30.576	Otte et al. 2003; TAY Project	Global Repositories	Woody Plants (Charcoal)	Tree/Shrub	Chronometric Only
present datasets	25.04.2025		Hd-13349-13373	12190	120		Öküzini cave	cave	VI a			charcoal		Antalya	Turkey	37.089	30.576	Otte et al. 2003; TAY Project	Global Repositories	Woody Plants (Charcoal)	Tree/Shrub	Chronometric Only
present datasets	25.04.2025		ETH-8033	12210	90		Öküzini cave	cave	III			charcoal		Antalya	Turkey	37.089	30.576	Otte et al. 2003; TAY Project	Global Repositories	Woody Plants (Charcoal)	Tree/Shrub	Chronometric Only
present datasets	25.04.2025		RT-1442	12260	90		Öküzini cave	cave	IV			charcoal		Antalya	Turkey	37.089	30.576	Otte et al. 2003; TAY Project	Global Repositories	Woody Plants (Charcoal)	Tree/Shrub	Chronometric Only
present datasets	25.04.2025		OxA-5216	12390	110		Öküzini cave	cave	VI a			charcoal		Antalya	Turkey	37.089	30.576	Otte et al. 2003; TAY Project	Global Repositories	Woody Plants (Charcoal)	Tree/Shrub	Chronometric Only
present datasets	25.04.2025		GifA-92389	12410	140		Öküzini cave	cave	Ia1			bone		Antalya	Turkey	37.089	30.576	Otte et al. 2003; TAY Project	Global Repositories	Bone/Teeth (Human/Animal)	Indeterminate	Chronometric Only
present datasets	25.04.2025		Hd-13348-12984	12420	80		Öküzini cave	cave	IV			charcoal		Antalya	Turkey	37.089	30.576	Otte et al. 2003; TAY Project	Global Repositories	Woody Plants (Charcoal)	Tree/Shrub	Chronometric Only
present datasets	25.04.2025		Hd-13351-12985	12500	75		Öküzini cave	cave	VI a			charcoal		Antalya	Turkey	37.089	30.576	Otte et al. 2003	Global Repositories	Woody Plants (Charcoal)	Tree/Shrub	Chronometric Only
present datasets	25.04.2025		OxA-5215	12500	110		Öküzini cave	cave	Layer VIa, Phase VI			charcoal		Antalya	Turkey	37.089	30.576	Otte et al. 2003; TAY Project	Global Repositories	Woody Plants (Charcoal)	Tree/Shrub	Chronometric Only
present datasets	25.04.2025		OxA-5217	12540	110		Öküzini cave	cave	VI b			charcoal		Antalya	Turkey	37.089	30.576	Otte et al. 2003; TAY Project	Global Repositories	Woody Plants (Charcoal)	Tree/Shrub	Chronometric Only
present datasets	25.04.2025		OxA-5218	12580	110		Öküzini cave	cave	VI b			charcoal		Antalya	Turkey	37.089	30.576	Otte et al. 2003; TAY Project	Global Repositories	Woody Plants (Charcoal)	Tree/Shrub	Chronometric Only
present datasets	25.04.2025		OxA-5219	12700	110		Öküzini cave	cave	VI b			charcoal		Antalya	Turkey	37.089	30.576	Otte et al. 2003; TAY Project	Global Repositories	Woody Plants (Charcoal)	Tree/Shrub	Chronometric Only
present datasets	25.04.2025		OxA-5220	13060	120		Öküzini cave	cave	VI b			charcoal		Antalya	Turkey	37.089	30.576	Otte et al. 2003; TAY Project	Global Repositories	Woody Plants (Charcoal)	Tree/Shrub	Chronometric Only
present datasets	25.04.2025		OxA-5221	13210	120		Öküzini cave	cave	VIb base			charcoal		Antalya	Turkey	37.089	30.576	Otte et al. 2003; TAY Project	Global Repositories	Woody Plants (Charcoal)	Tree/Shrub	Chronometric Only
present datasets	25.04.2025		Lv-2081	13910	120		Öküzini cave	cave	VII (XXVI); VIII			bone		Antalya	Turkey	37.089	30.576	Otte et al. 2003; TAY Project	Global Repositories	Bone/Teeth (Human/Animal)	Indeterminate	Chronometric Only
present datasets	25.04.2025		OxA-5222	14200	130		Öküzini cave	cave	VIb base			charcoal		Antalya	Turkey	37.089	30.576	Otte et al. 2003; TAY Project	Global Repositories	Woody Plants (Charcoal)	Tree/Shrub	Chronometric Only
present datasets	25.04.2025		OxA-5223	14320	130		Öküzini cave	cave	VIb base			charcoal		Antalya	Turkey	37.089	30.576	Otte et al. 2003; TAY Project	Global Repositories	Woody Plants (Charcoal)	Tree/Shrub	Chronometric Only
present datasets	25.04.2025		OxA-5224	14550	130		Öküzini cave	cave	VII			charcoal		Antalya	Turkey	37.089	30.576	Otte et al. 2003; TAY Project	Global Repositories	Woody Plants (Charcoal)	Tree/Shrub	Chronometric Only
present datasets	25.04.2025		OxA-5225	14940	140		Öküzini cave	cave	VIII			charcoal		Antalya	Turkey	37.089	30.576	Otte et al. 2003; TAY Project	Global Repositories	Woody Plants (Charcoal)	Tree/Shrub	Chronometric Only
present datasets	25.04.2025		KIK-2195	3230	30	-23.4	Pessinus	settlement				charcoal		Eskişehir	Turkey	39.333889	31.584444	IRPA/KIK database	Global Repositories	Woody Plants (Charcoal)	Tree/Shrub	Chronometric Only
present datasets	25.04.2025		KIK-2196	1810	25	-22.8	Pessinus	settlement				bone	animal	Eskişehir	Turkey	39.333889	31.584444	IRPA/KIK database	Global Repositories	Bone/Teeth (Human/Animal)	Animal	Chronometric Only
present datasets	25.04.2025		KIK-4088	2190	25	-24.27	Pessinus	settlement	01/B8-Z-profile			charcoal		Eskişehir	Turkey	39.333889	31.584444	IRPA/KIK database	Global Repositories	Woody Plants (Charcoal)	Tree/Shrub	Chronometric Only
present datasets	25.04.2025		KIK-4943	2250	25	-18.99	Pessinus	settlement	06/B7, Z-profiel-1			charcoal		Eskişehir	Turkey	39.333889	31.584444	IRPA/KIK database	Global Repositories	Woody Plants (Charcoal)	Tree/Shrub	Chronometric Only
present datasets	25.04.2025		KIK-4944	2160	25	-20.35	Pessinus	settlement	06/B7, Z-profiel-2			charcoal		Eskişehir	Turkey	39.333889	31.584444	IRPA/KIK database	Global Repositories	Woody Plants (Charcoal)	Tree/Shrub	Chronometric Only
present datasets	25.04.2025		UtC-2740	2190	90		Pessinus	settlement	Hellenistic oven			charcoal		Eskişehir	Turkey	39.333889	31.584444	Devreker and Thoen 1995	Global Repositories	Woody Plants (Charcoal)	Tree/Shrub	Chronometric Only
present datasets	25.04.2025		UtC-2741	2290	90		Pessinus	settlement				charcoal		Eskişehir	Turkey	39.333889	31.584444	Devreker and Thoen 1995	Global Repositories	Woody Plants (Charcoal)	Tree/Shrub	Chronometric Only
present datasets	25.04.2025		UtC-2757	2250	80		Pessinus	settlement	bottom layer of pit			charcoal		Eskişehir	Turkey	39.333889	31.584444	Devreker and Thoen 1995	Global Repositories	Woody Plants (Charcoal)	Tree/Shrub	Chronometric Only
present datasets	25.04.2025		BA-130239	11445	40		Pınarbaşı	cave	BIA					Konya	Turkey	37.4939	33.0171	Baird et al. 2013	Global Repositories	Indeterminate/Other	Indeterminate	Chronometric Only
present datasets	25.04.2025		BA-130241	11190	45		Pınarbaşı	cave	BHL					Konya	Turkey	37.4939	33.0171	Baird et al. 2013	Global Repositories	Indeterminate/Other	Indeterminate	Chronometric Only
present datasets	25.04.2025		BA-130242	11400	45		Pınarbaşı	cave	BIA					Konya	Turkey	37.4939	33.0171	Baird et al. 2013	Global Repositories	Indeterminate/Other	Indeterminate	Chronometric Only
present datasets	25.04.2025		OxA-16535	12580	55	-18.3	Pınarbaşı	cave	Grave 14			bone	human	Konya	Turkey	37.4939	33.0171	Baird et al. 2013	Global Repositories	Bone/Teeth (Human/Animal)	Human	Chronometric Only
present datasets	25.04.2025		OxA-16536	12945	55	-19.3	Pınarbaşı	cave	Grave 13			bone	human	Konya	Turkey	37.4939	33.0171	Baird et al. 2013	Global Repositories	Bone/Teeth (Human/Animal)	Human	Chronometric Only
present datasets	25.04.2025		OxA-5499	9050	80		Pınarbaşı	cave	feature ABJ; phase pre-Neolithic, ABJ; ABJ			charcoal		Konya	Turkey	37.4939	33.0171	Watkins 1996; CalPal; Brami and Zanotti 2015; Flohr et al. 2016; TAY Project; Reingruber and Thissen 2016	Global Repositories	Woody Plants (Charcoal)	Tree/Shrub	Chronometric Only
present datasets	25.04.2025		OxA-5500	9290	80		Pınarbaşı	cave	feature ABR; phase pre-Neolithic, ABR; ABR			charcoal		Konya	Turkey	37.4939	33.0171	Watkins 1996; CalPal; Brami and Zanotti 2015; Flohr et al. 2016; TAY Project; Reingruber and Thissen 2016	Global Repositories	Woody Plants (Charcoal)	Tree/Shrub	Chronometric Only
present datasets	25.04.2025		OxA-5501	9140	80		Pınarbaşı	cave	feature ABU; phase pre-Neolithic, ABU; ABU			charcoal		Konya	Turkey	37.4939	33.0171	Watkins 1996; CalPal; Brami and Zanotti 2015; Flohr et al. 2016; TAY Project; Reingruber and Thissen 2016	Global Repositories	Woody Plants (Charcoal)	Tree/Shrub	Chronometric Only
present datasets	25.04.2025		OxA-5502	5725	65		Pınarbaşı	cave	feature BAI, Trench 1			charcoal		Konya	Turkey	37.4939	33.0171	Watkins 1996; CalPal; Brami and Zanotti 2015; Flohr et al. 2016; TAY Project; Reingruber and Thissen 2016	Global Repositories	Woody Plants (Charcoal)	Tree/Shrub	Chronometric Only
present datasets	25.04.2025		OxA-5503	7145	70		Pınarbaşı	cave	feature BAT, Trench 1, fill; phase B, trench 1, fill, feature BAT; BAT			charcoal		Konya	Turkey	37.4939	33.0171	Watkins 1996; CalPal; Brami and Zanotti 2015; Flohr et al. 2016; TAY Project; Reingruber and Thissen 2016	Global Repositories	Woody Plants (Charcoal)	Tree/Shrub	Chronometric Only
present datasets	25.04.2025		OxA-5504	7450	70		Pınarbaşı	cave	feature BBA, Trench 1, fill; phase B, trench 1, fill, feature BBA; BBA			charcoal		Konya	Turkey	37.4939	33.0171	Watkins 1996; CalPal; Brami and Zanotti 2015; Flohr et al. 2016; TAY Project; Reingruber and Thissen 2016	Global Repositories	Woody Plants (Charcoal)	Tree/Shrub	Chronometric Only
present datasets	25.04.2025		OZH-786	8680	70		Pınarbaşı	cave	phase pre-Neolithic, ADK			nutshell	Prunus amygdalus	Konya	Turkey	37.4939	33.0171	Fairbairn et al. 2014; Brami and Zanotti 2015; Reingruber and Thissen 2016	Global Repositories	Short-lived Plants	Cereal/Pulse/Seed	Chronometric Only
present datasets	25.04.2025		OZH-787	8860	70		Pınarbaşı	cave	phase pre-Neolithic, ADK			nutshell	Prunus amygdalus	Konya	Turkey	37.4939	33.0171	Fairbairn et al. 2014; Brami and Zanotti 2015; Reingruber and Thissen 2016	Global Repositories	Short-lived Plants	Cereal/Pulse/Seed	Chronometric Only
present datasets	25.04.2025		OZH-788	9060	60		Pınarbaşı	cave	phase pre-Neolithic, AND			nutshell	Prunus amygdalus	Konya	Turkey	37.4939	33.0171	Fairbairn et al. 2014; Brami and Zanotti 2015; Reingruber and Thissen 2016	Global Repositories	Short-lived Plants	Cereal/Pulse/Seed	Chronometric Only
present datasets	25.04.2025		OZH-789	8920	70		Pınarbaşı	cave	phase pre-Neolithic, AND			nutshell	Prunus amygdalus	Konya	Turkey	37.4939	33.0171	Fairbairn et al. 2014; Brami and Zanotti 2015; Reingruber and Thissen 2016	Global Repositories	Short-lived Plants	Cereal/Pulse/Seed	Chronometric Only
present datasets	25.04.2025		OZN-583	8900	60		Pınarbaşı	cave	phase pre-Neolithic, DCP			nutshell	Prunus amygdalus	Konya	Turkey	37.4939	33.0171	Fairbairn et al. 2014; Brami and Zanotti 2015; Reingruber and Thissen 2016	Global Repositories	Short-lived Plants	Cereal/Pulse/Seed	Chronometric Only
present datasets	25.04.2025		OZN-584	9300	60		Pınarbaşı	cave	phase pre-Neolithic, AER			nutshell	Prunus amygdalus	Konya	Turkey	37.4939	33.0171	Fairbairn et al. 2014; Brami and Zanotti 2015; Reingruber and Thissen 2016	Global Repositories	Short-lived Plants	Cereal/Pulse/Seed	Chronometric Only
present datasets	25.04.2025		Wk-29760	9536	36		Pınarbaşı	cave	phase pre-Neolithic, AFC			nutshell	Prunus amygdalus	Konya	Turkey	37.4939	33.0171	Fairbairn et al. 2014; Brami and Zanotti 2015; Reingruber and Thissen 2016	Global Repositories	Short-lived Plants	Cereal/Pulse/Seed	Chronometric Only
present datasets	25.04.2025		Wk-29761	8918	34		Pınarbaşı	cave	phase pre-Neolithic, AFR			fruitstone	Prunus padus	Konya	Turkey	37.4939	33.0171	Fairbairn et al. 2014; Brami and Zanotti 2015; Reingruber and Thissen 2016	Global Repositories	Short-lived Plants	Cereal/Pulse/Seed	Chronometric Only
present datasets	25.04.2025		Wk-30797	5039	27		Pınarbaşı	cave	phase pre-Neolithic, AFC			grain	Triticum	Konya	Turkey	37.4939	33.0171	Fairbairn et al. 2014; Brami and Zanotti 2015; Reingruber and Thissen 2016	Global Repositories	Short-lived Plants	Cereal/Pulse/Seed	Chronometric Only
present datasets	25.04.2025		Wk-30798	5025	34		Pınarbaşı	cave	phase pre-Neolithic, ADT			grain	Triticum	Konya	Turkey	37.4939	33.0171	Fairbairn et al. 2014; Brami and Zanotti 2015; Reingruber and Thissen 2016	Global Repositories	Short-lived Plants	Cereal/Pulse/Seed	Chronometric Only
present datasets	25.04.2025		Wk-32872	9475	42		Pınarbaşı	cave	phase pre-Neolithic, AFJ			nutshell	Prunus amygdalus	Konya	Turkey	37.4939	33.0171	Fairbairn et al. 2014; Brami and Zanotti 2015; Reingruber and Thissen 2016	Global Repositories	Short-lived Plants	Cereal/Pulse/Seed	Chronometric Only
present datasets	25.04.2025		Wk-32873	9409	30		Pınarbaşı	cave	phase pre-Neolithic, AFT			nutshell	Prunus amygdalus	Konya	Turkey	37.4939	33.0171	Fairbairn et al. 2014; Brami and Zanotti 2015; Reingruber and Thissen 2016	Global Repositories	Short-lived Plants	Cereal/Pulse/Seed	Chronometric Only
present datasets	25.04.2025		Wk-32874	9577	28		Pınarbaşı	cave	phase pre-Neolithic, AHA			nutshell	Prunus amygdalus	Konya	Turkey	37.4939	33.0171	Fairbairn et al. 2014; Brami and Zanotti 2015; Reingruber and Thissen 2016	Global Repositories	Short-lived Plants	Cereal/Pulse/Seed	Chronometric Only
present datasets	25.04.2025		Wk-34089	8845	41		Pınarbaşı	cave	phase pre-Neolithic, DCL			nutshell	Prunus amygdalus	Konya	Turkey	37.4939	33.0171	Fairbairn et al. 2014; Brami and Zanotti 2015; Reingruber and Thissen 2016	Global Repositories	Short-lived Plants	Cereal/Pulse/Seed	Chronometric Only
present datasets	25.04.2025		Wk-34090	4719	25		Pınarbaşı	cave	phase pre-Neolithic, DCL			grain	Hordeum vulgare	Konya	Turkey	37.4939	33.0171	Fairbairn et al. 2014; Brami and Zanotti 2015; Reingruber and Thissen 2016	Global Repositories	Short-lived Plants	Cereal/Pulse/Seed	Chronometric Only
present datasets	25.04.2025		KIK-6935	3295	25	-22.63	Porsuk Höyük	settlement				charcoal		Niğde	Turkey	37.5147	34.5811	IRPA/KIK database	Global Repositories	Woody Plants (Charcoal)	Tree/Shrub	Chronometric Only
present datasets	25.04.2025		KIK-6957	3000	25	-24.84	Porsuk Höyük	settlement				grain	Hordeum vulgare	Niğde	Turkey	37.5147	34.5811	IRPA/KIK database	Global Repositories	Short-lived Plants	Cereal/Pulse/Seed	Chronometric Only
present datasets	25.04.2025		KIK-6971	3235	25	-20.57	Porsuk Höyük	settlement				grain	Hordeum vulgare	Niğde	Turkey	37.5147	34.5811	IRPA/KIK database	Global Repositories	Short-lived Plants	Cereal/Pulse/Seed	Chronometric Only
present datasets	25.04.2025		KIK-6972	3370	25	-24.56	Porsuk Höyük	settlement				charcoal		Niğde	Turkey	37.5147	34.5811	IRPA/KIK database	Global Repositories	Woody Plants (Charcoal)	Tree/Shrub	Chronometric Only
present datasets	25.04.2025		KIK-6973	3280	30	-24.55	Porsuk Höyük	settlement				charcoal		Niğde	Turkey	37.5147	34.5811	IRPA/KIK database	Global Repositories	Woody Plants (Charcoal)	Tree/Shrub	Chronometric Only
present datasets	25.04.2025		KIK-7063	3260	30	-20.36	Porsuk Höyük	settlement	On the floor of the 'Hittite room'			bone	human	Niğde	Turkey	37.5147	34.5811	IRPA/KIK database	Global Repositories	Bone/Teeth (Human/Animal)	Human	Chronometric Only
present datasets	25.04.2025		P-2040	4610	70		Pulur-Sakyol	settlement	Level XII		Early Bronze Age	charcoal		Tunceli	Turkey	38.92	38.83	Lawn, 1975	Global Repositories	Woody Plants (Charcoal)	Tree/Shrub	Chronometric Only
present datasets	25.04.2025		Beta-281733	1730	40		Sagalassos	settlement	Latrine deposit			charcoal		Burdur	Turkey	37.4504	29.5077	Baeten et al. 2012	Global Repositories	Woody Plants (Charcoal)	Tree/Shrub	Chronometric Only
present datasets	25.04.2025		Beta-281734	1780	40		Sagalassos	settlement	Latrine deposit			charcoal		Burdur	Turkey	37.4504	29.5077	Baeten et al. 2012	Global Repositories	Woody Plants (Charcoal)	Tree/Shrub	Chronometric Only
present datasets	25.04.2025		Beta-281735	1550	40		Sagalassos	settlement	Latrine deposit			charcoal		Burdur	Turkey	37.4504	29.5077	Baeten et al. 2012	Global Repositories	Woody Plants (Charcoal)	Tree/Shrub	Chronometric Only
present datasets	25.04.2025		Beta-284661	1550	40		Sagalassos	settlement	Latrine deposit			charcoal		Burdur	Turkey	37.4504	29.5077	Baeten et al. 2012	Global Repositories	Woody Plants (Charcoal)	Tree/Shrub	Chronometric Only
present datasets	25.04.2025		GrA-19894	2080	50		Sagalassos	settlement				charcoal		Burdur	Turkey	37.4504	29.5077	Vermoere, M et al. 2003. Pollen sequence from the city of Sagalassos (Pisidia, southwest Turkey). Anatolian Studies 53: 161-173.	Global Repositories	Woody Plants (Charcoal)	Tree/Shrub	Chronometric Only
present datasets	25.04.2025		GrA-19899	2210	50		Sagalassos	settlement				charcoal		Burdur	Turkey	37.4504	29.5077	Vermoere, M et al. 2003. Pollen sequence from the city of Sagalassos (Pisidia, southwest Turkey). Anatolian Studies 53: 161-173.	Global Repositories	Woody Plants (Charcoal)	Tree/Shrub	Chronometric Only
present datasets	25.04.2025		GrN-19301	2110	40		Sagalassos	settlement	PQ1	Roman Era	Roman Era	charcoal		Burdur	Turkey	37.67687032	30.5163972	Vermoere et al., 2003	Global Repositories	Woody Plants (Charcoal)	Tree/Shrub	Chronometric Only
present datasets	25.04.2025		GrN-26693	1940	40		Sagalassos	settlement	PQ1	Roman Era	Roman Era	charcoal		Burdur	Turkey	37.67687032	30.5163972	Vermoere et al., 2003	Global Repositories	Woody Plants (Charcoal)	Tree/Shrub	Chronometric Only
present datasets	25.04.2025		KIA-29165	1500	25	-22.24	Sagalassos	settlement	Bath Complex frigidarium, layer 2, SA2005RB1-43			bone	animal	Burdur	Turkey	37.4504	29.5077	De Cupere et al. 2009. International Journal of Osteoarchaeology 19: table 2.	Global Repositories	Bone/Teeth (Human/Animal)	Animal	Chronometric Only
present datasets	25.04.2025		KIK-10310	1716	33	-19.69	Sagalassos	settlement				bone	human	Burdur	Turkey	37.4504	29.5077	IRPA/KIK database	Global Repositories	Bone/Teeth (Human/Animal)	Human	Chronometric Only
present datasets	25.04.2025		KIK-10356	1837	31	-18.23	Sagalassos	settlement				bone	human	Burdur	Turkey	37.4504	29.5077	IRPA/KIK database	Global Repositories	Bone/Teeth (Human/Animal)	Human	Chronometric Only
present datasets	25.04.2025		KIK-1159	5370	80	-24	Sagalassos	settlement	SAGA-PDG 44			charcoal		Burdur	Turkey	37.4504	29.5077	IRPA/KIK database	Global Repositories	Woody Plants (Charcoal)	Tree/Shrub	Chronometric Only
present datasets	25.04.2025		TKa-14516	7690	45		Salat Camii Yani	settlement	1			charcoal		Diyarbakır	Turkey	37.8409	40.8935	Miyake et al. 2009	Global Repositories	Woody Plants (Charcoal)	Tree/Shrub	Chronometric Only
present datasets	25.04.2025		TKa-14517	7770	60		Salat Camii Yani	settlement	1			charcoal		Diyarbakır	Turkey	37.8409	40.8935	Miyake et al. 2009	Global Repositories	Woody Plants (Charcoal)	Tree/Shrub	Chronometric Only
present datasets	25.04.2025		TKa-14518	7760	40		Salat Camii Yani	settlement	1			charcoal		Diyarbakır	Turkey	37.8409	40.8935	Miyake et al. 2009	Global Repositories	Woody Plants (Charcoal)	Tree/Shrub	Chronometric Only
present datasets	25.04.2025		TKa-14519	7705	50		Salat Camii Yani	settlement	1			charcoal		Diyarbakır	Turkey	37.8409	40.8935	Miyake et al. 2009	Global Repositories	Woody Plants (Charcoal)	Tree/Shrub	Chronometric Only
present datasets	25.04.2025		TKa-14520	7710	50		Salat Camii Yani	settlement	1			charcoal		Diyarbakır	Turkey	37.8409	40.8935	Miyake et al. 2009	Global Repositories	Woody Plants (Charcoal)	Tree/Shrub	Chronometric Only
present datasets	25.04.2025		TKa-14521	7650	50		Salat Camii Yani	settlement	2			charcoal		Diyarbakır	Turkey	37.8409	40.8935	Miyake et al. 2009	Global Repositories	Woody Plants (Charcoal)	Tree/Shrub	Chronometric Only
present datasets	25.04.2025		TKa-14522	7720	45		Salat Camii Yani	settlement	2			grain	Hordeum vulgare	Diyarbakır	Turkey	37.8409	40.8935	Miyake et al. 2009	Global Repositories	Short-lived Plants	Cereal/Pulse/Seed	Chronometric Only
present datasets	25.04.2025		TKa-14523	7640	40		Salat Camii Yani	settlement	2			grain	Triticum turgidum	Diyarbakır	Turkey	37.8409	40.8935	Miyake et al. 2009	Global Repositories	Short-lived Plants	Cereal/Pulse/Seed	Chronometric Only
present datasets	25.04.2025		TKa-14524	7655	50		Salat Camii Yani	settlement	2			grain	Triticum turgidum	Diyarbakır	Turkey	37.8409	40.8935	Miyake et al. 2009	Global Repositories	Short-lived Plants	Cereal/Pulse/Seed	Chronometric Only
present datasets	25.04.2025		TKa-14533	7715	50		Salat Camii Yani	settlement	3			ceramic (organic temper)		Diyarbakır	Turkey	37.8409	40.8935	Miyake et al. 2009	Global Repositories	Anthropic/Residues	Organic Residue/Artifact	Chronometric Only
present datasets	25.04.2025		UCI-AMS-21256	7525	25		Salat Camii Yani	settlement	2			charcoal		Diyarbakır	Turkey	37.8409	40.8935	Miyake et al. 2009	Global Repositories	Woody Plants (Charcoal)	Tree/Shrub	Chronometric Only
present datasets	25.04.2025		UCI-AMS-21257	7630	25		Salat Camii Yani	settlement	2			charcoal		Diyarbakır	Turkey	37.8409	40.8935	Miyake et al. 2009	Global Repositories	Woody Plants (Charcoal)	Tree/Shrub	Chronometric Only
present datasets	25.04.2025		UCI-AMS-21258	7470	25		Salat Camii Yani	settlement	2			charcoal		Diyarbakır	Turkey	37.8409	40.8935	Miyake et al. 2009	Global Repositories	Woody Plants (Charcoal)	Tree/Shrub	Chronometric Only
present datasets	25.04.2025		UCI-AMS-21259	7425	25		Salat Camii Yani	settlement	2			charcoal		Diyarbakır	Turkey	37.8409	40.8935	Miyake et al. 2009	Global Repositories	Woody Plants (Charcoal)	Tree/Shrub	Chronometric Only
present datasets	25.04.2025		UCI-AMS-21260	7380	25		Salat Camii Yani	settlement	2			charcoal		Diyarbakır	Turkey	37.8409	40.8935	Miyake et al. 2009	Global Repositories	Woody Plants (Charcoal)	Tree/Shrub	Chronometric Only
present datasets	25.04.2025		UCI-AMS-21270	7445	25		Salat Camii Yani	settlement	2			charcoal		Diyarbakır	Turkey	37.8409	40.8935	Miyake et al. 2009	Global Repositories	Woody Plants (Charcoal)	Tree/Shrub	Chronometric Only
present datasets	25.04.2025		UCI-AMS-21271	7355	25		Salat Camii Yani	settlement	2			charcoal		Diyarbakır	Turkey	37.8409	40.8935	Miyake et al. 2009	Global Repositories	Woody Plants (Charcoal)	Tree/Shrub	Chronometric Only
present datasets	25.04.2025		UCI-AMS-21273	7425	35		Salat Camii Yani	settlement	1			charcoal		Diyarbakır	Turkey	37.8409	40.8935	Miyake et al. 2009	Global Repositories	Woody Plants (Charcoal)	Tree/Shrub	Chronometric Only
present datasets	25.04.2025		UCI-AMS-21274	7395	30		Salat Camii Yani	settlement	1			charcoal		Diyarbakır	Turkey	37.8409	40.8935	Miyake et al. 2009	Global Repositories	Woody Plants (Charcoal)	Tree/Shrub	Chronometric Only
present datasets	25.04.2025		UCI-AMS-21275	7325	20		Salat Camii Yani	settlement	1			charcoal		Diyarbakır	Turkey	37.8409	40.8935	Miyake et al. 2009	Global Repositories	Woody Plants (Charcoal)	Tree/Shrub	Chronometric Only
present datasets	25.04.2025		UCI-AMS-21276	7420	20		Salat Camii Yani	settlement	1			charcoal		Diyarbakır	Turkey	37.8409	40.8935	Miyake et al. 2009	Global Repositories	Woody Plants (Charcoal)	Tree/Shrub	Chronometric Only
present datasets	25.04.2025		UCI-AMS-21698	7690	25		Salat Camii Yani	settlement	2			charcoal		Diyarbakır	Turkey	37.8409	40.8935	Miyake et al. 2009	Global Repositories	Woody Plants (Charcoal)	Tree/Shrub	Chronometric Only
present datasets	25.04.2025		Tka-15982	5841	24		Salat Tepe	settlement	the lowest level of Floor 56/T of Room53/M (H12-186)			charcoal		Diyarbakır	Turkey	37.839588	40.901733	Koizumi et al. 2016	Global Repositories	Woody Plants (Charcoal)	Tree/Shrub	Chronometric Only
present datasets	25.04.2025		Tka-15983	5245	24		Salat Tepe	settlement	fills between Walls 51/D and 54/D(I12-184) related to Room 58/M above Room 84/Min Trench I12			charcoal		Diyarbakır	Turkey	37.839588	40.901733	Koizumi et al. 2016	Global Repositories	Woody Plants (Charcoal)	Tree/Shrub	Chronometric Only
present datasets	25.04.2025		Tka-15985	5807	24		Salat Tepe	settlement	under Floor 57/T of Room 53/M (H12-216)			charcoal		Diyarbakır	Turkey	37.839588	40.901733	Koizumi et al. 2016	Global Repositories	Woody Plants (Charcoal)	Tree/Shrub	Chronometric Only
present datasets	25.04.2025		Tka-15986	5807	24		Salat Tepe	settlement	under Floor of Room 68/M (H12-220)			charcoal		Diyarbakır	Turkey	37.839588	40.901733	Koizumi et al. 2016	Global Repositories	Woody Plants (Charcoal)	Tree/Shrub	Chronometric Only
present datasets	25.04.2025		OxA-33496	3825	29		Seyitömer Höyük	settlement	Rowhouses West, room 22 floor			grain (charred)	Triticum	Kütahya	Turkey	39.581	29.8635	Harrison 2016	Global Repositories	Short-lived Plants	Cereal/Pulse/Seed	Chronometric Only
present datasets	25.04.2025		OxA-33497	3796	30		Seyitömer Höyük	settlement	Rowhouses West, room 22 floor			grain (charred)	Triticum	Kütahya	Turkey	39.581	29.8635	Harrison 2016	Global Repositories	Short-lived Plants	Cereal/Pulse/Seed	Chronometric Only
present datasets	25.04.2025	AMS	BE-6005.1.1	3191	20		Sirkeli Höyük	settlement	OCI-MCI 2		Middle Bronze Age	charcoal		Adana	Turkey	37.003889	35.745278	Novak et al., 2021	Global Repositories	Woody Plants (Charcoal)	Tree/Shrub	Chronometric Only
present datasets	25.04.2025	AMS	BE-6006.1.1	2880	20		Sirkeli Höyük	settlement	NCI 3		Iron Age II	charcoal		Adana	Turkey	37.003889	35.745278	Novak et al., 2021	Global Repositories	Woody Plants (Charcoal)	Tree/Shrub	Chronometric Only
present datasets	25.04.2025	AMS	BE-6007.1.1	2897	20		Sirkeli Höyük	settlement	NCI 2		Iron Age Ib	charcoal		Adana	Turkey	37.003889	35.745278	Novak et al., 2021	Global Repositories	Woody Plants (Charcoal)	Tree/Shrub	Chronometric Only
present datasets	25.04.2025	AMS	BE-6008.1.1	2873	20		Sirkeli Höyük	settlement	NCI 2		Iron Age Ib	charcoal		Adana	Turkey	37.003889	35.745278	Novak et al., 2021	Global Repositories	Woody Plants (Charcoal)	Tree/Shrub	Chronometric Only
present datasets	25.04.2025	AMS	BE-6009.1.1	2917	20		Sirkeli Höyük	settlement	NCI 2		Iron Age Ib	charcoal		Adana	Turkey	37.003889	35.745278	Novak et al., 2021	Global Repositories	Woody Plants (Charcoal)	Tree/Shrub	Chronometric Only
present datasets	25.04.2025	AMS	BE-6010.1.1	2929	20		Sirkeli Höyük	settlement	NCI 2		Iron Age Ib	charcoal		Adana	Turkey	37.003889	35.745278	Novak et al., 2021	Global Repositories	Woody Plants (Charcoal)	Tree/Shrub	Chronometric Only
present datasets	25.04.2025	AMS	BE-6011.1.1	2929	20		Sirkeli Höyük	settlement	NCI 1		Late Bronze Age III/Iron Age Ia	charcoal		Adana	Turkey	37.003889	35.745278	Novak et al., 2021	Global Repositories	Woody Plants (Charcoal)	Tree/Shrub	Chronometric Only
present datasets	25.04.2025	AMS	BE-6012.1.1	2934	20		Sirkeli Höyük	settlement	NCI 2		Iron Age Ib	charcoal		Adana	Turkey	37.003889	35.745278	Novak et al., 2021	Global Repositories	Woody Plants (Charcoal)	Tree/Shrub	Chronometric Only
present datasets	25.04.2025	AMS	BE-6013.1.1	2875	33		Sirkeli Höyük	settlement	NCI 3		Iron Age II	charcoal		Adana	Turkey	37.003889	35.745278	Novak et al., 2021	Global Repositories	Woody Plants (Charcoal)	Tree/Shrub	Chronometric Only
present datasets	25.04.2025	AMS	BE-6014.1.1	3343	20		Sirkeli Höyük	settlement	OCI-MCI 2		Middle Bronze Age	charcoal		Adana	Turkey	37.003889	35.745278	Novak et al., 2021	Global Repositories	Woody Plants (Charcoal)	Tree/Shrub	Chronometric Only
present datasets	25.04.2025	AMS	BE-6015.1.1	2901	20		Sirkeli Höyük	settlement	NCI 2		Iron Age Ib	charcoal		Adana	Turkey	37.003889	35.745278	Novak et al., 2021	Global Repositories	Woody Plants (Charcoal)	Tree/Shrub	Chronometric Only
present datasets	25.04.2025	AMS	BE-6016.1.1	2903	20		Sirkeli Höyük	settlement	NCI 2		Iron Age Ib	charcoal		Adana	Turkey	37.003889	35.745278	Novak et al., 2021	Global Repositories	Woody Plants (Charcoal)	Tree/Shrub	Chronometric Only
present datasets	25.04.2025	AMS	BE-6018.1.1	2964	19		Sirkeli Höyük	settlement	NCI 1		Late Bronze Age III/Iron Age Ia	charcoal		Adana	Turkey	37.003889	35.745278	Novak et al., 2021	Global Repositories	Woody Plants (Charcoal)	Tree/Shrub	Chronometric Only
present datasets	25.04.2025	AMS	BE-6019.1.1	2916	20		Sirkeli Höyük	settlement	NCI 1		Late Bronze Age III/Iron Age Ia	charcoal		Adana	Turkey	37.003889	35.745278	Novak et al., 2021	Global Repositories	Woody Plants (Charcoal)	Tree/Shrub	Chronometric Only
present datasets	25.04.2025	AMS	BE-6020.1.1	3338	20		Sirkeli Höyük	settlement	OCI-MCI 2		Middle Bronze Age	charcoal		Adana	Turkey	37.003889	35.745278	Novak et al., 2021	Global Repositories	Woody Plants (Charcoal)	Tree/Shrub	Chronometric Only
present datasets	25.04.2025	AMS	BE-6022.1.1	3223	20		Sirkeli Höyük	settlement	OCI-MCI 2		Middle Bronze Age	charcoal		Adana	Turkey	37.003889	35.745278	Novak et al., 2021	Global Repositories	Woody Plants (Charcoal)	Tree/Shrub	Chronometric Only
present datasets	25.04.2025	AMS	BE-6024.1.1	2844	20		Sirkeli Höyük	settlement	NCI 3		Iron Age II	charcoal		Adana	Turkey	37.003889	35.745278	Novak et al., 2021	Global Repositories	Woody Plants (Charcoal)	Tree/Shrub	Chronometric Only
present datasets	25.04.2025	AMS	BE-6025.1.1	2739	20		Sirkeli Höyük	settlement	NCI 3		Iron Age II	charcoal		Adana	Turkey	37.003889	35.745278	Novak et al., 2021	Global Repositories	Woody Plants (Charcoal)	Tree/Shrub	Chronometric Only
present datasets	25.04.2025	AMS	BE-6026.1.1	2763	20		Sirkeli Höyük	settlement	NCI 4		Iron Age II	charcoal		Adana	Turkey	37.003889	35.745278	Novak et al., 2021	Global Repositories	Woody Plants (Charcoal)	Tree/Shrub	Chronometric Only
present datasets	25.04.2025	AMS	BE-6027.1.1	2743	20		Sirkeli Höyük	settlement	NCI 3		Iron Age II	charcoal		Adana	Turkey	37.003889	35.745278	Novak et al., 2021	Global Repositories	Woody Plants (Charcoal)	Tree/Shrub	Chronometric Only
present datasets	25.04.2025	AMS	BE-6028.1.1	2717	34		Sirkeli Höyük	settlement	NCI 4		Iron Age II	charcoal		Adana	Turkey	37.003889	35.745278	Novak et al., 2021	Global Repositories	Woody Plants (Charcoal)	Tree/Shrub	Chronometric Only
present datasets	25.04.2025	AMS	BE-6029.1.1	2774	20		Sirkeli Höyük	settlement	NCI 3		Iron Age II	charcoal		Adana	Turkey	37.003889	35.745278	Novak et al., 2021	Global Repositories	Woody Plants (Charcoal)	Tree/Shrub	Chronometric Only
present datasets	25.04.2025	AMS	BE-6030.1.1	2758	43		Sirkeli Höyük	settlement	NCI 3		Iron Age II	charcoal		Adana	Turkey	37.003889	35.745278	Novak et al., 2021	Global Repositories	Woody Plants (Charcoal)	Tree/Shrub	Chronometric Only
present datasets	25.04.2025	AMS	BE-6031.1.1	2756	20		Sirkeli Höyük	settlement	NCI 3		Iron Age II	charcoal		Adana	Turkey	37.003889	35.745278	Novak et al., 2021	Global Repositories	Woody Plants (Charcoal)	Tree/Shrub	Chronometric Only
present datasets	25.04.2025	AMS	BE-6032.1.1	2775	20		Sirkeli Höyük	settlement	NCI 3		Iron Age II	charcoal		Adana	Turkey	37.003889	35.745278	Novak et al., 2021	Global Repositories	Woody Plants (Charcoal)	Tree/Shrub	Chronometric Only
present datasets	25.04.2025	AMS	BE-6170.1.1	2855	20		Sirkeli Höyük	settlement	NCI 2		Iron Age Ib	charcoal		Adana	Turkey	37.003889	35.745278	Novak et al., 2021	Global Repositories	Woody Plants (Charcoal)	Tree/Shrub	Chronometric Only
present datasets	25.04.2025		Beta-84367	2120	60		Sos Höyük	settlement	IIC burnt building					Erzurum	Turkey	39.9954	41.5285	Sagona and Sagona 2003	Global Repositories	Indeterminate/Other	Indeterminate	Chronometric Only
present datasets	25.04.2025		Beta-74454	2140	60		Sos Höyük	settlement	IIC burnt building					Erzurum	Turkey	39.9954	41.5285	Sagona and Sagona 2003	Global Repositories	Indeterminate/Other	Indeterminate	Chronometric Only
present datasets	25.04.2025		Poz-66781	2960	35		Sos Höyük	settlement	SOS64. L16c 40 35 71 S.188		Early Bronze Age	seed	panicum	Erzurum	Turkey	39.9954	41.5285	Martin et al. 2021	Global Repositories	Short-lived Plants	Cereal/Pulse/Seed	Chronometric Only
present datasets	25.04.2025		Beta-95217	3150	60		Sos Höyük	settlement	M15d, locus 1810, basket 50; beneath plaster of round house.	IVb	Middle Bronze Age II	charcoal		Erzurum	Turkey	39.9954	41.5285	Sagona 2000	Global Repositories	Woody Plants (Charcoal)	Tree/Shrub	Chronometric Only
present datasets	25.04.2025		Beta-107916	3220	70		Sos Höyük	settlement	M16d, locus 3635, lower Pit 7.	IVb	Middle Bronze Age II	charcoal		Erzurum	Turkey	39.9954	41.5285	Sagona 2000	Global Repositories	Woody Plants (Charcoal)	Tree/Shrub	Chronometric Only
present datasets	25.04.2025		Beta-74453	3230	50		Sos Höyük	settlement	collected from exposed L17d scarp	IVb	Middle Bronze Age II	charcoal		Erzurum	Turkey	39.9954	41.5285	Sagona 2000	Global Repositories	Woody Plants (Charcoal)	Tree/Shrub	Chronometric Only
present datasets	25.04.2025		Beta-74457	3250	80		Sos Höyük	settlement	M17ab, locus 107, basket 38; plaster rubble.	IVb	Middle Bronze Age II	charcoal		Erzurum	Turkey	39.9954	41.5285	Sagona 2000	Global Repositories	Woody Plants (Charcoal)	Tree/Shrub	Chronometric Only
present datasets	25.04.2025		Beta-74456	3300	70		Sos Höyük	settlement	collected from west section, M16c.	IVb	Middle Bronze Age II	charcoal		Erzurum	Turkey	39.9954	41.5285	Sagona 2000	Global Repositories	Woody Plants (Charcoal)	Tree/Shrub	Chronometric Only
present datasets	25.04.2025		Beta-84368	3300	50		Sos Höyük	settlement	M17ab, locus 126, basket 148; under plaster feature attached to house.	IVb	Middle Bronze Age II	charcoal		Erzurum	Turkey	39.9954	41.5285	Sagona 2000	Global Repositories	Woody Plants (Charcoal)	Tree/Shrub	Chronometric Only
present datasets	25.04.2025		Beta-95218	3310	70		Sos Höyük	settlement	M15d, locus 1813, basket 53; beneath thick plaster inside house.	IVb	Middle Bronze Age II	charcoal		Erzurum	Turkey	39.9954	41.5285	Sagona 2000	Global Repositories	Woody Plants (Charcoal)	Tree/Shrub	Chronometric Only
present datasets	25.04.2025		Beta-107914	3340	70		Sos Höyük	settlement	M16d, locus 3635, upper Pit 7.	IVb	Middle Bronze Age II	charcoal		Erzurum	Turkey	39.9954	41.5285	Sagona 2000	Global Repositories	Woody Plants (Charcoal)	Tree/Shrub	Chronometric Only
present datasets	25.04.2025		Beta-84369	3390	60		Sos Höyük	settlement	M16ed, locus 1275, basket 175; in conjoint basins.	IVb	Middle Bronze Age II	charcoal		Erzurum	Turkey	39.9954	41.5285	Sagona 2000	Global Repositories	Woody Plants (Charcoal)	Tree/Shrub	Chronometric Only
present datasets	25.04.2025		Beta-95216	3430	60		Sos Höyük	settlement	M15d, locus 1810, basket 69; inside round house	IVb	Middle Bronze Age II	charcoal		Erzurum	Turkey	39.9954	41.5285	Sagona 2000	Global Repositories	Woody Plants (Charcoal)	Tree/Shrub	Chronometric Only
present datasets	25.04.2025		Beta-95221	3530	110		Sos Höyük	settlement	M16, locus 597, basket 185; pit above Burial 1, east section.	IVb	Middle Bronze Age II	charcoal		Erzurum	Turkey	39.9954	41.5285	Sagona 2000	Global Repositories	Woody Plants (Charcoal)	Tree/Shrub	Chronometric Only
present datasets	25.04.2025		Beta-84371	3570	70		Sos Höyük	settlement	L17b, locus 1514, basket 66; Pit	IVa	Middle Bronze Age I	charcoal		Erzurum	Turkey	39.9954	41.5285	Sagona 2000	Global Repositories	Woody Plants (Charcoal)	Tree/Shrub	Chronometric Only
present datasets	25.04.2025		Beta-107913	3650	50		Sos Höyük	settlement	M15d, locus 3629, basket 235; Pit 4.	IVb	Middle Bronze Age II	charcoal		Erzurum	Turkey	39.9954	41.5285	Sagona 2000	Global Repositories	Woody Plants (Charcoal)	Tree/Shrub	Chronometric Only
present datasets	25.04.2025		Beta-95225	3730	70		Sos Höyük	settlement	M16, locus 3613, basket 216; Burial 1.	IVa	Middle Bronze Age I	bone	human	Erzurum	Turkey	39.9954	41.5285	Sagona 2000	Global Repositories	Bone/Teeth (Human/Animal)	Human	Chronometric Only
present datasets	25.04.2025		Beta-98876	3750	70		Sos Höyük	settlement	M16, locus 3617, basket 240; Burial 2.	IVa	Middle Bronze Age I	bone	human	Erzurum	Turkey	39.9954	41.5285	Sagona 2000	Global Repositories	Bone/Teeth (Human/Animal)	Human	Chronometric Only
present datasets	25.04.2025		Beta-95224	3870	80		Sos Höyük	settlement	M16, locus 3613, basket 216; Burial 1.	IVa	Middle Bronze Age I	charcoal		Erzurum	Turkey	39.9954	41.5285	Sagona 2000	Global Repositories	Woody Plants (Charcoal)	Tree/Shrub	Chronometric Only
present datasets	25.04.2025		Beta-107915	3910	60		Sos Höyük	settlement	Burial 3, M16	Vd	Early Bronze Age III	bone	human	Erzurum	Turkey	39.9954	41.5285	Sagona 2000	Global Repositories	Bone/Teeth (Human/Animal)	Human	Chronometric Only
present datasets	25.04.2025		Beta-107920	3950	50		Sos Höyük	settlement	M15d, locus 1855, basket 216; Burial 1	Vd	Early Bronze Age III	bone	human	Erzurum	Turkey	39.9954	41.5285	Sagona 2000	Global Repositories	Bone/Teeth (Human/Animal)	Human	Chronometric Only
present datasets	25.04.2025		Beta-95223	4070	50		Sos Höyük	settlement	locus 3610, basket 211; below rectilinear house.	Vc	Early Bronze Age II	charcoal		Erzurum	Turkey	39.9954	41.5285	Sagona 2000	Global Repositories	Woody Plants (Charcoal)	Tree/Shrub	Chronometric Only
present datasets	25.04.2025		OZD-711	4100	70		Sos Höyük	settlement	M17a, locus 118; unreliable	IVb	Middle Bronze Age II	charcoal		Erzurum	Turkey	39.9954	41.5285	Sagona 2000	Global Repositories	Woody Plants (Charcoal)	Tree/Shrub	Chronometric Only
present datasets	25.04.2025		Beta-107911	4110	70		Sos Höyük	settlement	L17b, locus 1597, basket 322; 3rd plaster floor.	Vb	Early Bronze Age I	charcoal		Erzurum	Turkey	39.9954	41.5285	Sagona 2000	Global Repositories	Woody Plants (Charcoal)	Tree/Shrub	Chronometric Only
present datasets	25.04.2025		Beta-107917	4120	70		Sos Höyük	settlement	M15d, locus 1847, basket 139; west of pit and south of basin.	Vc	Early Bronze Age II	charcoal		Erzurum	Turkey	39.9954	41.5285	Sagona 2000	Global Repositories	Woody Plants (Charcoal)	Tree/Shrub	Chronometric Only
present datasets	25.04.2025		Beta-95220	4120	70		Sos Höyük	settlement	locus 3605, basket 201; below rectilinear house	Vc	Early Bronze Age II	charcoal		Erzurum	Turkey	39.9954	41.5285	Sagona 2000	Global Repositories	Woody Plants (Charcoal)	Tree/Shrub	Chronometric Only
present datasets	25.04.2025		Beta-84372	4140	60		Sos Höyük	settlement	L17b, locus 1515, basket 78; hearth; too early	Vd	Early Bronze Age III	charcoal		Erzurum	Turkey	39.9954	41.5285	Sagona 2000	Global Repositories	Woody Plants (Charcoal)	Tree/Shrub	Chronometric Only
present datasets	25.04.2025		OZD-713	4140	70		Sos Höyük	settlement	M16/N16, locus 3645, basket 11; house with high stone foundations.	Vc	Early Bronze Age II	charcoal		Erzurum	Turkey	39.9954	41.5285	Sagona 2000	Global Repositories	Woody Plants (Charcoal)	Tree/Shrub	Chronometric Only
present datasets	25.04.2025		Beta-120451	4160	60		Sos Höyük	settlement	M16/N16, locus 3645, basket 11; house with high stone foundations.	Vc	Early Bronze Age II	charcoal		Erzurum	Turkey	39.9954	41.5285	Sagona 2000	Global Repositories	Woody Plants (Charcoal)	Tree/Shrub	Chronometric Only
present datasets	25.04.2025		Beta-107919	4170	70		Sos Höyük	settlement	M15d, locus 1854, basket 196; directly above plaster floor.	Vc	Early Bronze Age II	charcoal		Erzurum	Turkey	39.9954	41.5285	Sagona 2000	Global Repositories	Woody Plants (Charcoal)	Tree/Shrub	Chronometric Only
present datasets	25.04.2025		Beta-107908	4230	120		Sos Höyük	settlement	L176, locus 1586, basket 242; 1st plaster floor	Vb	Early Bronze Age I	charcoal		Erzurum	Turkey	39.9954	41.5285	Sagona 2000	Global Repositories	Woody Plants (Charcoal)	Tree/Shrub	Chronometric Only
present datasets	25.04.2025		Beta-107918	4240	40		Sos Höyük	settlement	M15d, locus 1853, basket 153; beneath plaster floor	Vc	Early Bronze Age II	charcoal		Erzurum	Turkey	39.9954	41.5285	Sagona 2000	Global Repositories	Woody Plants (Charcoal)	Tree/Shrub	Chronometric Only
present datasets	25.04.2025		Beta-95222	4260	70		Sos Höyük	settlement	M16c, locus 3650, basket 2; unreliable.	IVa	Middle Bronze Age I	charcoal		Erzurum	Turkey	39.9954	41.5285	Sagona 2000	Global Repositories	Woody Plants (Charcoal)	Tree/Shrub	Chronometric Only
present datasets	25.04.2025		Beta-107912	4390	70		Sos Höyük	settlement	L17d/M17c. locus 4201, basket 2; base of curved wall on exterior	Va	chalcolithic	charcoal		Erzurum	Turkey	39.9954	41.5285	Sagona 2000; Hinz et al. 2012: http://radon-b.ufg.uni-kiel.de/samples/7295	Global Repositories	Woody Plants (Charcoal)	Tree/Shrub	Chronometric Only
present datasets	25.04.2025		Beta-107909	4510	90		Sos Höyük	settlement	L17b, locus 1590, basket 301; between Ist and 2nd plaster floors.	Vb	Early Bronze Age I	charcoal		Erzurum	Turkey	39.9954	41.5285	Sagona 2000	Global Repositories	Woody Plants (Charcoal)	Tree/Shrub	Chronometric Only
present datasets	25.04.2025		Beta-74452	4510	70		Sos Höyük	settlement	collected from exposed L17d scarp	Va	chalcolithic	charcoal		Erzurum	Turkey	39.9954	41.5285	Sagona 2000; Hinz et al. 2012: http://radon-b.ufg.uni-kiel.de/samples/7296	Global Repositories	Woody Plants (Charcoal)	Tree/Shrub	Chronometric Only
present datasets	25.04.2025		Beta-120452	4590	50		Sos Höyük	settlement	L17d/M17c, locus 4223, basket 25; base of sondage	Va	chalcolithic	charcoal		Erzurum	Turkey	39.9954	41.5285	Sagona 2000; Hinz et al. 2012: http://radon-b.ufg.uni-kiel.de/samples/7297	Global Repositories	Woody Plants (Charcoal)	Tree/Shrub	Chronometric Only
present datasets	25.04.2025		Beta-95219	4600	90		Sos Höyük	settlement	M16, locus 591, basket 174; floor of house; unreliable.	IVa	Middle Bronze Age I	charcoal		Erzurum	Turkey	39.9954	41.5285	Sagona 2000	Global Repositories	Woody Plants (Charcoal)	Tree/Shrub	Chronometric Only
present datasets	25.04.2025		I-1867	8520	140		Suberde (Görüklük Tepe)	settlement	Phase: III (middle);area 0, unit 21; phase III ('middle'), area 0; level III,  (´middle`); level III,  (´middle`)			charcoal		Konya	Turkey	37.3526	31.9298	Bordaz 1973; Thissen 2002; CalPal; Brami and Zanotti 2015; Reinbruger and Thissen 2016; Flohr et al. 2016	Global Repositories	Woody Plants (Charcoal)	Tree/Shrub	Chronometric Only
present datasets	25.04.2025		OS-62226	8120	40		Suberde (Görüklük Tepe)	settlement				bone		Konya	Turkey	37.3526	31.9298	Arbuckle 2008; Brami 2014; Brami and Zanotti 2015; CalPal; Clare and Weninger 2014; Reingruber and Thissen 2016; Flohr et al. 2016	Global Repositories	Bone/Teeth (Human/Animal)	Indeterminate	Chronometric Only
present datasets	25.04.2025		OS-62227	8270	40		Suberde (Görüklük Tepe)	settlement				bone		Konya	Turkey	37.3526	31.9298	Arbuckle 2008; Brami 2014; Brami and Zanotti 2015; CalPal; Clare and Weninger 2014; Reingruber and Thissen 2016; Flohr et al. 2016	Global Repositories	Bone/Teeth (Human/Animal)	Indeterminate	Chronometric Only
present datasets	25.04.2025		OS-62229	8160	45		Suberde (Görüklük Tepe)	settlement				bone		Konya	Turkey	37.3526	31.9298	Arbuckle 2008; Brami 2014; Brami and Zanotti 2015; CalPal; Clare and Weninger 2014; Reingruber and Thissen 2016; Flohr et al. 2016	Global Repositories	Bone/Teeth (Human/Animal)	Indeterminate	Chronometric Only
present datasets	25.04.2025		OS-62370	8150	45		Suberde (Görüklük Tepe)	settlement				bone		Konya	Turkey	37.3526	31.9298	Arbuckle 2008; Brami 2014; Brami and Zanotti 2015; CalPal; Clare and Weninger 2014; Reingruber and Thissen 2016; Flohr et al. 2016	Global Repositories	Bone/Teeth (Human/Animal)	Indeterminate	Chronometric Only
present datasets	25.04.2025		P-1385	7957	88		Suberde (Görüklük Tepe)	settlement	Phase: III (top);areal 8, unit 108			charcoal		Konya	Turkey	37.3526	31.9298	Stuckenrath and Lawn 1969; Bordaz 1973; Thissen 2002; CalPal; Brami and Zanotti 2015; Flohr et al. 2016	Global Repositories	Woody Plants (Charcoal)	Tree/Shrub	Chronometric Only
present datasets	25.04.2025		P-1386	8045	76		Suberde (Görüklük Tepe)	settlement	Phase: III (top);area 8, unit 342			charcoal		Konya	Turkey	37.3526	31.9298	Stuckenrath and Lawn 1969; Bordaz 1973; Thissen 2002; CalPal; Brami and Zanotti 2015; Flohr et al. 2016	Global Repositories	Woody Plants (Charcoal)	Tree/Shrub	Chronometric Only
present datasets	25.04.2025		P-1388	8226	79		Suberde (Görüklük Tepe)	settlement	Phase: III (middle);area 9, unit 312			charcoal		Konya	Turkey	37.3526	31.9298	Stuckenrath and Lawn 1969; Bordaz 1973; Thissen 2002; CalPal; Brami and Zanotti 2015; Flohr et al. 2016	Global Repositories	Woody Plants (Charcoal)	Tree/Shrub	Chronometric Only
present datasets	25.04.2025		P-1389	7584	85		Suberde (Görüklük Tepe)	settlement	Phase: III (basal);area 42, unit 319			charcoal		Konya	Turkey	37.3526	31.9298	Stuckenrath and Lawn 1969; Bordaz 1973; Thissen 2002; CalPal; Brami and Zanotti 2015; Flohr et al. 2016	Global Repositories	Woody Plants (Charcoal)	Tree/Shrub	Chronometric Only
present datasets	25.04.2025		P-1391	8299	91		Suberde (Görüklük Tepe)	settlement	Phase: III (middle);area 0, unit 25			charcoal		Konya	Turkey	37.3526	31.9298	Stuckenrath and Lawn 1969; Bordaz 1973; Thissen 2002; CalPal; Brami and Zanotti 2015; Flohr et al. 2016	Global Repositories	Woody Plants (Charcoal)	Tree/Shrub	Chronometric Only
present datasets	25.04.2025		Beta-88280	4390	50		Tell al-Judaidah	settlement	Loc 21					Hatay	Turkey	36.2677	36.586	Philip and Millard 2000	Global Repositories	Indeterminate/Other	Indeterminate	Chronometric Only
present datasets	25.04.2025		Beta-88281	4270	70		Tell al-Judaidah	settlement	Loc 21					Hatay	Turkey	36.2677	36.586	Philip and Millard 2000	Global Repositories	Indeterminate/Other	Indeterminate	Chronometric Only
present datasets	25.04.2025		P-1473	4782	60		Tell al-Judaidah	settlement	Cut JK-3, Phase G		Early Bronze Age II	charcoal		Hatay	Turkey	36.2677	36.586	Lawn, 1973	Global Repositories	Woody Plants (Charcoal)	Tree/Shrub	Chronometric Only
present datasets	25.04.2025		GrN-22964	5440	120		Tell Atchana (Alalakh)	settlement	B3			charcoal		Hatay	Turkey	36.2378	36.3847	Flohr et al. 2016; Yener et al. 2000; Erdoğu et al. 2003;CalPal; TAY Project	Global Repositories	Woody Plants (Charcoal)	Tree/Shrub	Chronometric Only
present datasets	25.04.2025		AA-52956	6972	48		Tell Kurdu	settlement	Amuq C; Amuq C; R41 lower floor (25:111)			seed (charred)		Hatay	Turkey	36.330307	36.444714	Özbal et al. 2004; Flohr et al. 2016; TAY Project	Global Repositories	Short-lived Plants	Cereal/Pulse/Seed	Chronometric Only
present datasets	25.04.2025		AA-52957	6566	58		Tell Kurdu	settlement	Amuq C; Amuq C; R39 lower floor (25:88)			seed (charred)		Hatay	Turkey	36.330307	36.444714	Özbal et al. 2004; Flohr et al. 2016; TAY Project	Global Repositories	Short-lived Plants	Cereal/Pulse/Seed	Chronometric Only
present datasets	25.04.2025		AA-52958	6306	48		Tell Kurdu	settlement	Amuq C; Amuq C; R39 upper floor (14:103)			seed (charred)		Hatay	Turkey	36.330307	36.444714	Özbal et al. 2004; Flohr et al. 2016; TAY Project	Global Repositories	Short-lived Plants	Cereal/Pulse/Seed	Chronometric Only
present datasets	25.04.2025		AA-52959	6817	88		Tell Kurdu	settlement	Amuq C; R05 (12:88)			seed (charred)		Hatay	Turkey	36.330307	36.444714	Flohr et al. 2016	Global Repositories	Short-lived Plants	Cereal/Pulse/Seed	Chronometric Only
present datasets	25.04.2025		AA-52960	6724	56		Tell Kurdu	settlement	Amuq C; S70 (23:34)			seed (charred)		Hatay	Turkey	36.330307	36.444714	Flohr et al. 2016; Özbal et al. 2004; CalPal; TAY Project	Global Repositories	Short-lived Plants	Cereal/Pulse/Seed	Chronometric Only
present datasets	25.04.2025		AA-52961	7032	71		Tell Kurdu	settlement	Amuq C; Amuq C; R06 (12:77)			seeds		Hatay	Turkey	36.330307	36.444714	Özbal et al. 2004; Flohr et al. 2016; TAY Project	Global Repositories	Short-lived Plants	Cereal/Pulse/Seed	Chronometric Only
present datasets	25.04.2025		AA-52962	6948	53		Tell Kurdu	settlement	Amuq C; Amuq C; R37 (23:31)			seed (charred)		Hatay	Turkey	36.330307	36.444714	Özbal et al. 2004; Flohr et al. 2016; TAY Project	Global Repositories	Short-lived Plants	Cereal/Pulse/Seed	Chronometric Only
present datasets	25.04.2025		AA-52963	6911	47		Tell Kurdu	settlement	Amuq C; Amuq C; R57 (26:59)			seed (charred)		Hatay	Turkey	36.330307	36.444714	Özbal et al. 2004; Flohr et al. 2016; TAY Project	Global Repositories	Short-lived Plants	Cereal/Pulse/Seed	Chronometric Only
present datasets	25.04.2025		AA-52964	6843	90		Tell Kurdu	settlement	Amuq C; Amuq C; R41 upper floor (25:36)			seed (charred)		Hatay	Turkey	36.330307	36.444714	Özbal et al. 2004; Flohr et al. 2016; TAY Project	Global Repositories	Short-lived Plants	Cereal/Pulse/Seed	Chronometric Only
present datasets	25.04.2025		AA-52965	7173	72		Tell Kurdu	settlement	Amuq C; Amuq C; R28 lowest floor (22:67)			seeds		Hatay	Turkey	36.330307	36.444714	Özbal et al. 2004; Flohr et al. 2016; TAY Project	Global Repositories	Short-lived Plants	Cereal/Pulse/Seed	Chronometric Only
present datasets	25.04.2025		GrN-22965	5890	50		Tell Kurdu	settlement	Amuq E; Amuq E; Amuq E			charcoal		Hatay	Turkey	36.330307	36.444714	Yanar et al. 2000; CalPal; Flohr et al. 2016	Global Repositories	Woody Plants (Charcoal)	Tree/Shrub	Chronometric Only
present datasets	25.04.2025		OxA-30309	2519	26		Tell Tayinat	settlement				fruitstone	Olea europaea	Hatay	Turkey	36.2475	36.376389	Manning et al. 2020	Global Repositories	Short-lived Plants	Cereal/Pulse/Seed	Chronometric Only
present datasets	25.04.2025		OxA-30310	2810	28		Tell Tayinat	settlement				fruitstone	Olea europaea	Hatay	Turkey	36.2475	36.376389	Manning et al. 2020	Global Repositories	Short-lived Plants	Cereal/Pulse/Seed	Chronometric Only
present datasets	25.04.2025		OxA-30311	2806	31		Tell Tayinat	settlement				fruitstone	Olea europaea	Hatay	Turkey	36.2475	36.376389	Manning et al. 2020	Global Repositories	Short-lived Plants	Cereal/Pulse/Seed	Chronometric Only
present datasets	25.04.2025		OxA-30312	2679	28		Tell Tayinat	settlement				fruitstone	Olea europaea	Hatay	Turkey	36.2475	36.376389	Manning et al. 2020	Global Repositories	Short-lived Plants	Cereal/Pulse/Seed	Chronometric Only
present datasets	25.04.2025		OxA-30313	3038	28		Tell Tayinat	settlement				charcoal	Quercus	Hatay	Turkey	36.2475	36.376389	Manning et al. 2020	Global Repositories	Woody Plants (Charcoal)	Tree/Shrub	Chronometric Only
present datasets	25.04.2025		OxA-30314	2948	26		Tell Tayinat	settlement				charcoal	Quercus	Hatay	Turkey	36.2475	36.376389	Manning et al. 2020	Global Repositories	Woody Plants (Charcoal)	Tree/Shrub	Chronometric Only
present datasets	25.04.2025		OxA-30315	2679	27		Tell Tayinat	settlement				charcoal	Salicaceae	Hatay	Turkey	36.2475	36.376389	Manning et al. 2020	Global Repositories	Woody Plants (Charcoal)	Tree/Shrub	Chronometric Only
present datasets	25.04.2025		OxA-30316	4048	29		Tell Tayinat	settlement				charcoal	Pinus brutia	Hatay	Turkey	36.2475	36.376389	Manning et al. 2020	Global Repositories	Woody Plants (Charcoal)	Tree/Shrub	Chronometric Only
present datasets	25.04.2025		OxA-30317	2962	27		Tell Tayinat	settlement				charcoal	Tamarix sp.	Hatay	Turkey	36.2475	36.376389	Manning et al. 2020	Global Repositories	Woody Plants (Charcoal)	Tree/Shrub	Chronometric Only
present datasets	25.04.2025		OxA-30318	2837	27		Tell Tayinat	settlement				seed	Vitis vinifera pip	Hatay	Turkey	36.2475	36.376389	Manning et al. 2020	Global Repositories	Short-lived Plants	Cereal/Pulse/Seed	Chronometric Only
present datasets	25.04.2025		OxA-30319	2918	27		Tell Tayinat	settlement				charcoal	Betulaceae	Hatay	Turkey	36.2475	36.376389	Manning et al. 2020	Global Repositories	Woody Plants (Charcoal)	Tree/Shrub	Chronometric Only
present datasets	25.04.2025		OxA-30320	2546	27		Tell Tayinat	settlement				seed	Cicer arietinum	Hatay	Turkey	36.2475	36.376389	Manning et al. 2020	Global Repositories	Short-lived Plants	Cereal/Pulse/Seed	Chronometric Only
present datasets	25.04.2025		OxA-30321	2739	26		Tell Tayinat	settlement				charcoal		Hatay	Turkey	36.2475	36.376389	Manning et al. 2020	Global Repositories	Woody Plants (Charcoal)	Tree/Shrub	Chronometric Only
present datasets	25.04.2025		OxA-30322	3047	26		Tell Tayinat	settlement				charcoal	Pinus brutia	Hatay	Turkey	36.2475	36.376389	Manning et al. 2020	Global Repositories	Woody Plants (Charcoal)	Tree/Shrub	Chronometric Only
present datasets	25.04.2025		OxA-30323	2929	28		Tell Tayinat	settlement				charcoal	Tamarix sp.	Hatay	Turkey	36.2475	36.376389	Manning et al. 2020	Global Repositories	Woody Plants (Charcoal)	Tree/Shrub	Chronometric Only
present datasets	25.04.2025		OxA-30324	2821	26		Tell Tayinat	settlement				charcoal	Betulaceae	Hatay	Turkey	36.2475	36.376389	Manning et al. 2020	Global Repositories	Woody Plants (Charcoal)	Tree/Shrub	Chronometric Only
present datasets	25.04.2025		OxA-30325	3871	29		Tell Tayinat	settlement				charcoal	Pinus brutia	Hatay	Turkey	36.2475	36.376389	Manning et al. 2020	Global Repositories	Woody Plants (Charcoal)	Tree/Shrub	Chronometric Only
present datasets	25.04.2025		OxA-30326	2808	29		Tell Tayinat	settlement				charcoal	Fraxinus sp.	Hatay	Turkey	36.2475	36.376389	Manning et al. 2020	Global Repositories	Woody Plants (Charcoal)	Tree/Shrub	Chronometric Only
present datasets	25.04.2025		OxA-30327	2896	26		Tell Tayinat	settlement				charcoal	Betulaceae cf. Ostrya carpinifolia	Hatay	Turkey	36.2475	36.376389	Manning et al. 2020	Global Repositories	Woody Plants (Charcoal)	Tree/Shrub	Chronometric Only
present datasets	25.04.2025		OxA-30328	2891	27		Tell Tayinat	settlement				charcoal	Betulaceae cf. Ostrya carpinifolia	Hatay	Turkey	36.2475	36.376389	Manning et al. 2020	Global Repositories	Woody Plants (Charcoal)	Tree/Shrub	Chronometric Only
present datasets	25.04.2025		OxA-30329	2829	27		Tell Tayinat	settlement				charcoal	Evergreen Quercus	Hatay	Turkey	36.2475	36.376389	Manning et al. 2020	Global Repositories	Woody Plants (Charcoal)	Tree/Shrub	Chronometric Only
present datasets	25.04.2025		OxA-30421	2872	31		Tell Tayinat	settlement				charcoal	Rhamnus/Phillyrea	Hatay	Turkey	36.2475	36.376389	Manning et al. 2020	Global Repositories	Woody Plants (Charcoal)	Tree/Shrub	Chronometric Only
present datasets	25.04.2025		OxA-30563	2857	27		Tell Tayinat	settlement				fruitstone	Olea europaea	Hatay	Turkey	36.2475	36.376389	Manning et al. 2020	Global Repositories	Short-lived Plants	Cereal/Pulse/Seed	Chronometric Only
present datasets	25.04.2025		OxA-30564	2882	26		Tell Tayinat	settlement				charcoal	Pinus brutia	Hatay	Turkey	36.2475	36.376389	Manning et al. 2020	Global Repositories	Woody Plants (Charcoal)	Tree/Shrub	Chronometric Only
present datasets	25.04.2025		OxA-30565	2861	27		Tell Tayinat	settlement				charcoal	Deciduous Quercus	Hatay	Turkey	36.2475	36.376389	Manning et al. 2020	Global Repositories	Woody Plants (Charcoal)	Tree/Shrub	Chronometric Only
present datasets	25.04.2025		OxA-32132	3861	31		Tell Tayinat	settlement				fruitstone	Olea europaea pit	Hatay	Turkey	36.2475	36.376389	Manning et al. 2020	Global Repositories	Short-lived Plants	Cereal/Pulse/Seed	Chronometric Only
present datasets	25.04.2025		OxA-32133	3799	28		Tell Tayinat	settlement				fruitstone	Olea europaea pit	Hatay	Turkey	36.2475	36.376389	Manning et al. 2020	Global Repositories	Short-lived Plants	Cereal/Pulse/Seed	Chronometric Only
present datasets	25.04.2025		OxA-32134	3737	29		Tell Tayinat	settlement				fruitstone	Olea europaea pit	Hatay	Turkey	36.2475	36.376389	Manning et al. 2020	Global Repositories	Short-lived Plants	Cereal/Pulse/Seed	Chronometric Only
present datasets	25.04.2025		OxA-32135	3784	30		Tell Tayinat	settlement				fruitstone	Olea europaea pit	Hatay	Turkey	36.2475	36.376389	Manning et al. 2020	Global Repositories	Short-lived Plants	Cereal/Pulse/Seed	Chronometric Only
present datasets	25.04.2025		OxA-32136	3830	29		Tell Tayinat	settlement				fruitstone	Olea europaea pit	Hatay	Turkey	36.2475	36.376389	Manning et al. 2020	Global Repositories	Short-lived Plants	Cereal/Pulse/Seed	Chronometric Only
present datasets	25.04.2025		OxA-32137	3765	30		Tell Tayinat	settlement				fruitstone	Olea europaea pit	Hatay	Turkey	36.2475	36.376389	Manning et al. 2020	Global Repositories	Short-lived Plants	Cereal/Pulse/Seed	Chronometric Only
present datasets	25.04.2025		OxA-32138	3697	29		Tell Tayinat	settlement				fruitstone	Olea europaea pit	Hatay	Turkey	36.2475	36.376389	Manning et al. 2020	Global Repositories	Short-lived Plants	Cereal/Pulse/Seed	Chronometric Only
present datasets	25.04.2025		OxA-32139	3717	30		Tell Tayinat	settlement				fruitstone	Olea europaea pit	Hatay	Turkey	36.2475	36.376389	Manning et al. 2020	Global Repositories	Short-lived Plants	Cereal/Pulse/Seed	Chronometric Only
present datasets	25.04.2025		OxA-32140	2806	30		Tell Tayinat	settlement				fruitstone	Olea europaea pit	Hatay	Turkey	36.2475	36.376389	Manning et al. 2020	Global Repositories	Short-lived Plants	Cereal/Pulse/Seed	Chronometric Only
present datasets	25.04.2025		OxA-32141	2886	28		Tell Tayinat	settlement				fruitstone	Olea europaea pit	Hatay	Turkey	36.2475	36.376389	Manning et al. 2020	Global Repositories	Short-lived Plants	Cereal/Pulse/Seed	Chronometric Only
present datasets	25.04.2025		OxA-32142	2805	30		Tell Tayinat	settlement				fruitstone	Olea europaea pit	Hatay	Turkey	36.2475	36.376389	Manning et al. 2020	Global Repositories	Short-lived Plants	Cereal/Pulse/Seed	Chronometric Only
present datasets	25.04.2025		OxA-32143	2786	29		Tell Tayinat	settlement				fruitstone	Olea europaea pit	Hatay	Turkey	36.2475	36.376389	Manning et al. 2020	Global Repositories	Short-lived Plants	Cereal/Pulse/Seed	Chronometric Only
present datasets	25.04.2025		OxA-32162	2839	26		Tell Tayinat	settlement				fruitstone	Olea europaea pit	Hatay	Turkey	36.2475	36.376389	Manning et al. 2020	Global Repositories	Short-lived Plants	Cereal/Pulse/Seed	Chronometric Only
present datasets	25.04.2025		OxA-32163	2811	27		Tell Tayinat	settlement				fruitstone	Olea europaea pit	Hatay	Turkey	36.2475	36.376389	Manning et al. 2020	Global Repositories	Short-lived Plants	Cereal/Pulse/Seed	Chronometric Only
present datasets	25.04.2025		OxA-32164	2516	26		Tell Tayinat	settlement				fruitstone	Olea europaea pit	Hatay	Turkey	36.2475	36.376389	Manning et al. 2020	Global Repositories	Short-lived Plants	Cereal/Pulse/Seed	Chronometric Only
present datasets	25.04.2025		OxA-32165	2732	27		Tell Tayinat	settlement				fruitstone	Olea europaea pit	Hatay	Turkey	36.2475	36.376389	Manning et al. 2020	Global Repositories	Short-lived Plants	Cereal/Pulse/Seed	Chronometric Only
present datasets	25.04.2025		OxA-32166	2506	25		Tell Tayinat	settlement				fruitstone	Olea europaea pit	Hatay	Turkey	36.2475	36.376389	Manning et al. 2020	Global Repositories	Short-lived Plants	Cereal/Pulse/Seed	Chronometric Only
present datasets	25.04.2025		OxA-32167	2545	25		Tell Tayinat	settlement				fruitstone	Olea europaea pit	Hatay	Turkey	36.2475	36.376389	Manning et al. 2020	Global Repositories	Short-lived Plants	Cereal/Pulse/Seed	Chronometric Only
present datasets	25.04.2025		OxA-32168	2511	25		Tell Tayinat	settlement				fruitstone	Olea europaea pit	Hatay	Turkey	36.2475	36.376389	Manning et al. 2020	Global Repositories	Short-lived Plants	Cereal/Pulse/Seed	Chronometric Only
present datasets	25.04.2025		OxA-32169	2486	26		Tell Tayinat	settlement				fruitstone	Olea europaea pit	Hatay	Turkey	36.2475	36.376389	Manning et al. 2020	Global Repositories	Short-lived Plants	Cereal/Pulse/Seed	Chronometric Only
present datasets	25.04.2025		OxA-32170	2814	26		Tell Tayinat	settlement				fruitstone	Olea europaea pit	Hatay	Turkey	36.2475	36.376389	Manning et al. 2020	Global Repositories	Short-lived Plants	Cereal/Pulse/Seed	Chronometric Only
present datasets	25.04.2025		OxA-32171	2784	27		Tell Tayinat	settlement				fruitstone	Olea europaea pit	Hatay	Turkey	36.2475	36.376389	Manning et al. 2020	Global Repositories	Short-lived Plants	Cereal/Pulse/Seed	Chronometric Only
present datasets	25.04.2025		OxA-32172	2798	27		Tell Tayinat	settlement				fruitstone	Olea europaea pit	Hatay	Turkey	36.2475	36.376389	Manning et al. 2020	Global Repositories	Short-lived Plants	Cereal/Pulse/Seed	Chronometric Only
present datasets	25.04.2025		OxA-32347	3772	26		Tell Tayinat	settlement				fruitstone	Olea europaea pit	Hatay	Turkey	36.2475	36.376389	Manning et al. 2020	Global Repositories	Short-lived Plants	Cereal/Pulse/Seed	Chronometric Only
present datasets	25.04.2025		GrN-5285	3980	70		Tepecik (Makaraz Tepe)	settlement				charcoal		Elazığ	Turkey	38.68093198	39.49667872	TAY Project	Global Repositories	Woody Plants (Charcoal)	Tree/Shrub	Chronometric Only
present datasets	25.04.2025		ODTÜ-K-16	3000	70		Tepecik (Makaraz Tepe)	settlement	Chalcolithic Lev.3			charcoal		Elazığ	Turkey	38.68093198	39.49667872	TAY Project	Global Repositories	Woody Plants (Charcoal)	Tree/Shrub	Chronometric Only
present datasets	25.04.2025		ODTÜ-K-19	4788	59		Tepecik (Makaraz Tepe)	settlement	Chalcolithic Lev.3			charcoal		Elazığ	Turkey	38.68093198	39.49667872	CalPal; TAY Project	Global Repositories	Woody Plants (Charcoal)	Tree/Shrub	Chronometric Only
present datasets	25.04.2025		ODTÜ-K-20	2912	76		Tepecik (Makaraz Tepe)	settlement	Chalcolithic Lev.3			charcoal		Elazığ	Turkey	38.68093198	39.49667872	TAY Project	Global Repositories	Woody Plants (Charcoal)	Tree/Shrub	Chronometric Only
present datasets	25.04.2025		ODTÜ-K13	3013	68		Tepecik (Makaraz Tepe)	settlement	12K, 4			charcoal		Elazığ	Turkey	38.68093198	39.49667872	TAY Project	Global Repositories	Woody Plants (Charcoal)	Tree/Shrub	Chronometric Only
present datasets	25.04.2025		ODTÜ-K15A	3626	59		Tepecik (Makaraz Tepe)	settlement	12K, 4			charcoal		Elazığ	Turkey	38.68093198	39.49667872	TAY Project	Global Repositories	Woody Plants (Charcoal)	Tree/Shrub	Chronometric Only
present datasets	25.04.2025		ODTÜ-K15B	4003	60		Tepecik (Makaraz Tepe)	settlement	12K, 4			charcoal		Elazığ	Turkey	38.68093198	39.49667872	TAY Project	Global Repositories	Woody Plants (Charcoal)	Tree/Shrub	Chronometric Only
present datasets	25.04.2025		ODTÜ-K22A	2891	63		Tepecik (Makaraz Tepe)	settlement	7K, 4			charcoal		Elazığ	Turkey	38.68093198	39.49667872	TAY Project	Global Repositories	Woody Plants (Charcoal)	Tree/Shrub	Chronometric Only
present datasets	25.04.2025		ODTÜ-K25A	3012	61		Tepecik (Makaraz Tepe)	settlement	10K, 2b			charcoal		Elazığ	Turkey	38.68093198	39.49667872	TAY Project	Global Repositories	Woody Plants (Charcoal)	Tree/Shrub	Chronometric Only
present datasets	25.04.2025		ODTÜ-K29A	2759	80		Tepecik (Makaraz Tepe)	settlement	11I, 4			charcoal		Elazığ	Turkey	38.68093198	39.49667872	TAY Project	Global Repositories	Woody Plants (Charcoal)	Tree/Shrub	Chronometric Only
present datasets	25.04.2025		KN-5914	7420	80		Tepecik-Çiftlik	settlement	Phase 4 (Neolithic), Sample 2, 16K (93)			charcoal		Niğde	Turkey	38.1722	34.4938	Brami 2014; Brami and Zanotti 2015; CalPal; Clare and Weninger 2014; Reingruber and Thissen 2016; Flohr et al. 2016	Global Repositories	Woody Plants (Charcoal)	Tree/Shrub	Chronometric Only
present datasets	25.04.2025		KN-5915	7454	41		Tepecik-Çiftlik	settlement	Phase 4 (Neolithic), Sample 2, 16K (94)			charcoal?		Niğde	Turkey	38.1722	34.4938	Brami 2014; Brami and Zanotti 2015; CalPal; Reingruber and Thissen 2016; Flohr et al. 2016	Global Repositories	Woody Plants (Charcoal)	Tree/Shrub	Chronometric Only
present datasets	25.04.2025		KN-5916	7160	45		Tepecik-Çiftlik	settlement	Phase 3.4 (ECh), Sample 83, 16l			charcoal		Niğde	Turkey	38.1722	34.4938	Brami 2014; Brami and Zanotti 2015; CalPal; Clare and Weninger 2014; Reingruber and Thissen 2016; Flohr et al. 2016	Global Repositories	Woody Plants (Charcoal)	Tree/Shrub	Chronometric Only
present datasets	25.04.2025		KN-5964	7641	37		Tepecik-Çiftlik	settlement	Phase , Sample 300 A, 18K, sndk no.45			charcoal		Niğde	Turkey	38.1722	34.4938	Brami 2014; Brami and Zanotti 2015; CalPal; Reingruber and Thissen 2016; Flohr et al. 2016	Global Repositories	Woody Plants (Charcoal)	Tree/Shrub	Chronometric Only
present datasets	25.04.2025		KN-5965	7811	25		Tepecik-Çiftlik	settlement	Phase , Sample 273, 17J, sndk no.82			charcoal		Niğde	Turkey	38.1722	34.4938	Brami 2014; Brami and Zanotti 2015; CalPal; Clare and Weninger 2014; Reingruber and Thissen 2016; Flohr et al. 2016	Global Repositories	Woody Plants (Charcoal)	Tree/Shrub	Chronometric Only
present datasets	25.04.2025		KN-5966	7690	30		Tepecik-Çiftlik	settlement	Phase , Sample 303, 18K, sndk no.37			charcoal		Niğde	Turkey	38.1722	34.4938	Brami 2014; Brami and Zanotti 2015; CalPal; Clare and Weninger 2014; Reingruber and Thissen 2016; Flohr et al. 2016	Global Repositories	Woody Plants (Charcoal)	Tree/Shrub	Chronometric Only
present datasets	25.04.2025		KN-5967	7409	36		Tepecik-Çiftlik	settlement	Phase , Sample 276, 16l, sndk no.44			charcoal		Niğde	Turkey	38.1722	34.4938	Brami 2014; Brami and Zanotti 2015; CalPal; Clare and Weninger 2014; Reingruber and Thissen 2016; Flohr et al. 2016	Global Repositories	Woody Plants (Charcoal)	Tree/Shrub	Chronometric Only
present datasets	25.04.2025		AA-35824	4020	45		Tilbeş Höyük	settlement	EBA III			charcoal		Urfa	Turkey	37.097	37.873	TAY Project	Global Repositories	Woody Plants (Charcoal)	Tree/Shrub	Chronometric Only
present datasets	25.04.2025		AA-35826	4540	50		Tilbeş Höyük	settlement	EBA I					Urfa	Turkey	37.097	37.873	Fuensanta et al. 2002	Global Repositories	Indeterminate/Other	Indeterminate	Chronometric Only
present datasets	25.04.2025		AA-35827	4450	50		Tilbeş Höyük	settlement	EBA I					Urfa	Turkey	37.097	37.873	Fuensanta et al. 2002	Global Repositories	Indeterminate/Other	Indeterminate	Chronometric Only
present datasets	25.04.2025		AA-35882	4180	45		Tilbeş Höyük	settlement	EBA III			charcoal		Urfa	Turkey	37.097	37.873	TAY Project	Global Repositories	Woody Plants (Charcoal)	Tree/Shrub	Chronometric Only
present datasets	25.04.2025		Beta-120368	4430	50		Tilbeşar Höyük	settlement	Chantier J		Early Bronze Age I	charcoal		Gaziantep	Turkey	37.558411	36.874466	Kepinski-Lecomte and Ergeç 1999	Global Repositories	Woody Plants (Charcoal)	Tree/Shrub	Chronometric Only
present datasets	25.04.2025		AA-104969	3898	65		Titriş Höyük	settlement				bone	Ovis/Capra	Urfa	Turkey	37.4762	38.6761	Schneider 2015	Global Repositories	Bone/Teeth (Human/Animal)	Animal	Chronometric Only
present datasets	25.04.2025		AA-104970	4224	44		Titriş Höyük	settlement				bone	Ovis/Capra	Urfa	Turkey	37.4762	38.6761	Schneider 2015	Global Repositories	Bone/Teeth (Human/Animal)	Animal	Chronometric Only
present datasets	25.04.2025		AA-104971	4081	53		Titriş Höyük	settlement				bone	Ovis/Capra	Urfa	Turkey	37.4762	38.6761	Schneider 2015	Global Repositories	Bone/Teeth (Human/Animal)	Animal	Chronometric Only
present datasets	25.04.2025		AA-104972	4141	44		Titriş Höyük	settlement				bone	Ovis/Capra	Urfa	Turkey	37.4762	38.6761	Schneider 2015	Global Repositories	Bone/Teeth (Human/Animal)	Animal	Chronometric Only
present datasets	25.04.2025		AA-104973	3874	42		Titriş Höyük	settlement				bone	human	Urfa	Turkey	37.4762	38.6761	Schneider 2015	Global Repositories	Bone/Teeth (Human/Animal)	Human	Chronometric Only
present datasets	25.04.2025		AA-104974	3850	42		Titriş Höyük	settlement				bone	human	Urfa	Turkey	37.4762	38.6761	Schneider 2015	Global Repositories	Bone/Teeth (Human/Animal)	Human	Chronometric Only
present datasets	25.04.2025		Beta-101066	3720	60		Titriş Höyük	settlement	Late Period of Middle EBA					Urfa	Turkey	37.4762	38.6761	TAY Project	Global Repositories	Indeterminate/Other	Indeterminate	Chronometric Only
present datasets	25.04.2025		Beta-146092	4110	80		Titriş Höyük	settlement	Middle EBA					Urfa	Turkey	37.4762	38.6761	TAY Project	Global Repositories	Indeterminate/Other	Indeterminate	Chronometric Only
present datasets	25.04.2025		Beta-146095	4420	90		Titriş Höyük	settlement	Late Period of Early EBA					Urfa	Turkey	37.4762	38.6761	TAY Project	Global Repositories	Indeterminate/Other	Indeterminate	Chronometric Only
present datasets	25.04.2025		Beta-146096	4300	100		Titriş Höyük	settlement	Late Period of Early EBA					Urfa	Turkey	37.4762	38.6761	TAY Project	Global Repositories	Indeterminate/Other	Indeterminate	Chronometric Only
present datasets	25.04.2025		Beta-146097	4110	70		Titriş Höyük	settlement	Middle EBA					Urfa	Turkey	37.4762	38.6761	TAY Project	Global Repositories	Indeterminate/Other	Indeterminate	Chronometric Only
present datasets	25.04.2025		Beta-146099	4560	70		Titriş Höyük	settlement	Early EBA					Urfa	Turkey	37.4762	38.6761	TAY Project	Global Repositories	Indeterminate/Other	Indeterminate	Chronometric Only
present datasets	25.04.2025		Beta-146100	4050	130		Titriş Höyük	settlement	Early EBA					Urfa	Turkey	37.4762	38.6761	TAY Project	Global Repositories	Indeterminate/Other	Indeterminate	Chronometric Only
present datasets	25.04.2025		Beta-80445	3960	50		Titriş Höyük	settlement	Late EBA					Urfa	Turkey	37.4762	38.6761	TAY Project	Global Repositories	Indeterminate/Other	Indeterminate	Chronometric Only
present datasets	25.04.2025		Beta-80447	3630	60		Titriş Höyük	settlement	Late EBA					Urfa	Turkey	37.4762	38.6761	TAY Project	Global Repositories	Indeterminate/Other	Indeterminate	Chronometric Only
present datasets	25.04.2025		Beta-80448	3860	70		Titriş Höyük	settlement	Late EBA					Urfa	Turkey	37.4762	38.6761	TAY Project	Global Repositories	Indeterminate/Other	Indeterminate	Chronometric Only
present datasets	25.04.2025		Beta-95287	3770	60		Titriş Höyük	settlement	Late EBA					Urfa	Turkey	37.4762	38.6761	TAY Project	Global Repositories	Indeterminate/Other	Indeterminate	Chronometric Only
present datasets	25.04.2025		Beta-95288	3860	70		Titriş Höyük	settlement	Late EBA					Urfa	Turkey	37.4762	38.6761	TAY Project	Global Repositories	Indeterminate/Other	Indeterminate	Chronometric Only
present datasets	25.04.2025		Beta-95289	3860	70		Titriş Höyük	settlement	Late EBA					Urfa	Turkey	37.4762	38.6761	TAY Project	Global Repositories	Indeterminate/Other	Indeterminate	Chronometric Only
present datasets	25.04.2025		R-956a	2520	50		Topaklı	settlement				wood		Nevşehir	Turkey	39.0234	34.8293	Alessio et al. 1974	Global Repositories	Woody Plants (Charcoal)	Tree/Shrub	Chronometric Only
present datasets	25.04.2025		GrN-16476	6290	25		Toptepe	settlement	Level 5; layer 5; layer 5			charcoal		Tekirdağ	Turkey	40.9663	27.8779	Erdoğu et al. 2003; CalPal; Flohr et al. 2016	Global Repositories	Woody Plants (Charcoal)	Tree/Shrub	Chronometric Only
present datasets	25.04.2025		GrN-18740	6160	70		Toptepe	settlement	Level 5					Tekirdağ	Turkey	40.9663	27.8779	Erdoğu et al. 2003; CalPal; Flohr et al. 2016	Global Repositories	Indeterminate/Other	Indeterminate	Chronometric Only
present datasets	25.04.2025		GrN-18741	6200	50		Toptepe	settlement	Level 5					Tekirdağ	Turkey	40.9663	27.8779	Erdoğu et al. 2003; CalPal; Flohr et al. 2016	Global Repositories	Indeterminate/Other	Indeterminate	Chronometric Only
present datasets	25.04.2025		GrN-18742	6060	110		Toptepe	settlement	Level 3					Tekirdağ	Turkey	40.9663	27.8779	Erdoğu et al. 2003; CalPal; Flohr et al. 2016	Global Repositories	Indeterminate/Other	Indeterminate	Chronometric Only
present datasets	25.04.2025		GrN-18743	6220	70		Toptepe	settlement	Level 3					Tekirdağ	Turkey	40.9663	27.8779	Erdoğu et al. 2003; CalPal; Flohr et al. 2016	Global Repositories	Indeterminate/Other	Indeterminate	Chronometric Only
present datasets	25.04.2025		Hd-13589-13321	6155	40		Toptepe	settlement	Level 5; layer 5; layer 5			charcoal		Tekirdağ	Turkey	40.9663	27.8779	Erdoğu et al. 2003; CalPal; Flohr et al. 2016	Global Repositories	Woody Plants (Charcoal)	Tree/Shrub	Chronometric Only
present datasets	25.04.2025		Hd-13590-13235	6095	40		Toptepe	settlement	Level 5; layer 5; layer 5			charcoal		Tekirdağ	Turkey	40.9663	27.8779	Erdoğu et al. 2003; CalPal; Flohr et al. 2016	Global Repositories	Woody Plants (Charcoal)	Tree/Shrub	Chronometric Only
present datasets	25.04.2025		ODTÜ K-4	6164	147		Tülintepe	settlement	Area B			grain	Cerealia	Elazığ	Turkey	38.63	39.43	Erdoğu 2003; Flohr et al. 2016	Global Repositories	Short-lived Plants	Cereal/Pulse/Seed	Chronometric Only
present datasets	25.04.2025		ODTÜ-K-11	4315	94		Tülintepe	settlement						Elazığ	Turkey	38.63	39.43	TAY Project	Global Repositories	Indeterminate/Other	Indeterminate	Chronometric Only
present datasets	25.04.2025		ODTÜ-K-34A	4466	64		Tülintepe	settlement	Level 4			charcoal		Elazığ	Turkey	38.63	39.43	TAY Project	Global Repositories	Woody Plants (Charcoal)	Tree/Shrub	Chronometric Only
present datasets	25.04.2025		ODTÜ-K-5	4694	147		Tülintepe	settlement						Elazığ	Turkey	38.63	39.43	TAY Project	Global Repositories	Indeterminate/Other	Indeterminate	Chronometric Only
present datasets	25.04.2025		AA-106098	7760	30		Uğurlu Höyük	settlement	Phase VI			bone	animal	Çanakkale	Turkey	40.1238	25.7084	Atici et al. 2017	Global Repositories	Bone/Teeth (Human/Animal)	Animal	Chronometric Only
present datasets	25.04.2025		AA-106099	7690	40		Uğurlu Höyük	settlement	Phase VI			bone	animal	Çanakkale	Turkey	40.1238	25.7084	Atici et al. 2017	Global Repositories	Bone/Teeth (Human/Animal)	Animal	Chronometric Only
present datasets	25.04.2025		AA-106100	6960	40		Uğurlu Höyük	settlement	Phase V			bone	animal	Çanakkale	Turkey	40.1238	25.7084	Atici et al. 2017	Global Repositories	Bone/Teeth (Human/Animal)	Animal	Chronometric Only
present datasets	25.04.2025		Bata-405652	7200	30		Uğurlu Höyük	settlement	Phase V			organic material (charred)		Çanakkale	Turkey	40.1238	25.7084	Atici et al. 2017	Global Repositories	Anthropic/Residues	Organic Residue/Artifact	Chronometric Only
present datasets	25.04.2025		Beta-309674	6600	40		Uğurlu Höyük	settlement	Phase IV			bone	animal	Çanakkale	Turkey	40.1238	25.7084	Atici et al. 2017	Global Repositories	Bone/Teeth (Human/Animal)	Animal	Chronometric Only
present datasets	25.04.2025		Beta-345836	6410	30		Uğurlu Höyük	settlement	Phase III			bone	animal	Çanakkale	Turkey	40.1238	25.7084	Atici et al. 2017	Global Repositories	Bone/Teeth (Human/Animal)	Animal	Chronometric Only
present datasets	25.04.2025		Beta-362320	5500	30		Uğurlu Höyük	settlement	Phase II, Building 1					Çanakkale	Turkey	40.1238	25.7084	Erdoğu 2014	Global Repositories	Indeterminate/Other	Indeterminate	Chronometric Only
present datasets	25.04.2025		Beta-405648	6010	30		Uğurlu Höyük	settlement	Phase III			bone	animal	Çanakkale	Turkey	40.1238	25.7084	Atici et al. 2017	Global Repositories	Bone/Teeth (Human/Animal)	Animal	Chronometric Only
present datasets	25.04.2025		Beta-405649	6470	30		Uğurlu Höyük	settlement	Phase III			bone	animal	Çanakkale	Turkey	40.1238	25.7084	Atici et al. 2017	Global Repositories	Bone/Teeth (Human/Animal)	Animal	Chronometric Only
present datasets	25.04.2025		Beta-405650	6590	30		Uğurlu Höyük	settlement	Phase III			bone	animal	Çanakkale	Turkey	40.1238	25.7084	Atici et al. 2017	Global Repositories	Bone/Teeth (Human/Animal)	Animal	Chronometric Only
present datasets	25.04.2025		Beta-405651	6480	30		Uğurlu Höyük	settlement	Phase III			bone	animal	Çanakkale	Turkey	40.1238	25.7084	Atici et al. 2017	Global Repositories	Bone/Teeth (Human/Animal)	Animal	Chronometric Only
present datasets	25.04.2025		Beta-427241	7820	40		Uğurlu Höyük	settlement	Phase VI			organic material (charred)		Çanakkale	Turkey	40.1238	25.7084	Atici et al. 2017	Global Repositories	Anthropic/Residues	Organic Residue/Artifact	Chronometric Only
present datasets	25.04.2025		Beta-448092	7740	30		Uğurlu Höyük	settlement	Phase VI			organic material (charred)		Çanakkale	Turkey	40.1238	25.7084	Atici et al. 2017	Global Repositories	Anthropic/Residues	Organic Residue/Artifact	Chronometric Only
present datasets	25.04.2025		Beta-448093	7890	30		Uğurlu Höyük	settlement	Phase VI			organic material (charred)		Çanakkale	Turkey	40.1238	25.7084	Atici et al. 2017	Global Repositories	Anthropic/Residues	Organic Residue/Artifact	Chronometric Only
present datasets	25.04.2025		UGAMS-25377	7490	30		Uğurlu Höyük	settlement	Phase V			bone	animal	Çanakkale	Turkey	40.1238	25.7084	Atici et al. 2017	Global Repositories	Bone/Teeth (Human/Animal)	Animal	Chronometric Only
present datasets	25.04.2025		UGAMS-25378	6770	30		Uğurlu Höyük	settlement	Phase V			bone	animal	Çanakkale	Turkey	40.1238	25.7084	Atici et al. 2017	Global Repositories	Bone/Teeth (Human/Animal)	Animal	Chronometric Only
present datasets	25.04.2025		UGAMS-25379	7100	30		Uğurlu Höyük	settlement	Phase V			bone	animal	Çanakkale	Turkey	40.1238	25.7084	Atici et al. 2017	Global Repositories	Bone/Teeth (Human/Animal)	Animal	Chronometric Only
present datasets	25.04.2025		UGAMS-25380	6570	40		Uğurlu Höyük	settlement	Phase IV			bone	animal	Çanakkale	Turkey	40.1238	25.7084	Atici et al. 2017	Global Repositories	Bone/Teeth (Human/Animal)	Animal	Chronometric Only
present datasets	25.04.2025		UGAMS-25381	6360	30		Uğurlu Höyük	settlement	Phase III			bone	animal	Çanakkale	Turkey	40.1238	25.7084	Atici et al. 2017	Global Repositories	Bone/Teeth (Human/Animal)	Animal	Chronometric Only
present datasets	25.04.2025		UGAMS-25382	6260	30		Uğurlu Höyük	settlement	Phase III			bone	animal	Çanakkale	Turkey	40.1238	25.7084	Atici et al. 2017	Global Repositories	Bone/Teeth (Human/Animal)	Animal	Chronometric Only
present datasets	25.04.2025		Wk-29173	7618	36		Uğurlu Höyük	settlement	Phase V, nd; phase V; Phase V (early layer)			bone/charcoal		Çanakkale	Turkey	40.1238	25.7084	Brami 2014; Brami and Zanotti 2015; CalPal; Reingruber and Thissen 2016; Flohr et al. 2016; TAY Project; Erdoğu 2011	Global Repositories	Bone/Teeth (Human/Animal)	Indeterminate	Chronometric Only
present datasets	25.04.2025		Wk-29174	6996	36		Uğurlu Höyük	settlement	Phase IV			bone		Çanakkale	Turkey	40.1238	25.7084	Brami 2014; Brami and Zanotti 2015; CalPal; Reingruber and Thissen 2016; Flohr et al. 2016; Erdoğu 2011	Global Repositories	Bone/Teeth (Human/Animal)	Indeterminate	Chronometric Only
present datasets	25.04.2025		Wk-29175	6982	42		Uğurlu Höyük	settlement	Phase IV, nd; phase IV; Phase IV			bone/charcoal		Çanakkale	Turkey	40.1238	25.7084	Brami 2014; Brami and Zanotti 2015; CalPal; Reingruber and Thissen 2016; Flohr et al. 2016; Erdoğu 2011	Global Repositories	Bone/Teeth (Human/Animal)	Indeterminate	Chronometric Only
present datasets	25.04.2025		Beta-362305	6510	30		Ulucak Höyük	settlement	Trench L13, fill			bone collagen	animal	İzmir	Turkey	38.4668	27.3521	Çevik and Erdoğu 2020	Global Repositories	Bone/Teeth (Human/Animal)	Animal	Chronometric Only
present datasets	25.04.2025		Beta-345841	6540	40		Ulucak Höyük	settlement	Trench L13, fill			bone collagen	animal	İzmir	Turkey	38.4668	27.3521	Çevik and Erdoğu 2020	Global Repositories	Bone/Teeth (Human/Animal)	Animal	Chronometric Only
present datasets	25.04.2025		Beta-345842	6570	40		Ulucak Höyük	settlement	Trench L13, fill			bone collagen	animal	İzmir	Turkey	38.4668	27.3521	Çevik and Erdoğu 2020	Global Repositories	Bone/Teeth (Human/Animal)	Animal	Chronometric Only
present datasets	25.04.2025		Bata-465439	6580	30		Ulucak Höyük	settlement	Trench L13, stone paved platform			bone collagen		İzmir	Turkey	38.4668	27.3521	Çevik and Erdoğu 2020	Global Repositories	Bone/Teeth (Human/Animal)	Indeterminate	Chronometric Only
present datasets	25.04.2025		Beta-465441	6590	30		Ulucak Höyük	settlement	Trench L13, fill			bone collagen	animal	İzmir	Turkey	38.4668	27.3521	Çevik and Erdoğu 2020	Global Repositories	Bone/Teeth (Human/Animal)	Animal	Chronometric Only
present datasets	25.04.2025		Beta-345840	6630	30		Ulucak Höyük	settlement	Trench L13, fill			bone collagen	animal	İzmir	Turkey	38.4668	27.3521	Çevik and Erdoğu 2020	Global Repositories	Bone/Teeth (Human/Animal)	Animal	Chronometric Only
present datasets	25.04.2025		Beta-362310	6650	30		Ulucak Höyük	settlement	Trench L13, building 49			bone collagen	animal	İzmir	Turkey	38.4668	27.3521	Çevik and Erdoğu 2020	Global Repositories	Bone/Teeth (Human/Animal)	Animal	Chronometric Only
present datasets	25.04.2025		Beta-465438	6670	30		Ulucak Höyük	settlement	Trench L13, stone paved platform			bone collagen	animal	İzmir	Turkey	38.4668	27.3521	Çevik and Erdoğu 2020	Global Repositories	Bone/Teeth (Human/Animal)	Animal	Chronometric Only
present datasets	25.04.2025		Beta-345843	6710	40		Ulucak Höyük	settlement	Trench L13, fill			bone collagen	animal	İzmir	Turkey	38.4668	27.3521	Çevik and Erdoğu 2020	Global Repositories	Bone/Teeth (Human/Animal)	Animal	Chronometric Only
present datasets	25.04.2025		Beta-480184	6740	30		Ulucak Höyük	settlement	Trench 09, around the oven			bone collagen	animal	İzmir	Turkey	38.4668	27.3521	Çevik and Erdoğu 2020	Global Repositories	Bone/Teeth (Human/Animal)	Animal	Chronometric Only
present datasets	25.04.2025		Beta-362308	6890	40		Ulucak Höyük	settlement	Trench 013, Building 48, storage jar			charcoal		İzmir	Turkey	38.4668	27.3521	Çevik and Erdoğu 2020	Global Repositories	Woody Plants (Charcoal)	Tree/Shrub	Chronometric Only
present datasets	25.04.2025		Beta-405670	6890	30		Ulucak Höyük	settlement	Trench 013, Building 52			charcoal		İzmir	Turkey	38.4668	27.3521	Çevik and Erdoğu 2020	Global Repositories	Woody Plants (Charcoal)	Tree/Shrub	Chronometric Only
present datasets	25.04.2025		Beta-178748	6900	70		Ulucak Höyük	settlement	IVb2; phase IVb, O11d, Bld 8, in front of the painted wall; IVb2			charcoal		İzmir	Turkey	38.4668	27.3521	Çilingiroglu et al. 2012; Brami and Zanotti 2015; CalPal; Reingruber and Thissen 2016; Flohr et al. 2016	Global Repositories	Woody Plants (Charcoal)	Tree/Shrub	Chronometric Only
present datasets	25.04.2025		Beta-480182	6910	30		Ulucak Höyük	settlement	Trench 09, fill			bone collagen	animal	İzmir	Turkey	38.4668	27.3521	Çevik and Erdoğu 2020	Global Repositories	Bone/Teeth (Human/Animal)	Animal	Chronometric Only
present datasets	25.04.2025		Beta-480186	6950	30		Ulucak Höyük	settlement	Trench 09, ashy area beneath Building 65			bone collagen	animal	İzmir	Turkey	38.4668	27.3521	Çevik and Erdoğu 2020	Global Repositories	Bone/Teeth (Human/Animal)	Animal	Chronometric Only
present datasets	25.04.2025		Beta-178747	6980	60		Ulucak Höyük	settlement	IVb2; phase IVb, O11d, Bld 8, in front of the painted wall; IVb2			charcoal		İzmir	Turkey	38.4668	27.3521	Çilingiroglu et al. 2012; Brami and Zanotti 2015; CalPal; Reingruber and Thissen 2016; Flohr et al. 2016	Global Repositories	Woody Plants (Charcoal)	Tree/Shrub	Chronometric Only
present datasets	25.04.2025		Beta-427243	7040	40		Ulucak Höyük	settlement	Trench M13, Building 56, pottery workshop			charcoal		İzmir	Turkey	38.4668	27.3521	Çevik and Erdoğu 2020	Global Repositories	Woody Plants (Charcoal)	Tree/Shrub	Chronometric Only
present datasets	25.04.2025		Beta-212087	7090	40		Ulucak Höyük	settlement	Trench L13, fill			charcoal		İzmir	Turkey	38.4668	27.3521	Çevik and Erdoğu 2020	Global Repositories	Woody Plants (Charcoal)	Tree/Shrub	Chronometric Only
present datasets	25.04.2025		Beta-188371	7110	40		Ulucak Höyük	settlement	V; phase IVi, N11a, South part of the grid; IVi			nutshell (charred)	Quercus	İzmir	Turkey	38.4668	27.3521	Çilingiroglu et al. 2012; Brami and Zanotti 2015; CalPal; Reingruber and Thissen 2016; Flohr et al. 2016	Global Repositories	Short-lived Plants	Cereal/Pulse/Seed	Chronometric Only
present datasets	25.04.2025		Beta-188370	7120	50		Ulucak Höyük	settlement	V; phase Va, L13d, Southern part of bld 22; Va			charcoal		İzmir	Turkey	38.4668	27.3521	Çilingiroglu et al. 2012; Brami and Zanotti 2015; CalPal; Reingruber and Thissen 2016; Flohr et al. 2016	Global Repositories	Woody Plants (Charcoal)	Tree/Shrub	Chronometric Only
present datasets	25.04.2025		Beta-480185	7120	30		Ulucak Höyük	settlement	Trench 09, yellow surface beneath Building 65			bone collagen	animal	İzmir	Turkey	38.4668	27.3521	Çevik and Erdoğu 2020	Global Repositories	Bone/Teeth (Human/Animal)	Animal	Chronometric Only
present datasets	25.04.2025		Beta-362301	7130	40		Ulucak Höyük	settlement	Trench L12, building 30			bone collagen	animal	İzmir	Turkey	38.4668	27.3521	Çevik and Erdoğu 2020	Global Repositories	Bone/Teeth (Human/Animal)	Animal	Chronometric Only
present datasets	25.04.2025		Beta-362299	7140	40		Ulucak Höyük	settlement	Trench L12, building 47			bone collagen	animal	İzmir	Turkey	38.4668	27.3521	Çevik and Erdoğu 2020	Global Repositories	Bone/Teeth (Human/Animal)	Animal	Chronometric Only
present datasets	25.04.2025		Beta-362300	7160	40		Ulucak Höyük	settlement	Trench L12, building 46			bone collagen	animal	İzmir	Turkey	38.4668	27.3521	Çevik and Erdoğu 2020	Global Repositories	Bone/Teeth (Human/Animal)	Animal	Chronometric Only
present datasets	25.04.2025		Beta-223542	7240	40		Ulucak Höyük	settlement	Vd;h=214.40; phase Vd, L13d, SW of grid; Vd; h=214.40			charcoal		İzmir	Turkey	38.4668	27.3521	Çilingiroglu et al. 2012; Brami and Zanotti 2015; CalPal; Reingruber and Thissen 2016; Flohr et al. 2016	Global Repositories	Woody Plants (Charcoal)	Tree/Shrub	Chronometric Only
present datasets	25.04.2025		Beta-223541	7270	40		Ulucak Höyük	settlement	Vc;h=214.79; phase Vc, L13d, NE of grid; Vc; h=214.79			charcoal		İzmir	Turkey	38.4668	27.3521	Çilingiroglu et al. 2012; Brami and Zanotti 2015; CalPal; Reingruber and Thissen 2016; Flohr et al. 2016	Global Repositories	Woody Plants (Charcoal)	Tree/Shrub	Chronometric Only
present datasets	25.04.2025		Beta-236890	7270	50		Ulucak Höyük	settlement	Vd;h=214.46; phase Vd, L13c, central part of grid; Vd; h=214.46			charcoal		İzmir	Turkey	38.4668	27.3521	Çilingiroglu et al. 2012; Brami and Zanotti 2015; CalPal; Reingruber and Thissen 2016; Flohr et al. 2016	Global Repositories	Woody Plants (Charcoal)	Tree/Shrub	Chronometric Only
present datasets	25.04.2025		Beta-362303	7270	40		Ulucak Höyük	settlement	Trench L13, fill			bone collagen	animal	İzmir	Turkey	38.4668	27.3521	Çevik and Erdoğu 2020	Global Repositories	Bone/Teeth (Human/Animal)	Animal	Chronometric Only
present datasets	25.04.2025		Beta-317536	7280	40		Ulucak Höyük	settlement	Phase Vf, L13a, Bld. 40, inside Wall 6; h=213.90			bone	Ovis/Capra	İzmir	Turkey	38.4668	27.3521	Çilingiroglu et al. 2012; Brami 2014; Brami and Zanotti 2015; CalPal; Reingruber and Thissen 2016; Flohr et al. 2016	Global Repositories	Bone/Teeth (Human/Animal)	Animal	Chronometric Only
present datasets	25.04.2025		KN-5781	7280	35		Ulucak Höyük	settlement	Vb;h=215.11; phase Vb, L13d, Bld 33, from inside the silo; Vb; h=215.11			seed (charred)		İzmir	Turkey	38.4668	27.3521	Çilingiroglu et al. 2012; Brami and Zanotti 2015; CalPal; Reingruber and Thissen 2016; Flohr et al. 2016	Global Repositories	Short-lived Plants	Cereal/Pulse/Seed	Chronometric Only
present datasets	25.04.2025		Beta-405668	7290	30		Ulucak Höyük	settlement	Trench L13, ashy area			bone collagen	animal	İzmir	Turkey	38.4668	27.3521	Çevik and Erdoğu 2020	Global Repositories	Bone/Teeth (Human/Animal)	Animal	Chronometric Only
present datasets	25.04.2025		Beta-188372	7300	40		Ulucak Höyük	settlement	V; phase Va, L13c, Bld 23, inside the silo on NE corner; Va			charcoal		İzmir	Turkey	38.4668	27.3521	Çilingiroglu et al. 2012; Brami and Zanotti 2015; CalPal; Reingruber and Thissen 2016; Flohr et al. 2016	Global Repositories	Woody Plants (Charcoal)	Tree/Shrub	Chronometric Only
present datasets	25.04.2025		KN-5783	7315	35		Ulucak Höyük	settlement	phase Vb, L13b, Bld 33; Vb; h=215.01			charcoal		İzmir	Turkey	38.4668	27.3521	Çilingiroglu et al. 2012; Brami and Zanotti 2015; CalPal; Reingruber and Thissen 2016; Flohr et al. 2016	Global Repositories	Woody Plants (Charcoal)	Tree/Shrub	Chronometric Only
present datasets	25.04.2025		Beta-405667	7320	30		Ulucak Höyük	settlement	Trench L13, fill			bone collagen	animal	İzmir	Turkey	38.4668	27.3521	Çevik and Erdoğu 2020	Global Repositories	Bone/Teeth (Human/Animal)	Animal	Chronometric Only
present datasets	25.04.2025		KN-5782	7340	40		Ulucak Höyük	settlement	phase Vb, L13d, Bld 33, from inside the silo; Vb; h=215.11			seed (charred)		İzmir	Turkey	38.4668	27.3521	Çilingiroglu et al. 2012; Brami and Zanotti 2015; CalPal; Reingruber and Thissen 2016; Flohr et al. 2016	Global Repositories	Short-lived Plants	Cereal/Pulse/Seed	Chronometric Only
present datasets	25.04.2025		Beta-212086	7380	60		Ulucak Höyük	settlement	Vb;h=215.0; phase Vb, L13b, Bld 33; Vb; h=215.0			charcoal		İzmir	Turkey	38.4668	27.3521	Çilingiroglu et al. 2012; Brami and Zanotti 2015; CalPal; Reingruber and Thissen 2016; Flohr et al. 2016	Global Repositories	Woody Plants (Charcoal)	Tree/Shrub	Chronometric Only
present datasets	25.04.2025		Beta-212085	7390	60		Ulucak Höyük	settlement	Vb;h=215.50; phase Vb, L13b, north of collapsed mud; Vb; h=215.50			charcoal		İzmir	Turkey	38.4668	27.3521	Çilingiroglu et al. 2012; Brami and Zanotti 2015; CalPal; Reingruber and Thissen 2016; Flohr et al. 2016	Global Repositories	Woody Plants (Charcoal)	Tree/Shrub	Chronometric Only
present datasets	25.04.2025		Beta-223544	7400	40		Ulucak Höyük	settlement	Vd;h=214.28; phase Vd, L13d, South of grid, floor; Vd; h=214.28			charcoal		İzmir	Turkey	38.4668	27.3521	Çilingiroglu et al. 2012; Brami and Zanotti 2015; CalPal; Reingruber and Thissen 2016; Flohr et al. 2016	Global Repositories	Woody Plants (Charcoal)	Tree/Shrub	Chronometric Only
present datasets	25.04.2025		Beta-250263	7400	50		Ulucak Höyük	settlement	Vf;h=214.09; phase Vf, L13a, Bld 40; Vf; h=214.09			charcoal		İzmir	Turkey	38.4668	27.3521	Çilingiroglu et al. 2012; Brami and Zanotti 2015; CalPal; Reingruber and Thissen 2016; Flohr et al. 2016	Global Repositories	Woody Plants (Charcoal)	Tree/Shrub	Chronometric Only
present datasets	25.04.2025		Beta-317535	7400	40		Ulucak Höyük	settlement	Vf; L13a, Building 40, inside wall; h=213.82-214.06			bone		İzmir	Turkey	38.4668	27.3521	Çilingiroglu et al. 2012; Brami and Zanotti 2015; CalPal; Reingruber and Thissen 2016; Flohr et al. 2016	Global Repositories	Bone/Teeth (Human/Animal)	Indeterminate	Chronometric Only
present datasets	25.04.2025		Beta-362302	7430	40		Ulucak Höyük	settlement	Trench L13, fill			bone collagen	animal	İzmir	Turkey	38.4668	27.3521	Çevik and Erdoğu 2020	Global Repositories	Bone/Teeth (Human/Animal)	Animal	Chronometric Only
present datasets	25.04.2025		Beta-250264	7440	50		Ulucak Höyük	settlement	Vf;h=214.04; phase Vf, L13a, Bld 40, posthole 6; Vf; h=214.04			charcoal		İzmir	Turkey	38.4668	27.3521	Çilingiroglu et al. 2012; Brami and Zanotti 2015; CalPal; Reingruber and Thissen 2016; Flohr et al. 2016	Global Repositories	Woody Plants (Charcoal)	Tree/Shrub	Chronometric Only
present datasets	25.04.2025		Beta-236891	7450	50		Ulucak Höyük	settlement	Vd;h=214.47; phase Vd, L13b, Bld 34, west of the wall; Vd; h=214.47			charcoal		İzmir	Turkey	38.4668	27.3521	Çilingiroglu et al. 2012; Brami and Zanotti 2015; CalPal; Reingruber and Thissen 2016; Flohr et al. 2016	Global Repositories	Woody Plants (Charcoal)	Tree/Shrub	Chronometric Only
present datasets	25.04.2025		Beta-427244	7480	40		Ulucak Höyük	settlement	Trench L12, building 54			charcoal		İzmir	Turkey	38.4668	27.3521	Çevik and Erdoğu 2020	Global Repositories	Woody Plants (Charcoal)	Tree/Shrub	Chronometric Only
present datasets	25.04.2025		Beta-223543	7490	40		Ulucak Höyük	settlement	Vc;h=214.42; phase Vc, L13d, SE of grid; Vc; h=214.42			charcoal		İzmir	Turkey	38.4668	27.3521	Çilingiroglu et al. 2012; Brami and Zanotti 2015; CalPal; Reingruber and Thissen 2016; Flohr et al. 2016	Global Repositories	Woody Plants (Charcoal)	Tree/Shrub	Chronometric Only
present datasets	25.04.2025		Beta-250261	7510	50		Ulucak Höyük	settlement	Vf;h=214.05; phase Vf, L13a, Bld 40, posthole 4; Vf; h=214.05			charcoal		İzmir	Turkey	38.4668	27.3521	Çilingiroglu et al. 2012; Brami and Zanotti 2015; CalPal; Reingruber and Thissen 2016; Flohr et al. 2016	Global Repositories	Woody Plants (Charcoal)	Tree/Shrub	Chronometric Only
present datasets	25.04.2025		Beta-223540	7540	110		Ulucak Höyük	settlement	Vb;h=215.07; phase Vb, L13a, Bld 30, floor; Vb; h=215.07			charcoal		İzmir	Turkey	38.4668	27.3521	Çilingiroglu et al. 2012; Brami and Zanotti 2015; CalPal; Reingruber and Thissen 2016; Flohr et al. 2016	Global Repositories	Woody Plants (Charcoal)	Tree/Shrub	Chronometric Only
present datasets	25.04.2025		Beta-250262	7540	50		Ulucak Höyük	settlement	Vf;h=214.06; phase Vf, L13a, Bld 40, posthole 5; Vf; h=214.06			charcoal		İzmir	Turkey	38.4668	27.3521	Çilingiroglu et al. 2012; Brami and Zanotti 2015; CalPal; Reingruber and Thissen 2016; Flohr et al. 2016	Global Repositories	Woody Plants (Charcoal)	Tree/Shrub	Chronometric Only
present datasets	25.04.2025		Beta-236889	7580	50		Ulucak Höyük	settlement	Vd;h=214.50; phase Vd, L13c, East of grid; Vd; h=214.50			charcoal		İzmir	Turkey	38.4668	27.3521	Çilingiroglu et al. 2012; Brami and Zanotti 2015; CalPal; Reingruber and Thissen 2016; Flohr et al. 2016	Global Repositories	Woody Plants (Charcoal)	Tree/Shrub	Chronometric Only
present datasets	25.04.2025		Beta-405669	7600	30		Ulucak Höyük	settlement	Trench L13, ashy area			charcoal		İzmir	Turkey	38.4668	27.3521	Çevik and Erdoğu 2020	Global Repositories	Woody Plants (Charcoal)	Tree/Shrub	Chronometric Only
present datasets	25.04.2025		Beta-269728	7680	50		Ulucak Höyük	settlement	Phase VI, L13a, plastered floor 3; phase VI, L13a, plastered floor 3; VIa			charcoal		İzmir	Turkey	38.4668	27.3521	Çilingiroglu et al. 2012; Brami 2014; Brami and Zanotti 2015; CalPal; Reingruber and Thissen 2016; Flohr et al. 2016	Global Repositories	Woody Plants (Charcoal)	Tree/Shrub	Chronometric Only
present datasets	25.04.2025		Beta-269730	7710	50		Ulucak Höyük	settlement	Phase VI, L13a, plastered floor 5			bone	Capra	İzmir	Turkey	38.4668	27.3521	Çilingiroglu et al. 2012; Brami 2014; Brami and Zanotti 2015; CalPal; Reingruber and Thissen 2016; Flohr et al. 2016	Global Repositories	Bone/Teeth (Human/Animal)	Animal	Chronometric Only
present datasets	25.04.2025		Beta-317539	7730	40		Ulucak Höyük	settlement	Phase VI, L13c, unit 139, from eastern section; phase VI, L13c, unit 139, from eastern section; VI; L13c, unit 139, from eastern section, h=213.23			grain (charred)	Triticum dicoccum	İzmir	Turkey	38.4668	27.3521	Çilingiroglu et al. 2012; Brami 2014; Brami and Zanotti 2015; CalPal; Reingruber and Thissen 2016; Flohr et al. 2016	Global Repositories	Short-lived Plants	Cereal/Pulse/Seed	Chronometric Only
present datasets	25.04.2025		Beta-223545	7760	40		Ulucak Höyük	settlement	Ve;h=214.23; phase Ve, L13d, West of grid; Ve; h=214.23			charcoal		İzmir	Turkey	38.4668	27.3521	Çilingiroglu et al. 2012; Brami and Zanotti 2015; CalPal; Reingruber and Thissen 2016; Flohr et al. 2016	Global Repositories	Woody Plants (Charcoal)	Tree/Shrub	Chronometric Only
present datasets	25.04.2025		Beta-250266	7770	50		Ulucak Höyük	settlement	VIa;h=213.74; phase VI, L13d, dark brown fill, associated with stone circles; VIa; h=213.74			charcoal		İzmir	Turkey	38.4668	27.3521	Çilingiroglu et al. 2012; Brami and Zanotti 2015; CalPal; Reingruber and Thissen 2016; Flohr et al. 2016	Global Repositories	Woody Plants (Charcoal)	Tree/Shrub	Chronometric Only
present datasets	25.04.2025		Beta-362304	7790	40		Ulucak Höyük	settlement	Trench L13, building 40			bone collagen	animal	İzmir	Turkey	38.4668	27.3521	Çevik and Erdoğu 2020	Global Repositories	Bone/Teeth (Human/Animal)	Animal	Chronometric Only
present datasets	25.04.2025		Beta-317538	7810	40		Ulucak Höyük	settlement	Phase VI, L13c, unit 132, inside post-hole 4 on plastered surface; phase VI, L13c, unit 132, inside post-hole 4 on plastered surface; VI; unit 132, inside posthole 4, on plastered surface, h=213.16			grain (charred)	Triticum dicoccum	İzmir	Turkey	38.4668	27.3521	Çilingiroglu et al. 2012; Brami 2014; Brami and Zanotti 2015; CalPal; Reingruber and Thissen 2016; Flohr et al. 2016	Global Repositories	Short-lived Plants	Cereal/Pulse/Seed	Chronometric Only
present datasets	25.04.2025		Beta-269731	7820	50		Ulucak Höyük	settlement	Phase VI, L13a, plastered floor 2			bone	Ovis	İzmir	Turkey	38.4668	27.3521	Çilingiroglu et al. 2012; Brami 2014; Brami and Zanotti 2015; CalPal; Reingruber and Thissen 2016; Flohr et al. 2016	Global Repositories	Bone/Teeth (Human/Animal)	Animal	Chronometric Only
present datasets	25.04.2025		Beta-317430	7830	40		Ulucak Höyük	settlement	Trench L13, lime surface			seed		İzmir	Turkey	38.4668	27.3521	Çevik and Erdoğu 2020	Global Repositories	Short-lived Plants	Cereal/Pulse/Seed	Chronometric Only
present datasets	25.04.2025		Beta-317543	7830	40		Ulucak Höyük	settlement	Phase VI, L13d, unit 188, fill with seeds; phase VI, L13d, unit 188, fill with seeds; VI; L13d, unit 188, fill with seeds, h=213.24			grain (charred)	Triticum dicoccum	İzmir	Turkey	38.4668	27.3521	Çilingiroglu et al. 2012; Brami 2014; Brami and Zanotti 2015; CalPal; Reingruber and Thissen 2016; Flohr et al. 2016	Global Repositories	Short-lived Plants	Cereal/Pulse/Seed	Chronometric Only
present datasets	25.04.2025		Beta-405666	7840	30		Ulucak Höyük	settlement	Trench L13, around the hearth			bone collagen	animal	İzmir	Turkey	38.4668	27.3521	Çevik and Erdoğu 2020	Global Repositories	Bone/Teeth (Human/Animal)	Animal	Chronometric Only
present datasets	25.04.2025		Beta-269729	7850	50		Ulucak Höyük	settlement	Phase VI, L13a, plastered floor 5; phase VI, L13a, plastered floor 5; VIb			charcoal		İzmir	Turkey	38.4668	27.3521	Çilingiroglu et al. 2012; Brami 2014; Brami and Zanotti 2015; CalPal; Reingruber and Thissen 2016; Flohr et al. 2016	Global Repositories	Woody Plants (Charcoal)	Tree/Shrub	Chronometric Only
present datasets	25.04.2025		Beta-317544	7850	40		Ulucak Höyük	settlement	Phase VI, L13c, unit 120, plastered surface; phase VI, L13c, unit 120, plastered surface; VI; unit 120, plastered surface, h=213.21-213.16			grain (charred)	Triticum dicoccum	İzmir	Turkey	38.4668	27.3521	Çilingiroglu et al. 2012; Brami 2014; Brami and Zanotti 2015; CalPal; Reingruber and Thissen 2016; Flohr et al. 2016	Global Repositories	Short-lived Plants	Cereal/Pulse/Seed	Chronometric Only
present datasets	25.04.2025		Beta-317542	7870	40		Ulucak Höyük	settlement	Phase VI, L13d, unit 183, plastered and burnt surface; phase VI, L13d, unit 183, plastered and burnt surface; VI; L13d, unit 183, plastered and burnt surface, h=213.29			grain (charred)	Triticum dicoccum	İzmir	Turkey	38.4668	27.3521	Çilingiroglu et al. 2012; Brami 2014; Brami and Zanotti 2015; CalPal; Reingruber and Thissen 2016; Flohr et al. 2016	Global Repositories	Short-lived Plants	Cereal/Pulse/Seed	Chronometric Only
present datasets	25.04.2025		Beta-250265	7910	50		Ulucak Höyük	settlement	VIa;h=213.87; phase VI, L13a, clayey red painted lime floor deposit; VIa; h=213.87			charcoal		İzmir	Turkey	38.4668	27.3521	Çilingiroglu et al. 2012; Brami and Zanotti 2015; CalPal; Reingruber and Thissen 2016; Flohr et al. 2016	Global Repositories	Woody Plants (Charcoal)	Tree/Shrub	Chronometric Only
present datasets	25.04.2025		Beta-345839	7930	40		Ulucak Höyük	settlement	Trench L13, fill			charcoal		İzmir	Turkey	38.4668	27.3521	Çevik and Erdoğu 2020	Global Repositories	Woody Plants (Charcoal)	Tree/Shrub	Chronometric Only
present datasets	25.04.2025		Beta-345838	7940	40		Ulucak Höyük	settlement	Trench L13, lime surface			bone collagen	animal	İzmir	Turkey	38.4668	27.3521	Çevik and Erdoğu 2020	Global Repositories	Bone/Teeth (Human/Animal)	Animal	Chronometric Only
present datasets	25.04.2025		Beta-269727	7950	50		Ulucak Höyük	settlement	Phase VI, L13a, unit 43 (hearth); phase VI, L13a, unit 43 (hearth); VIa			charcoal		İzmir	Turkey	38.4668	27.3521	Çilingiroglu et al. 2012; Brami 2014; Brami and Zanotti 2015; CalPal; Reingruber and Thissen 2016; Flohr et al. 2016	Global Repositories	Woody Plants (Charcoal)	Tree/Shrub	Chronometric Only
present datasets	25.04.2025		Beta-345837	7990	40		Ulucak Höyük	settlement	Trench L13, lime surface			bone collagen	animal	İzmir	Turkey	38.4668	27.3521	Çevik and Erdoğu 2020	Global Repositories	Bone/Teeth (Human/Animal)	Animal	Chronometric Only
present datasets	25.04.2025		USHO-14	2802	19		Uşaklı Höyük	settlement	Area D, square 014A4, US 331			charcoal	Quercus	Yozgat	Turkey	39.812995	35.052539	Gmińska-Nowak et al. 2021	Global Repositories	Woody Plants (Charcoal)	Tree/Shrub	Chronometric Only
present datasets	25.04.2025		USHO-17	2474	20		Uşaklı Höyük	settlement	Area D, square NI5-D3, US 87			charcoal	Quercus	Yozgat	Turkey	39.812995	35.052539	Gmińska-Nowak et al. 2021	Global Repositories	Woody Plants (Charcoal)	Tree/Shrub	Chronometric Only
present datasets	25.04.2025		USHO66_m	3085	21		Uşaklı Höyük	settlement	Room 433, Building 3			charcoal	Cedrus	Yozgat	Turkey	39.812995	35.052539	Gmińska-Nowak et al. 2021	Global Repositories	Woody Plants (Charcoal)	Tree/Shrub	Chronometric Only
present datasets	25.04.2025		Ly-803	3040	120		Xanthos	settlement				charcoal		Antalya	Turkey	37.4987	30.9975	BANADORA	Global Repositories	Woody Plants (Charcoal)	Tree/Shrub	Chronometric Only
present datasets	25.04.2025		GrN-15528	6880	90		Yarımburgaz cave	cave	Layer 3			charcoal		İstanbul	Turkey	41.0753	28.7414	Erdoğu et al. 2003; CalPal; Brami and Zanotti 2015; Reingruber and Thissen 2016; Flohr et al. 2016	Global Repositories	Woody Plants (Charcoal)	Tree/Shrub	Chronometric Only
present datasets	25.04.2025		GrN-15529	7330	60		Yarımburgaz cave	cave	Layer 7/4a			charcoal		İstanbul	Turkey	41.0753	28.7414	Erdoğu et al. 2003; CalPal; Brami and Zanotti 2015; Reingruber and Thissen 2016; Flohr et al. 2016	Global Repositories	Woody Plants (Charcoal)	Tree/Shrub	Chronometric Only
present datasets	25.04.2025		GrN-15531	9190	100		Yarımburgaz cave	cave	Layer 7b			ceramic (organic temper)		İstanbul	Turkey	41.0753	28.7414	Erdoğu et al. 2003; CalPal; Brami and Zanotti 2015; Reingruber and Thissen 2016; Flohr et al. 2016	Global Repositories	Anthropic/Residues	Organic Residue/Artifact	Chronometric Only
present datasets	25.04.2025		GrN-15533	7640	90		Yarımburgaz cave	cave	Layer 7a			charcoal		İstanbul	Turkey	41.0753	28.7414	Erdoğu et al. 2003; CalPal; Brami and Zanotti 2015; Reingruber and Thissen 2016; Flohr et al. 2016	Global Repositories	Woody Plants (Charcoal)	Tree/Shrub	Chronometric Only
present datasets	25.04.2025		GrN-15534	5930	110		Yarımburgaz cave	cave	Layer 2			charcoal		İstanbul	Turkey	41.0753	28.7414	Erdoğu et al. 2003; CalPal; Brami and Zanotti 2015; Reingruber and Thissen 2016; Flohr et al. 2016	Global Repositories	Woody Plants (Charcoal)	Tree/Shrub	Chronometric Only
present datasets	25.04.2025		GrN-18744	7130	90		Yarımburgaz cave	cave	Layer 2					İstanbul	Turkey	41.0753	28.7414	Erdoğu et al. 2003; CalPal; Brami and Zanotti 2015; Reingruber and Thissen 2016; Flohr et al. 2016	Global Repositories	Indeterminate/Other	Indeterminate	Chronometric Only
present datasets	25.04.2025		P-257	2120	59		Yassı Höyük (Gordion)	settlement	city mound	Hellenistic-Galatian	Iron Age	charcoal		Ankara	Turkey	39.655	31.994167	Ralph and Stuckenrath 1962	Global Repositories	Woody Plants (Charcoal)	Tree/Shrub	Chronometric Only
present datasets	25.04.2025		P-352	2390	61		Yassı Höyük (Gordion)	settlement	Tumulus H Cemetery, Burial at U	Persian	Iron Age	wood		Ankara	Turkey	39.655	31.994167	Ralph and Stuckenrath 1962	Global Repositories	Woody Plants (Charcoal)	Tree/Shrub	Chronometric Only
present datasets	25.04.2025		P-222	2480	48		Yassı Höyük (Gordion)	settlement	Tumulus H Cemetery	Persian	Iron Age	charcoal		Ankara	Turkey	39.655	31.994167	Ralph and Stuckenrath 1962	Global Repositories	Woody Plants (Charcoal)	Tree/Shrub	Chronometric Only
present datasets	25.04.2025		P-256	2510	61		Yassı Höyük (Gordion)	settlement	Tumulus I, Cremation	Persian	Iron Age	charcoal		Ankara	Turkey	39.655	31.994167	Ralph and Stuckenrath 1962	Global Repositories	Woody Plants (Charcoal)	Tree/Shrub	Chronometric Only
present datasets	25.04.2025		P-902	2522	53		Yassı Höyük (Gordion)	settlement	Küçük Höyük, Unit 2	Phrygian	Iron Age	wood		Ankara	Turkey	39.655	31.994167	Stuckenrath et al. 1966	Global Repositories	Woody Plants (Charcoal)	Tree/Shrub	Chronometric Only
present datasets	25.04.2025		P-275	2560	60		Yassı Höyük (Gordion)	settlement	Tumulus MM (Royal tomb)	Phrygian	Iron Age	wood	Acer pseudoplatanus	Ankara	Turkey	39.655	31.994167	Ralph and Stuckenrath 1962	Global Repositories	Woody Plants (Charcoal)	Tree/Shrub	Chronometric Only
present datasets	25.04.2025		P-134	2606	117		Yassı Höyük (Gordion)	settlement	Gordius Tomb, Tumulus MM			organic material		Ankara	Turkey	39.655	31.994167	Ralph 1959	Global Repositories	Anthropic/Residues	Organic Residue/Artifact	Chronometric Only
present datasets	25.04.2025		P-899	2620	50		Yassı Höyük (Gordion)	settlement	City Mound, Megaron 3, Room 3	Phrygian	Iron Age	textile		Ankara	Turkey	39.655	31.994167	Stuckenrath et al. 1966	Global Repositories	Anthropic/Residues	Organic Residue/Artifact	Chronometric Only
present datasets	25.04.2025		P-135	2623	119		Yassı Höyük (Gordion)	settlement	City Mound, Megaron 3			wood	Pinus nigra pailasiana	Ankara	Turkey	39.655	31.994167	Ralph 1959	Global Repositories	Woody Plants (Charcoal)	Tree/Shrub	Chronometric Only
present datasets	25.04.2025		P-1279	2630	50		Yassı Höyük (Gordion)	settlement	burnt Phrygian house	Phrygian	Iron Age	grain (charred)		Ankara	Turkey	39.655	31.994167	Fishman et al. 1977	Global Repositories	Short-lived Plants	Cereal/Pulse/Seed	Chronometric Only
present datasets	25.04.2025		P-128	2631	90		Yassı Höyük (Gordion)	settlement	Gordius Tomb, Tumulus MM			plant remains	Linum	Ankara	Turkey	39.655	31.994167	Ralph 1959	Global Repositories	Short-lived Plants	Cereal/Pulse/Seed	Chronometric Only
present datasets	25.04.2025		Hd-21236	2641	25		Yassı Höyük (Gordion)	settlement	Burnt Layer			seeds	Lens culinaris	Ankara	Turkey	39.655	31.994167	Manning et al. 2011	Global Repositories	Short-lived Plants	Cereal/Pulse/Seed	Chronometric Only
present datasets	25.04.2025		Hd-21358	2647	32		Yassı Höyük (Gordion)	settlement	Burnt Layer			seeds	Lens culinaris	Ankara	Turkey	39.655	31.994167	Manning et al. 2011	Global Repositories	Short-lived Plants	Cereal/Pulse/Seed	Chronometric Only
present datasets	25.04.2025		Hd-21304	2655	19		Yassı Höyük (Gordion)	settlement	Burnt Layer			seeds	Linum usitatissimum	Ankara	Turkey	39.655	31.994167	Manning et al. 2011	Global Repositories	Short-lived Plants	Cereal/Pulse/Seed	Chronometric Only
present datasets	25.04.2025		P-221	2660	62		Yassı Höyük (Gordion)	settlement	Tumulus S1 chamber	Phrygian	Iron Age	wood		Ankara	Turkey	39.655	31.994167	Ralph and Stuckenrath 1962	Global Repositories	Woody Plants (Charcoal)	Tree/Shrub	Chronometric Only
present datasets	25.04.2025		P-99	2660	118		Yassı Höyük (Gordion)	settlement	floor of N room	Phrygian	Iron Age	charcoal		Ankara	Turkey	39.655	31.994167	Hinz et al. 2012: http://radon.ufg.uni-kiel.de/samples/605	Global Repositories	Woody Plants (Charcoal)	Tree/Shrub	Chronometric Only
present datasets	25.04.2025		Hd-23609	2669	12		Yassı Höyük (Gordion)	settlement				seeds		Ankara	Turkey	39.655	31.994167	Voigt 2009	Global Repositories	Short-lived Plants	Cereal/Pulse/Seed	Chronometric Only
present datasets	25.04.2025		Hd-23644	2673	12		Yassı Höyük (Gordion)	settlement				seeds		Ankara	Turkey	39.655	31.994167	Voigt 2009	Global Repositories	Short-lived Plants	Cereal/Pulse/Seed	Chronometric Only
present datasets	25.04.2025		Hd-21352	2674	20		Yassı Höyük (Gordion)	settlement	Burnt Layer			grain	Hordeum vulgare	Ankara	Turkey	39.655	31.994167	Manning et al. 2011	Global Repositories	Short-lived Plants	Cereal/Pulse/Seed	Chronometric Only
present datasets	25.04.2025		Hd-21332	2678	18		Yassı Höyük (Gordion)	settlement	Burnt Layer (9th century BC)			grain	Hordeum vulgare	Ankara	Turkey	39.655	31.994167	Manning et al. 2011	Global Repositories	Short-lived Plants	Cereal/Pulse/Seed	Chronometric Only
present datasets	25.04.2025		Hd-23612	2680	16		Yassı Höyük (Gordion)	settlement				seeds		Ankara	Turkey	39.655	31.994167	Voigt 2009	Global Repositories	Short-lived Plants	Cereal/Pulse/Seed	Chronometric Only
present datasets	25.04.2025		Hd-23610	2683	12		Yassı Höyük (Gordion)	settlement				seeds		Ankara	Turkey	39.655	31.994167	Voigt 2009	Global Repositories	Short-lived Plants	Cereal/Pulse/Seed	Chronometric Only
present datasets	25.04.2025		Hd-23638	2683	12		Yassı Höyük (Gordion)	settlement				seeds		Ankara	Turkey	39.655	31.994167	Voigt 2009	Global Repositories	Short-lived Plants	Cereal/Pulse/Seed	Chronometric Only
present datasets	25.04.2025		Hd-21880	2686	21		Yassı Höyük (Gordion)	settlement	Burnt Layer			plant remains	Cyperaceae	Ankara	Turkey	39.655	31.994167	Manning et al. 2011	Global Repositories	Short-lived Plants	Cereal/Pulse/Seed	Chronometric Only
present datasets	25.04.2025		Hd-23624	2686	15		Yassı Höyük (Gordion)	settlement				seeds		Ankara	Turkey	39.655	31.994167	Voigt 2009	Global Repositories	Short-lived Plants	Cereal/Pulse/Seed	Chronometric Only
present datasets	25.04.2025		Hd-23611	2688	14		Yassı Höyük (Gordion)	settlement				seeds		Ankara	Turkey	39.655	31.994167	Voigt 2009	Global Repositories	Short-lived Plants	Cereal/Pulse/Seed	Chronometric Only
present datasets	25.04.2025		P-136	2690	120		Yassı Höyük (Gordion)	settlement	City Mound, Megaron 3, north room of burnt house, Phrygian Level CC	Phrygian	Iron Age	charcoal		Ankara	Turkey	39.655	31.994167	Ralph 1959	Global Repositories	Woody Plants (Charcoal)	Tree/Shrub	Chronometric Only
present datasets	25.04.2025		P-788	2691	47		Yassı Höyük (Gordion)	settlement	City Mound, Megaron 4	Phrygian	Iron Age	charcoal		Ankara	Turkey	39.655	31.994167	Stuckenrath and Ralph 1965	Global Repositories	Woody Plants (Charcoal)	Tree/Shrub	Chronometric Only
present datasets	25.04.2025		Hd-21361	2693	27		Yassı Höyük (Gordion)	settlement	Burnt Layer			plant remains	Cyperaceae	Ankara	Turkey	39.655	31.994167	Manning et al. 2011	Global Repositories	Short-lived Plants	Cereal/Pulse/Seed	Chronometric Only
present datasets	25.04.2025		P-901	2693	54		Yassı Höyük (Gordion)	settlement	City Mound, Terace B	Phrygian	Iron Age	plant remains (charred)	Phragmites	Ankara	Turkey	39.655	31.994167	Stuckenrath et al. 1966	Global Repositories	Short-lived Plants	Cereal/Pulse/Seed	Chronometric Only
present datasets	25.04.2025		Hd-23645	2694	13		Yassı Höyük (Gordion)	settlement				seeds		Ankara	Turkey	39.655	31.994167	Voigt 2009	Global Repositories	Short-lived Plants	Cereal/Pulse/Seed	Chronometric Only
present datasets	25.04.2025		Hd-21191	2699	18		Yassı Höyük (Gordion)	settlement	Phase 7			grain	Hordeum	Ankara	Turkey	39.655	31.994167	Manning et al. 2011	Global Repositories	Short-lived Plants	Cereal/Pulse/Seed	Chronometric Only
present datasets	25.04.2025		P-127	2701	90		Yassı Höyük (Gordion)	settlement	Gordius Tomb, Tumulus MM			wood	Juniperus drupacea	Ankara	Turkey	39.655	31.994167	Ralph 1959	Global Repositories	Woody Plants (Charcoal)	Tree/Shrub	Chronometric Only
present datasets	25.04.2025		Hd-21885	2703	29		Yassı Höyük (Gordion)	settlement	Burnt Layer			plant remains	Cyperaceae	Ankara	Turkey	39.655	31.994167	Manning et al. 2011	Global Repositories	Short-lived Plants	Cereal/Pulse/Seed	Chronometric Only
present datasets	25.04.2025		Hd-23655	2707	11		Yassı Höyük (Gordion)	settlement				seeds		Ankara	Turkey	39.655	31.994167	Voigt 2009	Global Repositories	Short-lived Plants	Cereal/Pulse/Seed	Chronometric Only
present datasets	25.04.2025		P-898	2707	52		Yassı Höyük (Gordion)	settlement	City Mound, Megaron 3, Room 3	Phrygian	Iron Age	seeds		Ankara	Turkey	39.655	31.994167	Stuckenrath et al. 1966	Global Repositories	Short-lived Plants	Cereal/Pulse/Seed	Chronometric Only
present datasets	25.04.2025		Hd-23639	2714	11		Yassı Höyük (Gordion)	settlement				seeds		Ankara	Turkey	39.655	31.994167	Voigt 2009	Global Repositories	Short-lived Plants	Cereal/Pulse/Seed	Chronometric Only
present datasets	25.04.2025		P-363	2720	54		Yassı Höyük (Gordion)	settlement	Tumulus W	Phrygian	Iron Age	wood		Ankara	Turkey	39.655	31.994167	Ralph and Stuckenrath 1962	Global Repositories	Woody Plants (Charcoal)	Tree/Shrub	Chronometric Only
present datasets	25.04.2025		Hd-21354	2726	24		Yassı Höyük (Gordion)	settlement	Phase 7			grain	Triticum	Ankara	Turkey	39.655	31.994167	Manning et al. 2011	Global Repositories	Short-lived Plants	Cereal/Pulse/Seed	Chronometric Only
present datasets	25.04.2025		Hd-21318	2728	29		Yassı Höyük (Gordion)	settlement	Phase 7			vetch		Ankara	Turkey	39.655	31.994167	Manning et al. 2011	Global Repositories	Short-lived Plants	Cereal/Pulse/Seed	Chronometric Only
present datasets	25.04.2025		Hd-21866	2733	23		Yassı Höyük (Gordion)	settlement	Phase 7			grain	Triticum	Ankara	Turkey	39.655	31.994167	Manning et al. 2011	Global Repositories	Short-lived Plants	Cereal/Pulse/Seed	Chronometric Only
present datasets	25.04.2025		Hd-21364	2742	16		Yassı Höyük (Gordion)	settlement	Phase 7			charcoal	Pinus	Ankara	Turkey	39.655	31.994167	Manning et al. 2011	Global Repositories	Woody Plants (Charcoal)	Tree/Shrub	Chronometric Only
present datasets	25.04.2025		Wk-45456	2750	17		Yassı Höyük (Gordion)	settlement	Ash lens			grain	Cerealia	Ankara	Turkey	39.655	31.994167	Kealhofer et al. 2019	Global Repositories	Short-lived Plants	Cereal/Pulse/Seed	Chronometric Only
present datasets	25.04.2025		Hd-21867	2760	22		Yassı Höyük (Gordion)	settlement	Phase 7			grain	Triticum	Ankara	Turkey	39.655	31.994167	Manning et al. 2011	Global Repositories	Short-lived Plants	Cereal/Pulse/Seed	Chronometric Only
present datasets	25.04.2025		Wk-45452	2772	17		Yassı Höyük (Gordion)	settlement	Pit fill			grain	Cerealia	Ankara	Turkey	39.655	31.994167	Kealhofer et al. 2019	Global Repositories	Short-lived Plants	Cereal/Pulse/Seed	Chronometric Only
present datasets	25.04.2025		Hd-21327	2789	24		Yassı Höyük (Gordion)	settlement	Phase 7			charcoal	Pinus	Ankara	Turkey	39.655	31.994167	Manning et al. 2011	Global Repositories	Woody Plants (Charcoal)	Tree/Shrub	Chronometric Only
present datasets	25.04.2025		Hd-21231	2808	26		Yassı Höyük (Gordion)	settlement	Phase 7			charcoal	Pinus	Ankara	Turkey	39.655	31.994167	Manning et al. 2011	Global Repositories	Woody Plants (Charcoal)	Tree/Shrub	Chronometric Only
present datasets	25.04.2025		Wk-45454	2816	16		Yassı Höyük (Gordion)	settlement	Trash at top of a large pit			grain	Cerealia	Ankara	Turkey	39.655	31.994167	Kealhofer et al. 2019	Global Repositories	Short-lived Plants	Cereal/Pulse/Seed	Chronometric Only
present datasets	25.04.2025		Hd-21310	2823	33		Yassı Höyük (Gordion)	settlement	Phase 7			charcoal	Pinus	Ankara	Turkey	39.655	31.994167	Manning et al. 2011	Global Repositories	Woody Plants (Charcoal)	Tree/Shrub	Chronometric Only
present datasets	25.04.2025		Wk-44377	2862	20		Yassı Höyük (Gordion)	settlement	White floor deposit in WFL structure			grain	Cerealia	Ankara	Turkey	39.655	31.994167	Kealhofer et al. 2019	Global Repositories	Short-lived Plants	Cereal/Pulse/Seed	Chronometric Only
present datasets	25.04.2025		Wk-45451	2866	16		Yassı Höyük (Gordion)	settlement	Layer of dung			grain	Cerealia	Ankara	Turkey	39.655	31.994167	Kealhofer et al. 2019	Global Repositories	Short-lived Plants	Cereal/Pulse/Seed	Chronometric Only
present datasets	25.04.2025		Hd-21229	2872	35		Yassı Höyük (Gordion)	settlement	Phase 7			charcoal		Ankara	Turkey	39.655	31.994167	Manning et al. 2011	Global Repositories	Woody Plants (Charcoal)	Tree/Shrub	Chronometric Only
present datasets	25.04.2025		Wk-45453	2888	18		Yassı Höyük (Gordion)	settlement	Trash lens			grain	Cerealia	Ankara	Turkey	39.655	31.994167	Kealhofer et al. 2019	Global Repositories	Short-lived Plants	Cereal/Pulse/Seed	Chronometric Only
present datasets	25.04.2025		Wk-45457	2889	16		Yassı Höyük (Gordion)	settlement	Ash at bottom of a deep pit			grain	Cerealia	Ankara	Turkey	39.655	31.994167	Kealhofer et al. 2019	Global Repositories	Short-lived Plants	Cereal/Pulse/Seed	Chronometric Only
present datasets	25.04.2025		P-133	2939	122		Yassı Höyük (Gordion)	settlement	Gordius Tomb, Tumulus MM			wood	Pinus nigra pailasiana	Ankara	Turkey	39.655	31.994167	Ralph 1959	Global Repositories	Woody Plants (Charcoal)	Tree/Shrub	Chronometric Only
present datasets	25.04.2025		Wk-44380	2940	20		Yassı Höyük (Gordion)	settlement	Collapse and floor deposit in CKD structure			grain	Cerealia	Ankara	Turkey	39.655	31.994167	Kealhofer et al. 2019	Global Repositories	Short-lived Plants	Cereal/Pulse/Seed	Chronometric Only
present datasets	25.04.2025		Wk-44372	2948	20		Yassı Höyük (Gordion)	settlement	Rich deposit above floor of CBH structure			grain	Cerealia	Ankara	Turkey	39.655	31.994167	Kealhofer et al. 2019	Global Repositories	Short-lived Plants	Cereal/Pulse/Seed	Chronometric Only
present datasets	25.04.2025		Wk-44375	2949	20		Yassı Höyük (Gordion)	settlement	Pit within CBH structure			nutshell		Ankara	Turkey	39.655	31.994167	Kealhofer et al. 2019	Global Repositories	Short-lived Plants	Cereal/Pulse/Seed	Chronometric Only
present datasets	25.04.2025		Wk-44376	2962	20		Yassı Höyük (Gordion)	settlement	Collapse within CBH structure			grain	Cerealia	Ankara	Turkey	39.655	31.994167	Kealhofer et al. 2019	Global Repositories	Short-lived Plants	Cereal/Pulse/Seed	Chronometric Only
present datasets	25.04.2025		Wk-44373	2963	20		Yassı Höyük (Gordion)	settlement	Floor deposit in CBH structure			grain	Cerealia	Ankara	Turkey	39.655	31.994167	Kealhofer et al. 2019	Global Repositories	Short-lived Plants	Cereal/Pulse/Seed	Chronometric Only
present datasets	25.04.2025		Wk-44374	2971	20		Yassı Höyük (Gordion)	settlement	Collapse within CBH structure			grain	Cerealia	Ankara	Turkey	39.655	31.994167	Kealhofer et al. 2019	Global Repositories	Short-lived Plants	Cereal/Pulse/Seed	Chronometric Only
present datasets	25.04.2025		Wk-44379	2974	20		Yassı Höyük (Gordion)	settlement	Contents of bin, CKD structure			grain	Cerealia	Ankara	Turkey	39.655	31.994167	Kealhofer et al. 2019	Global Repositories	Short-lived Plants	Cereal/Pulse/Seed	Chronometric Only
present datasets	25.04.2025		Wk-44371	2995	20		Yassı Höyük (Gordion)	settlement	Cylindrical pit			plant remains		Ankara	Turkey	39.655	31.994167	Kealhofer et al. 2019	Global Repositories	Short-lived Plants	Cereal/Pulse/Seed	Chronometric Only
present datasets	25.04.2025		Wk-45455	3006	17		Yassı Höyük (Gordion)	settlement	Basal deposit in cereal pit			grain	Cerealia	Ankara	Turkey	39.655	31.994167	Kealhofer et al. 2019	Global Repositories	Short-lived Plants	Cereal/Pulse/Seed	Chronometric Only
present datasets	25.04.2025		Wk-44378	3019	20		Yassı Höyük (Gordion)	settlement	Pit within WFL structure			straw		Ankara	Turkey	39.655	31.994167	Kealhofer et al. 2019	Global Repositories	Short-lived Plants	Cereal/Pulse/Seed	Chronometric Only
present datasets	25.04.2025		Wk-45458	3105	16		Yassı Höyük (Gordion)	settlement	Cylindrical pit			grain	Cerealia	Ankara	Turkey	39.655	31.994167	Kealhofer et al. 2019	Global Repositories	Short-lived Plants	Cereal/Pulse/Seed	Chronometric Only
present datasets	25.04.2025		P-137	3113	125		Yassı Höyük (Gordion)	settlement	City Mound, Megaron 3, North Central Trench, Phrygian level Iva	Phrygian	Iron Age	charcoal		Ankara	Turkey	39.655	31.994167	Ralph 1959	Global Repositories	Woody Plants (Charcoal)	Tree/Shrub	Chronometric Only
present datasets	25.04.2025		RTT-3871	9400	60		Yeni Mahalle	settlement				charcoal/seed		Urfa	Turkey	37.15	38.79	Flohr et al. 2016	Global Repositories	Short-lived Plants	Cereal/Pulse/Seed	Chronometric Only
present datasets	25.04.2025		Poz-33896	4500	50		Yeni Yeldeğirmentepe	settlement				charcoal		İzmir	Turkey	39.04602	27.01797	Schneider et al. 2017	Global Repositories	Woody Plants (Charcoal)	Tree/Shrub	Chronometric Only
present datasets	25.04.2025		Poz-33899	4440	50		Yeni Yeldeğirmentepe	settlement				charcoal		İzmir	Turkey	39.04602	27.01797	Schneider et al. 2017	Global Repositories	Woody Plants (Charcoal)	Tree/Shrub	Chronometric Only
present datasets	25.04.2025		Poz-33900	4540	40		Yeni Yeldeğirmentepe	settlement				charcoal		İzmir	Turkey	39.04602	27.01797	Schneider et al. 2017	Global Repositories	Woody Plants (Charcoal)	Tree/Shrub	Chronometric Only
present datasets	25.04.2025		Poz-33978	4040	35		Yeni Yeldeğirmentepe	settlement				charcoal		İzmir	Turkey	39.04602	27.01797	Schneider et al. 2017	Global Repositories	Woody Plants (Charcoal)	Tree/Shrub	Chronometric Only
present datasets	25.04.2025		Poz-33998	4110	40		Yeni Yeldeğirmentepe	settlement				charcoal		İzmir	Turkey	39.04602	27.01797	Schneider et al. 2017	Global Repositories	Woody Plants (Charcoal)	Tree/Shrub	Chronometric Only
present datasets	25.04.2025		Poz-56788	4045	35		Yeni Yeldeğirmentepe	settlement				plant remains		İzmir	Turkey	39.04602	27.01797	Schneider et al. 2017	Global Repositories	Short-lived Plants	Cereal/Pulse/Seed	Chronometric Only
present datasets	25.04.2025		Poz-56789	3955	30		Yeni Yeldeğirmentepe	settlement				charcoal		İzmir	Turkey	39.04602	27.01797	Schneider et al. 2017	Global Repositories	Woody Plants (Charcoal)	Tree/Shrub	Chronometric Only
present datasets	25.04.2025		Poz-56790	3935	35		Yeni Yeldeğirmentepe	settlement				charcoal		İzmir	Turkey	39.04602	27.01797	Schneider et al. 2017	Global Repositories	Woody Plants (Charcoal)	Tree/Shrub	Chronometric Only
present datasets	25.04.2025		Hd-29698	6095	23	-27.9	Yenikapı	settlement	Phase Toptepe culture, Terminal stage of prehistoric habitation; terminal stage of prehistoric occupation; Grid square K-30, surface layer of large cobbles			wood	Quercus	İstanbul	Turkey	41.1	28.95	Kiziltan and Polat 2013; Reingruber and Thissen 2016; Flohr et al. 2016	Global Repositories	Woody Plants (Charcoal)	Tree/Shrub	Chronometric Only
present datasets	25.04.2025		Hd-29742	5719	19	-28	Yenikapı	settlement	Phase Prehistoric fill; surface of prehistoric fill; Square M-32			wood	Quercus	İstanbul	Turkey	41.1	28.95	Kiziltan and Polat 2013; Reingruber and Thissen 2016; Flohr et al. 2016	Global Repositories	Woody Plants (Charcoal)	Tree/Shrub	Chronometric Only
present datasets	25.04.2025		Hd-29743	5430	25	-28.4	Yenikapı	settlement	Deep sounding near höyük			wood	Quercus	İstanbul	Turkey	41.1	28.95	Kiziltan and Polat 2013; Reingruber and Thissen 2016; Flohr et al. 2016	Global Repositories	Woody Plants (Charcoal)	Tree/Shrub	Chronometric Only
present datasets	25.04.2025		ISGS-A2107	7080	20		Yenikapı	settlement	Phase Early/Classical Fikirtepe, Nearby footprints (2012); nearby footprints, about 5 cm below them			wood (twigs)		İstanbul	Turkey	41.1	28.95	Kiziltan and Polat 2013; Reingruber and Thissen 2016; Flohr et al. 2016	Global Repositories	Woody Plants (Charcoal)	Tree/Shrub	Chronometric Only
present datasets	25.04.2025		KN-5811	7505	37		Yeşilova Höyük	settlement	Phase III (III.7 or III.8); Phase III.8, AGZ-Lib, 15.25-14.80 m			wood		İzmir	Turkey	38.4411	27.2115	Derin, 2007	Global Repositories	Woody Plants (Charcoal)	Tree/Shrub	Chronometric Only
present datasets	25.04.2025		R-958	5030	60		Yumuktepe	settlement	elevation 17.5 m, loc KN7.3a; Phase: XIIB; elevation 17.5 m, loc KN7.3a			grain	Triticum	Mersin	Turkey	36.8014	34.6039	Caneva 1999; CalPal; Flohr et al. 2016	Global Repositories	Short-lived Plants	Cereal/Pulse/Seed	Chronometric Only
present datasets	25.04.2025		R-805	5360	80		Yumuktepe	settlement	elevation 17.5 m, loc KN81a; Phase: XIIB; elevation 17.5 m, loc KN81a			charcoal		Mersin	Turkey	36.8014	34.6039	Caneva 1999; CalPal; Flohr et al. 2016	Global Repositories	Woody Plants (Charcoal)	Tree/Shrub	Chronometric Only
present datasets	25.04.2025		LTL-628A	5582	50		Yumuktepe	settlement						Mersin	Turkey	36.8014	34.6039	Caneva and Köroglu 2010; CalPal; Flohr et al. 2016	Global Repositories	Indeterminate/Other	Indeterminate	Chronometric Only
present datasets	25.04.2025		LTL-285A	5605	65		Yumuktepe	settlement						Mersin	Turkey	36.8014	34.6039	Caneva and Köroglu 2010; CalPal; Flohr et al. 2016	Global Repositories	Indeterminate/Other	Indeterminate	Chronometric Only
present datasets	25.04.2025		LTL-4638A	5616	45		Yumuktepe	settlement						Mersin	Turkey	36.8014	34.6039	Caneva and Köroglu 2010; CalPal; Flohr et al. 2016	Global Repositories	Indeterminate/Other	Indeterminate	Chronometric Only
present datasets	25.04.2025		LTL-4639A	5661	45		Yumuktepe	settlement						Mersin	Turkey	36.8014	34.6039	Caneva and Köroglu 2010; CalPal; Flohr et al. 2016	Global Repositories	Indeterminate/Other	Indeterminate	Chronometric Only
present datasets	25.04.2025		LTL-4640A	5676	45		Yumuktepe	settlement						Mersin	Turkey	36.8014	34.6039	Caneva and Köroglu 2010; CalPal; Flohr et al. 2016	Global Repositories	Indeterminate/Other	Indeterminate	Chronometric Only
present datasets	25.04.2025		LTL-287A	5739	65		Yumuktepe	settlement						Mersin	Turkey	36.8014	34.6039	Caneva and Köroglu 2010; CalPal; Flohr et al. 2016	Global Repositories	Indeterminate/Other	Indeterminate	Chronometric Only
present datasets	25.04.2025		R-602	5940	70		Yumuktepe	settlement	elevation 13 m, loc K A d; XVI; elevation 13 m, loc K A d			charcoal		Mersin	Turkey	36.8014	34.6039	Caneva 1999; CalPal; Flohr et al. 2016	Global Repositories	Woody Plants (Charcoal)	Tree/Shrub	Chronometric Only
present datasets	25.04.2025		R-1010	6675	70		Yumuktepe	settlement	phase XXIV (LN), elevation 4 m; from terrace, loc F2.A71.2p; XXV			charcoal		Mersin	Turkey	36.8014	34.6039	Brami and Zanotti 2015; TAY Project	Global Repositories	Woody Plants (Charcoal)	Tree/Shrub	Chronometric Only
present datasets	25.04.2025		R-809	6980	80		Yumuktepe	settlement	phase XXV (LN), associated with large stone walls level; elevation 8.5 m, loc NA.A'.1b; XXV; associated with large stone walls Level; elevation 8.5 m, loc. NA.A´.1b			charcoal		Mersin	Turkey	36.8014	34.6039	Caneva 1999; Brami and Zanotti 2015; CalPal; Flohr et al. 2016	Global Repositories	Woody Plants (Charcoal)	Tree/Shrub	Chronometric Only
present datasets	25.04.2025		R-1345	7010	75		Yumuktepe	settlement	Phase: XXV-XXIV;elevation 9 m, loc GF6.A46; phase XXIII-XXII (LN), elevation 9 m, loc GF6.A46; XXIII-XXII, elevation 9 m; XXIII-XXII, elevation 9 m; XXIV			charcoal		Mersin	Turkey	36.8014	34.6039	Thissen 2002; Brami and Zanotti 2015; Altinbilek-Algül 2011; Flohr et al. 2016; Reingruber and Thissen 2016; TAY Project	Global Repositories	Woody Plants (Charcoal)	Tree/Shrub	Chronometric Only
present datasets	25.04.2025		R-806	7030	90		Yumuktepe	settlement	phase XXV (LN), elevation 8.5 m, loc EBA4.1a.A41; XXV; elevation 8.5 m, loc EBA4.1a1; XXV			charcoal		Mersin	Turkey	36.8014	34.6039	Caneva 1999; Brami and Zanotti 2015; CalPal; Flohr et al. 2016	Global Repositories	Woody Plants (Charcoal)	Tree/Shrub	Chronometric Only
present datasets	25.04.2025		R-7090	7090	70		Yumuktepe	settlement	multi-room Building; at elev. 8 m, loc EBA6.A10; XXVI; multi-room Building; at elev. 8 m, loc EBA6.A10			charcoal		Mersin	Turkey	36.8014	34.6039	Caneva 1999; CalPal; Flohr et al. 2016	Global Repositories	Woody Plants (Charcoal)	Tree/Shrub	Chronometric Only
present datasets	25.04.2025		R-956	7090	70		Yumuktepe	settlement	phase XXVII-XXVI (MN), multi-room building, at elev. 8m, loc EBA6.A10; XXVI-XXVII, elevation 8m; Multi-room building, same building as R-808; loc EBA6.10; XXVI ?			charcoal		Mersin	Turkey	36.8014	34.6039	Caneva 1999; Brami and Zanotti 2015; CalPal; Flohr et al. 2016	Global Repositories	Woody Plants (Charcoal)	Tree/Shrub	Chronometric Only
present datasets	25.04.2025		R-957	7100	70		Yumuktepe	settlement	phase XXVII-XXVI (MN), multi-room building, at elev. 8m, loc EBA6.1m; XXVI-XXVII, elevation 8m; multi-room Building; loc EBA6.1m; XXVI ?			charcoal		Mersin	Turkey	36.8014	34.6039	Caneva 1999; Brami and Zanotti 2015; CalPal; Flohr et al. 2016	Global Repositories	Woody Plants (Charcoal)	Tree/Shrub	Chronometric Only
present datasets	25.04.2025		R-807	7160	80		Yumuktepe	settlement	phase XXVII-XXVI (MN), multi-room building, at elev. 8m, loc EBA1.A20; XXVI-XXVII, elevation 8m; multi-room Building; loc EBA1.A20; XXVI ?			charcoal		Mersin	Turkey	36.8014	34.6039	Caneva 1999; Brami and Zanotti 2015; CalPal; Flohr et al. 2016	Global Repositories	Woody Plants (Charcoal)	Tree/Shrub	Chronometric Only
present datasets	25.04.2025		R-1226	7280	70		Yumuktepe	settlement	Phase: XXVI-XXVII;elevation 8 m, loc A25.1b; phase XXVIII (MN), elevation 8 m, loc A25.Ib; XXVIII, elevation 8 m; Room A25, loc A25.1b; XXVI ?			charcoal		Mersin	Turkey	36.8014	34.6039	Thissen 2002; Brami and Zanotti 2015; Altinbilek-Algül 2011; Flohr et al. 2016; Reingruber and Thissen 2016; TAY Project	Global Repositories	Woody Plants (Charcoal)	Tree/Shrub	Chronometric Only
present datasets	25.04.2025		LTL-1802A	7301	75		Yumuktepe	settlement	Phase 4. subphase, F3 liv. 9					Mersin	Turkey	36.8014	34.6039	Altinbilek-Algül 2011; Brami 2014; Brami and Zanotti 2015; CalPal	Global Repositories	Indeterminate/Other	Indeterminate	Chronometric Only
present datasets	25.04.2025		R-808	7380	80		Yumuktepe	settlement	phase XXVII-XXVI (MN), multi-room building, at elev. 8m, loc NA.2a.A36; XXVI-XXVII, elevation 8m; multi-room Building; loc NA.2aA36; XXVI ?			charcoal		Mersin	Turkey	36.8014	34.6039	Caneva 1999; Brami and Zanotti 2015; CalPal; Flohr et al. 2016	Global Repositories	Woody Plants (Charcoal)	Tree/Shrub	Chronometric Only
present datasets	25.04.2025		LTL-3977A	7405	55		Yumuktepe	settlement	Phase 3. subphase, F3 A 201					Mersin	Turkey	36.8014	34.6039	Altinbilek-Algül 2011; Brami 2014; Brami and Zanotti 2015	Global Repositories	Indeterminate/Other	Indeterminate	Chronometric Only
present datasets	25.04.2025		LTL-3979A	7405	45		Yumuktepe	settlement	Phase 3. subphase, F3 4c					Mersin	Turkey	36.8014	34.6039	Altinbilek-Algül 2011; Brami 2014; Brami and Zanotti 2015	Global Repositories	Indeterminate/Other	Indeterminate	Chronometric Only
present datasets	25.04.2025		LTL-4634A	7453	55		Yumuktepe	settlement	Phase 3. subphase, F3 A203					Mersin	Turkey	36.8014	34.6039	Altinbilek-Algül 2011; Brami 2014; Brami and Zanotti 2015	Global Repositories	Indeterminate/Other	Indeterminate	Chronometric Only
present datasets	25.04.2025		LTL-4633A	7477	55		Yumuktepe	settlement	Phase 3. subphase, F3 4e					Mersin	Turkey	36.8014	34.6039	Altinbilek-Algül 2011; Brami 2014; Brami and Zanotti 2015	Global Repositories	Indeterminate/Other	Indeterminate	Chronometric Only
present datasets	25.04.2025		LTL-3978A	7493	55		Yumuktepe	settlement	Phase 3. subphase, F3 A 201					Mersin	Turkey	36.8014	34.6039	Altinbilek-Algül 2011; Brami 2014; Brami and Zanotti 2015	Global Repositories	Indeterminate/Other	Indeterminate	Chronometric Only
present datasets	25.04.2025		R-1011	7545	75		Yumuktepe	settlement	phase XXVIII (EN), elevation 4m, loc F2.3b; F2 3cb; XXX-XXVIII, elevation 4m; loc F2.3b			charcoal		Mersin	Turkey	36.8014	34.6039	Brami and Zanotti 2015; Flohr et al. 2016	Global Repositories	Woody Plants (Charcoal)	Tree/Shrub	Chronometric Only
present datasets	25.04.2025		R-1343	7640	80		Yumuktepe	settlement	Phase: XXX-XXIX;elevation 4 m, loc F2.3c; phase XXIX (EN), elevation 4 m, loc F2.3c; F2 3c; XXX/XXIX, elevation 4 m; loc F2.3c; XXX ?			charcoal		Mersin	Turkey	36.8014	34.6039	Thissen 2002; Brami and Zanotti 2015; Altinbilek-Algül 2011; Flohr et al. 2016; Reingruber and Thissen 2016; TAY Project	Global Repositories	Woody Plants (Charcoal)	Tree/Shrub	Chronometric Only
present datasets	25.04.2025		R-1344	7750	80		Yumuktepe	settlement	Phase: XXX-XXIX;elevation 4 m, loc F2.3c; phase XXIX (EN), lenses at elevation 4 m, loc F2.3c; F2 3c; XXX/XXIX, elevation 4 m; loc F2.3c; XXX ?			charcoal		Mersin	Turkey	36.8014	34.6039	Thissen 2002; Brami and Zanotti 2015; Altinbilek-Algül 2011; Flohr et al. 2016; Reingruber and Thissen 2016; TAY Project	Global Repositories	Woody Plants (Charcoal)	Tree/Shrub	Chronometric Only
present datasets	25.04.2025		R-734	7790	80		Yumuktepe	settlement	phase XXXII (EN), elevation: 4 m, loc SA.5; XXX?; elevation 4 m, loc SA.5; XXX ?			charcoal		Mersin	Turkey	36.8014	34.6039	Caneva 1999; Brami and Zanotti 2015; CalPal; Flohr et al. 2016	Global Repositories	Woody Plants (Charcoal)	Tree/Shrub	Chronometric Only
present datasets	25.04.2025		R-467	7920	90		Yumuktepe	settlement	phase XXXIII (EN), elevation: 0 m; base of new trench, adjacent to Garstang's trench A, loc WA 4a; WA4a; XXXIII; elevation 0 m; base of new Trench, adjacent to Garstang´s Trench A, loc WA4a			charcoal		Mersin	Turkey	36.8014	34.6039	Caneva 1999; Brami and Zanotti 2015; CalPal; Flohr et al. 2016	Global Repositories	Woody Plants (Charcoal)	Tree/Shrub	Chronometric Only
