shortref	directlink	longref
Lazaridis et al., 2022	https://www.science.org/doi/10.1126/science.abm4247	Lazaridis, Iosif, et al. "The Genetic History of the Southern Arc: A Bridge Between West Asia and Europe." Science, vol. 377, no. 6609, 2022, p. eabm4247.
Lazaridis et al., 2022	https://www.science.org/doi/10.1126/science.abm4247	Lazaridis, Iosif, et al. "The Genetic History of the Southern Arc: A Bridge Between West Asia and Europe." Science, vol. 377, no. 6609, 2022, p. eabm4247.
Lazaridis et al., 2022	https://www.science.org/doi/10.1126/science.abm4247	Lazaridis, Iosif, et al. "The Genetic History of the Southern Arc: A Bridge Between West Asia and Europe." Science, vol. 377, no. 6609, 2022, p. eabm4247.
Marchi et al., 2022	https://www.sciencedirect.com/science/article/pii/S009286742200455X	Marchi, Nina, et al. "The Genomic Origins of the World’s First Farmers." Cell, vol. 185, no. 11, 2022, pp. 1842-59.
Skourtanioti et al., 2020	https://www.sciencedirect.com/science/article/pii/S0092867420305092	Skourtanioti, Eirini, et al. "Genomic History of Neolithic to Bronze Age Anatolia, Northern Levant, and Southern Caucasus." Cell, vol. 181, no. 5, 2020, pp. 1158-75.
Skourtanioti et al., 2020	https://www.sciencedirect.com/science/article/pii/S0092867420305092	Skourtanioti, Eirini, et al. "Genomic History of Neolithic to Bronze Age Anatolia, Northern Levant, and Southern Caucasus." Cell, vol. 181, no. 5, 2020, pp. 1158-75.
Skourtanioti et al., 2020	https://www.sciencedirect.com/science/article/pii/S0092867420305092	Skourtanioti, Eirini, et al. "Genomic History of Neolithic to Bronze Age Anatolia, Northern Levant, and Southern Caucasus." Cell, vol. 181, no. 5, 2020, pp. 1158-75.
Skourtanioti et al., 2020	https://www.sciencedirect.com/science/article/pii/S0092867420305092	Skourtanioti, Eirini, et al. "Genomic History of Neolithic to Bronze Age Anatolia, Northern Levant, and Southern Caucasus." Cell, vol. 181, no. 5, 2020, pp. 1158-75.
Skourtanioti et al., 2020	https://www.sciencedirect.com/science/article/pii/S0092867420305092	Skourtanioti, Eirini, et al. "Genomic History of Neolithic to Bronze Age Anatolia, Northern Levant, and Southern Caucasus." Cell, vol. 181, no. 5, 2020, pp. 1158-75.
Skourtanioti et al., 2020	https://www.sciencedirect.com/science/article/pii/S0092867420305092	Skourtanioti, Eirini, et al. "Genomic History of Neolithic to Bronze Age Anatolia, Northern Levant, and Southern Caucasus." Cell, vol. 181, no. 5, 2020, pp. 1158-75.
Skourtanioti et al., 2020	https://www.sciencedirect.com/science/article/pii/S0092867420305092	Skourtanioti, Eirini, et al. "Genomic History of Neolithic to Bronze Age Anatolia, Northern Levant, and Southern Caucasus." Cell, vol. 181, no. 5, 2020, pp. 1158-75.
Skourtanioti et al., 2020	https://www.sciencedirect.com/science/article/pii/S0092867420305092	Skourtanioti, Eirini, et al. "Genomic History of Neolithic to Bronze Age Anatolia, Northern Levant, and Southern Caucasus." Cell, vol. 181, no. 5, 2020, pp. 1158-75.
Skourtanioti et al., 2020	https://www.sciencedirect.com/science/article/pii/S0092867420305092	Skourtanioti, Eirini, et al. "Genomic History of Neolithic to Bronze Age Anatolia, Northern Levant, and Southern Caucasus." Cell, vol. 181, no. 5, 2020, pp. 1158-75.
Skourtanioti et al., 2020	https://www.sciencedirect.com/science/article/pii/S0092867420305092	Skourtanioti, Eirini, et al. "Genomic History of Neolithic to Bronze Age Anatolia, Northern Levant, and Southern Caucasus." Cell, vol. 181, no. 5, 2020, pp. 1158-75.
Skourtanioti et al., 2020	https://www.sciencedirect.com/science/article/pii/S0092867420305092	Skourtanioti, Eirini, et al. "Genomic History of Neolithic to Bronze Age Anatolia, Northern Levant, and Southern Caucasus." Cell, vol. 181, no. 5, 2020, pp. 1158-75.
Skourtanioti et al., 2020	https://www.sciencedirect.com/science/article/pii/S0092867420305092	Skourtanioti, Eirini, et al. "Genomic History of Neolithic to Bronze Age Anatolia, Northern Levant, and Southern Caucasus." Cell, vol. 181, no. 5, 2020, pp. 1158-75.
Skourtanioti et al., 2020	https://www.sciencedirect.com/science/article/pii/S0092867420305092	Skourtanioti, Eirini, et al. "Genomic History of Neolithic to Bronze Age Anatolia, Northern Levant, and Southern Caucasus." Cell, vol. 181, no. 5, 2020, pp. 1158-75.
Skourtanioti et al., 2020	https://www.sciencedirect.com/science/article/pii/S0092867420305092	Skourtanioti, Eirini, et al. "Genomic History of Neolithic to Bronze Age Anatolia, Northern Levant, and Southern Caucasus." Cell, vol. 181, no. 5, 2020, pp. 1158-75.
Skourtanioti et al., 2020	https://www.sciencedirect.com/science/article/pii/S0092867420305092	Skourtanioti, Eirini, et al. "Genomic History of Neolithic to Bronze Age Anatolia, Northern Levant, and Southern Caucasus." Cell, vol. 181, no. 5, 2020, pp. 1158-75.
Skourtanioti et al., 2020	https://www.sciencedirect.com/science/article/pii/S0092867420305092	Skourtanioti, Eirini, et al. "Genomic History of Neolithic to Bronze Age Anatolia, Northern Levant, and Southern Caucasus." Cell, vol. 181, no. 5, 2020, pp. 1158-75.
Skourtanioti et al., 2020	https://www.sciencedirect.com/science/article/pii/S0092867420305092	Skourtanioti, Eirini, et al. "Genomic History of Neolithic to Bronze Age Anatolia, Northern Levant, and Southern Caucasus." Cell, vol. 181, no. 5, 2020, pp. 1158-75.
Skourtanioti et al., 2020	https://www.sciencedirect.com/science/article/pii/S0092867420305092	Skourtanioti, Eirini, et al. "Genomic History of Neolithic to Bronze Age Anatolia, Northern Levant, and Southern Caucasus." Cell, vol. 181, no. 5, 2020, pp. 1158-75.
Skourtanioti et al., 2020	https://www.sciencedirect.com/science/article/pii/S0092867420305092	Skourtanioti, Eirini, et al. "Genomic History of Neolithic to Bronze Age Anatolia, Northern Levant, and Southern Caucasus." Cell, vol. 181, no. 5, 2020, pp. 1158-75.
Skourtanioti et al., 2020	https://www.sciencedirect.com/science/article/pii/S0092867420305092	Skourtanioti, Eirini, et al. "Genomic History of Neolithic to Bronze Age Anatolia, Northern Levant, and Southern Caucasus." Cell, vol. 181, no. 5, 2020, pp. 1158-75.
Skourtanioti et al., 2020	https://www.sciencedirect.com/science/article/pii/S0092867420305092	Skourtanioti, Eirini, et al. "Genomic History of Neolithic to Bronze Age Anatolia, Northern Levant, and Southern Caucasus." Cell, vol. 181, no. 5, 2020, pp. 1158-75.
Skourtanioti et al., 2020	https://www.sciencedirect.com/science/article/pii/S0092867420305092	Skourtanioti, Eirini, et al. "Genomic History of Neolithic to Bronze Age Anatolia, Northern Levant, and Southern Caucasus." Cell, vol. 181, no. 5, 2020, pp. 1158-75.
Skourtanioti et al., 2020	https://www.sciencedirect.com/science/article/pii/S0092867420305092	Skourtanioti, Eirini, et al. "Genomic History of Neolithic to Bronze Age Anatolia, Northern Levant, and Southern Caucasus." Cell, vol. 181, no. 5, 2020, pp. 1158-75.
Skourtanioti et al., 2020	https://www.sciencedirect.com/science/article/pii/S0092867420305092	Skourtanioti, Eirini, et al. "Genomic History of Neolithic to Bronze Age Anatolia, Northern Levant, and Southern Caucasus." Cell, vol. 181, no. 5, 2020, pp. 1158-75.
Skourtanioti et al., 2020	https://www.sciencedirect.com/science/article/pii/S0092867420305092	Skourtanioti, Eirini, et al. "Genomic History of Neolithic to Bronze Age Anatolia, Northern Levant, and Southern Caucasus." Cell, vol. 181, no. 5, 2020, pp. 1158-75.
Skourtanioti et al., 2020	https://www.sciencedirect.com/science/article/pii/S0092867420305092	Skourtanioti, Eirini, et al. "Genomic History of Neolithic to Bronze Age Anatolia, Northern Levant, and Southern Caucasus." Cell, vol. 181, no. 5, 2020, pp. 1158-75.
Skourtanioti et al., 2020	https://www.sciencedirect.com/science/article/pii/S0092867420305092	Skourtanioti, Eirini, et al. "Genomic History of Neolithic to Bronze Age Anatolia, Northern Levant, and Southern Caucasus." Cell, vol. 181, no. 5, 2020, pp. 1158-75.
Skourtanioti et al., 2020	https://www.sciencedirect.com/science/article/pii/S0092867420305092	Skourtanioti, Eirini, et al. "Genomic History of Neolithic to Bronze Age Anatolia, Northern Levant, and Southern Caucasus." Cell, vol. 181, no. 5, 2020, pp. 1158-75.
Skourtanioti et al., 2020	https://www.sciencedirect.com/science/article/pii/S0092867420305092	Skourtanioti, Eirini, et al. "Genomic History of Neolithic to Bronze Age Anatolia, Northern Levant, and Southern Caucasus." Cell, vol. 181, no. 5, 2020, pp. 1158-75.
Skourtanioti et al., 2020	https://www.sciencedirect.com/science/article/pii/S0092867420305092	Skourtanioti, Eirini, et al. "Genomic History of Neolithic to Bronze Age Anatolia, Northern Levant, and Southern Caucasus." Cell, vol. 181, no. 5, 2020, pp. 1158-75.
Skourtanioti et al., 2020	https://www.sciencedirect.com/science/article/pii/S0092867420305092	Skourtanioti, Eirini, et al. "Genomic History of Neolithic to Bronze Age Anatolia, Northern Levant, and Southern Caucasus." Cell, vol. 181, no. 5, 2020, pp. 1158-75.
Skourtanioti et al., 2020	https://www.sciencedirect.com/science/article/pii/S0092867420305092	Skourtanioti, Eirini, et al. "Genomic History of Neolithic to Bronze Age Anatolia, Northern Levant, and Southern Caucasus." Cell, vol. 181, no. 5, 2020, pp. 1158-75.
Skourtanioti et al., 2020	https://www.sciencedirect.com/science/article/pii/S0092867420305092	Skourtanioti, Eirini, et al. "Genomic History of Neolithic to Bronze Age Anatolia, Northern Levant, and Southern Caucasus." Cell, vol. 181, no. 5, 2020, pp. 1158-75.
Skourtanioti et al., 2020	https://www.sciencedirect.com/science/article/pii/S0092867420305092	Skourtanioti, Eirini, et al. "Genomic History of Neolithic to Bronze Age Anatolia, Northern Levant, and Southern Caucasus." Cell, vol. 181, no. 5, 2020, pp. 1158-75.
Skourtanioti et al., 2020	https://www.sciencedirect.com/science/article/pii/S0092867420305092	Skourtanioti, Eirini, et al. "Genomic History of Neolithic to Bronze Age Anatolia, Northern Levant, and Southern Caucasus." Cell, vol. 181, no. 5, 2020, pp. 1158-75.
Skourtanioti et al., 2020	https://www.sciencedirect.com/science/article/pii/S0092867420305092	Skourtanioti, Eirini, et al. "Genomic History of Neolithic to Bronze Age Anatolia, Northern Levant, and Southern Caucasus." Cell, vol. 181, no. 5, 2020, pp. 1158-75.
Skourtanioti et al., 2020	https://www.sciencedirect.com/science/article/pii/S0092867420305092	Skourtanioti, Eirini, et al. "Genomic History of Neolithic to Bronze Age Anatolia, Northern Levant, and Southern Caucasus." Cell, vol. 181, no. 5, 2020, pp. 1158-75.
Skourtanioti et al., 2020	https://www.sciencedirect.com/science/article/pii/S0092867420305092	Skourtanioti, Eirini, et al. "Genomic History of Neolithic to Bronze Age Anatolia, Northern Levant, and Southern Caucasus." Cell, vol. 181, no. 5, 2020, pp. 1158-75.
Skourtanioti et al., 2020	https://www.sciencedirect.com/science/article/pii/S0092867420305092	Skourtanioti, Eirini, et al. "Genomic History of Neolithic to Bronze Age Anatolia, Northern Levant, and Southern Caucasus." Cell, vol. 181, no. 5, 2020, pp. 1158-75.
Skourtanioti et al., 2020	https://www.sciencedirect.com/science/article/pii/S0092867420305092	Skourtanioti, Eirini, et al. "Genomic History of Neolithic to Bronze Age Anatolia, Northern Levant, and Southern Caucasus." Cell, vol. 181, no. 5, 2020, pp. 1158-75.
Skourtanioti et al., 2020	https://www.sciencedirect.com/science/article/pii/S0092867420305092	Skourtanioti, Eirini, et al. "Genomic History of Neolithic to Bronze Age Anatolia, Northern Levant, and Southern Caucasus." Cell, vol. 181, no. 5, 2020, pp. 1158-75.
Skourtanioti et al., 2020	https://www.sciencedirect.com/science/article/pii/S0092867420305092	Skourtanioti, Eirini, et al. "Genomic History of Neolithic to Bronze Age Anatolia, Northern Levant, and Southern Caucasus." Cell, vol. 181, no. 5, 2020, pp. 1158-75.
Skourtanioti et al., 2020	https://www.sciencedirect.com/science/article/pii/S0092867420305092	Skourtanioti, Eirini, et al. "Genomic History of Neolithic to Bronze Age Anatolia, Northern Levant, and Southern Caucasus." Cell, vol. 181, no. 5, 2020, pp. 1158-75.
Skourtanioti et al., 2020	https://www.sciencedirect.com/science/article/pii/S0092867420305092	Skourtanioti, Eirini, et al. "Genomic History of Neolithic to Bronze Age Anatolia, Northern Levant, and Southern Caucasus." Cell, vol. 181, no. 5, 2020, pp. 1158-75.
Skourtanioti et al., 2020	https://www.sciencedirect.com/science/article/pii/S0092867420305092	Skourtanioti, Eirini, et al. "Genomic History of Neolithic to Bronze Age Anatolia, Northern Levant, and Southern Caucasus." Cell, vol. 181, no. 5, 2020, pp. 1158-75.
Skourtanioti et al., 2020	https://www.sciencedirect.com/science/article/pii/S0092867420305092	Skourtanioti, Eirini, et al. "Genomic History of Neolithic to Bronze Age Anatolia, Northern Levant, and Southern Caucasus." Cell, vol. 181, no. 5, 2020, pp. 1158-75.
Skourtanioti et al., 2020	https://www.sciencedirect.com/science/article/pii/S0092867420305092	Skourtanioti, Eirini, et al. "Genomic History of Neolithic to Bronze Age Anatolia, Northern Levant, and Southern Caucasus." Cell, vol. 181, no. 5, 2020, pp. 1158-75.
Skourtanioti et al., 2020	https://www.sciencedirect.com/science/article/pii/S0092867420305092	Skourtanioti, Eirini, et al. "Genomic History of Neolithic to Bronze Age Anatolia, Northern Levant, and Southern Caucasus." Cell, vol. 181, no. 5, 2020, pp. 1158-75.
Skourtanioti et al., 2020	https://www.sciencedirect.com/science/article/pii/S0092867420305092	Skourtanioti, Eirini, et al. "Genomic History of Neolithic to Bronze Age Anatolia, Northern Levant, and Southern Caucasus." Cell, vol. 181, no. 5, 2020, pp. 1158-75.
Lazaridis et al., 2022	https://www.science.org/doi/10.1126/science.abm4247	Lazaridis, Iosif, et al. "The Genetic History of the Southern Arc: A Bridge Between West Asia and Europe." Science, vol. 377, no. 6609, 2022, p. eabm4247.
Mathieson et al., 2015	https://www.nature.com/articles/nature16152	Mathieson, Iain, et al. "Genome-Wide Patterns of Selection in 230 Ancient Eurasians." Nature, vol. 528, no. 7583, 2015, pp. 499-503.
Mathieson et al., 2015	https://www.nature.com/articles/nature16152	Mathieson, Iain, et al. "Genome-Wide Patterns of Selection in 230 Ancient Eurasians." Nature, vol. 528, no. 7583, 2015, pp. 499-503.
Hofmanova et al., 2016	https://www.pnas.org/doi/10.1073/pnas.1523951113	Hofmanová, Zuzana, et al. "Early Farmers from Across Europe Directly Descended from Neolithic Aegeans." Proceedings of the National Academy of Sciences, vol. 113, no. 25, 2016, pp. 6886-91.
Mathieson et al., 2015	https://www.nature.com/articles/nature16152	Mathieson, Iain, et al. "Genome-Wide Patterns of Selection in 230 Ancient Eurasians." Nature, vol. 528, no. 7583, 2015, pp. 499-503.
Mathieson et al., 2015	https://www.nature.com/articles/nature16152	Mathieson, Iain, et al. "Genome-Wide Patterns of Selection in 230 Ancient Eurasians." Nature, vol. 528, no. 7583, 2015, pp. 499-503.
Mathieson et al., 2015	https://www.nature.com/articles/nature16152	Mathieson, Iain, et al. "Genome-Wide Patterns of Selection in 230 Ancient Eurasians." Nature, vol. 528, no. 7583, 2015, pp. 499-503.
Mathieson et al., 2015	https://www.nature.com/articles/nature16152	Mathieson, Iain, et al. "Genome-Wide Patterns of Selection in 230 Ancient Eurasians." Nature, vol. 528, no. 7583, 2015, pp. 499-503.
Mathieson et al., 2015	https://www.nature.com/articles/nature16152	Mathieson, Iain, et al. "Genome-Wide Patterns of Selection in 230 Ancient Eurasians." Nature, vol. 528, no. 7583, 2015, pp. 499-503.
Mathieson et al., 2015	https://www.nature.com/articles/nature16152	Mathieson, Iain, et al. "Genome-Wide Patterns of Selection in 230 Ancient Eurasians." Nature, vol. 528, no. 7583, 2015, pp. 499-503.
Mathieson et al., 2015	https://www.nature.com/articles/nature16152	Mathieson, Iain, et al. "Genome-Wide Patterns of Selection in 230 Ancient Eurasians." Nature, vol. 528, no. 7583, 2015, pp. 499-503.
Mathieson et al., 2015	https://www.nature.com/articles/nature16152	Mathieson, Iain, et al. "Genome-Wide Patterns of Selection in 230 Ancient Eurasians." Nature, vol. 528, no. 7583, 2015, pp. 499-503.
Mathieson et al., 2015	https://www.nature.com/articles/nature16152	Mathieson, Iain, et al. "Genome-Wide Patterns of Selection in 230 Ancient Eurasians." Nature, vol. 528, no. 7583, 2015, pp. 499-503.
Hofmanova et al., 2016	https://www.pnas.org/doi/10.1073/pnas.1523951113	Hofmanová, Zuzana, et al. "Early Farmers from Across Europe Directly Descended from Neolithic Aegeans." Proceedings of the National Academy of Sciences, vol. 113, no. 25, 2016, pp. 6886-91.
Mathieson et al., 2015	https://www.nature.com/articles/nature16152	Mathieson, Iain, et al. "Genome-Wide Patterns of Selection in 230 Ancient Eurasians." Nature, vol. 528, no. 7583, 2015, pp. 499-503.
Mathieson et al., 2015	https://www.nature.com/articles/nature16152	Mathieson, Iain, et al. "Genome-Wide Patterns of Selection in 230 Ancient Eurasians." Nature, vol. 528, no. 7583, 2015, pp. 499-503.
Mathieson et al., 2015	https://www.nature.com/articles/nature16152	Mathieson, Iain, et al. "Genome-Wide Patterns of Selection in 230 Ancient Eurasians." Nature, vol. 528, no. 7583, 2015, pp. 499-503.
Marchi et al., 2022	https://www.sciencedirect.com/science/article/pii/S009286742200455X	Marchi, Nina, et al. "The Genomic Origins of the World’s First Farmers." Cell, vol. 185, no. 11, 2022, pp. 1842-59.
Lazaridis et al., 2022	https://www.science.org/doi/10.1126/science.abm4247	Lazaridis, Iosif, et al. "The Genetic History of the Southern Arc: A Bridge Between West Asia and Europe." Science, vol. 377, no. 6609, 2022, p. eabm4247.
Skourtanioti et al., 2020	https://www.sciencedirect.com/science/article/pii/S0092867420305092	Skourtanioti, Eirini, et al. "Genomic History of Neolithic to Bronze Age Anatolia, Northern Levant, and Southern Caucasus." Cell, vol. 181, no. 5, 2020, pp. 1158-75.
Skourtanioti et al., 2020	https://www.sciencedirect.com/science/article/pii/S0092867420305092	Skourtanioti, Eirini, et al. "Genomic History of Neolithic to Bronze Age Anatolia, Northern Levant, and Southern Caucasus." Cell, vol. 181, no. 5, 2020, pp. 1158-75.
Skourtanioti et al., 2020	https://www.sciencedirect.com/science/article/pii/S0092867420305092	Skourtanioti, Eirini, et al. "Genomic History of Neolithic to Bronze Age Anatolia, Northern Levant, and Southern Caucasus." Cell, vol. 181, no. 5, 2020, pp. 1158-75.
Skourtanioti et al., 2020	https://www.sciencedirect.com/science/article/pii/S0092867420305092	Skourtanioti, Eirini, et al. "Genomic History of Neolithic to Bronze Age Anatolia, Northern Levant, and Southern Caucasus." Cell, vol. 181, no. 5, 2020, pp. 1158-75.
Skourtanioti et al., 2020	https://www.sciencedirect.com/science/article/pii/S0092867420305092	Skourtanioti, Eirini, et al. "Genomic History of Neolithic to Bronze Age Anatolia, Northern Levant, and Southern Caucasus." Cell, vol. 181, no. 5, 2020, pp. 1158-75.
Skourtanioti et al., 2020	https://www.sciencedirect.com/science/article/pii/S0092867420305092	Skourtanioti, Eirini, et al. "Genomic History of Neolithic to Bronze Age Anatolia, Northern Levant, and Southern Caucasus." Cell, vol. 181, no. 5, 2020, pp. 1158-75.
Skourtanioti et al., 2020	https://www.sciencedirect.com/science/article/pii/S0092867420305092	Skourtanioti, Eirini, et al. "Genomic History of Neolithic to Bronze Age Anatolia, Northern Levant, and Southern Caucasus." Cell, vol. 181, no. 5, 2020, pp. 1158-75.
Skourtanioti et al., 2020	https://www.sciencedirect.com/science/article/pii/S0092867420305092	Skourtanioti, Eirini, et al. "Genomic History of Neolithic to Bronze Age Anatolia, Northern Levant, and Southern Caucasus." Cell, vol. 181, no. 5, 2020, pp. 1158-75.
Lazaridis et al., 2022	https://www.science.org/doi/10.1126/science.abm4247	Lazaridis, Iosif, et al. "The Genetic History of the Southern Arc: A Bridge Between West Asia and Europe." Science, vol. 377, no. 6609, 2022, p. eabm4247.
Lazaridis et al., 2022	https://www.science.org/doi/10.1126/science.abm4247	Lazaridis, Iosif, et al. "The Genetic History of the Southern Arc: A Bridge Between West Asia and Europe." Science, vol. 377, no. 6609, 2022, p. eabm4247.
Lazaridis et al., 2022	https://www.science.org/doi/10.1126/science.abm4247	Lazaridis, Iosif, et al. "The Genetic History of the Southern Arc: A Bridge Between West Asia and Europe." Science, vol. 377, no. 6609, 2022, p. eabm4247.
Lazaridis et al., 2022	https://www.science.org/doi/10.1126/science.abm4247	Lazaridis, Iosif, et al. "The Genetic History of the Southern Arc: A Bridge Between West Asia and Europe." Science, vol. 377, no. 6609, 2022, p. eabm4247.
Lazaridis et al., 2022	https://www.science.org/doi/10.1126/science.abm4247	Lazaridis, Iosif, et al. "The Genetic History of the Southern Arc: A Bridge Between West Asia and Europe." Science, vol. 377, no. 6609, 2022, p. eabm4247.
Lazaridis et al., 2022	https://www.science.org/doi/10.1126/science.abm4247	Lazaridis, Iosif, et al. "The Genetic History of the Southern Arc: A Bridge Between West Asia and Europe." Science, vol. 377, no. 6609, 2022, p. eabm4247.
Lazaridis et al., 2022	https://www.science.org/doi/10.1126/science.abm4247	Lazaridis, Iosif, et al. "The Genetic History of the Southern Arc: A Bridge Between West Asia and Europe." Science, vol. 377, no. 6609, 2022, p. eabm4247.
Lazaridis et al., 2022	https://www.science.org/doi/10.1126/science.abm4247	Lazaridis, Iosif, et al. "The Genetic History of the Southern Arc: A Bridge Between West Asia and Europe." Science, vol. 377, no. 6609, 2022, p. eabm4247.
Lazaridis et al., 2022	https://www.science.org/doi/10.1126/science.abm4247	Lazaridis, Iosif, et al. "The Genetic History of the Southern Arc: A Bridge Between West Asia and Europe." Science, vol. 377, no. 6609, 2022, p. eabm4247.
Lazaridis et al., 2022	https://www.science.org/doi/10.1126/science.abm4247	Lazaridis, Iosif, et al. "The Genetic History of the Southern Arc: A Bridge Between West Asia and Europe." Science, vol. 377, no. 6609, 2022, p. eabm4247.
Lazaridis et al., 2022	https://www.science.org/doi/10.1126/science.abm4247	Lazaridis, Iosif, et al. "The Genetic History of the Southern Arc: A Bridge Between West Asia and Europe." Science, vol. 377, no. 6609, 2022, p. eabm4247.
Lazaridis et al., 2022	https://www.science.org/doi/10.1126/science.abm4247	Lazaridis, Iosif, et al. "The Genetic History of the Southern Arc: A Bridge Between West Asia and Europe." Science, vol. 377, no. 6609, 2022, p. eabm4247.
Lazaridis et al., 2022	https://www.science.org/doi/10.1126/science.abm4247	Lazaridis, Iosif, et al. "The Genetic History of the Southern Arc: A Bridge Between West Asia and Europe." Science, vol. 377, no. 6609, 2022, p. eabm4247.
Lazaridis et al., 2022	https://www.science.org/doi/10.1126/science.abm4247	Lazaridis, Iosif, et al. "The Genetic History of the Southern Arc: A Bridge Between West Asia and Europe." Science, vol. 377, no. 6609, 2022, p. eabm4247.
Lazaridis et al., 2022	https://www.science.org/doi/10.1126/science.abm4247	Lazaridis, Iosif, et al. "The Genetic History of the Southern Arc: A Bridge Between West Asia and Europe." Science, vol. 377, no. 6609, 2022, p. eabm4247.
Lazaridis et al., 2022	https://www.science.org/doi/10.1126/science.abm4247	Lazaridis, Iosif, et al. "The Genetic History of the Southern Arc: A Bridge Between West Asia and Europe." Science, vol. 377, no. 6609, 2022, p. eabm4247.
Lazaridis et al., 2022	https://www.science.org/doi/10.1126/science.abm4247	Lazaridis, Iosif, et al. "The Genetic History of the Southern Arc: A Bridge Between West Asia and Europe." Science, vol. 377, no. 6609, 2022, p. eabm4247.
Lazaridis et al., 2022	https://www.science.org/doi/10.1126/science.abm4247	Lazaridis, Iosif, et al. "The Genetic History of the Southern Arc: A Bridge Between West Asia and Europe." Science, vol. 377, no. 6609, 2022, p. eabm4247.
Lazaridis et al., 2022	https://www.science.org/doi/10.1126/science.abm4247	Lazaridis, Iosif, et al. "The Genetic History of the Southern Arc: A Bridge Between West Asia and Europe." Science, vol. 377, no. 6609, 2022, p. eabm4247.
Weber et al., 2025	https://www.nature.com/articles/s41598-024-83870-x	Weber, Gerhard W., et al. "The Cranium from the Octagon in Ephesos." Scientific Reports, vol. 15, no. 1, 2025, p. 943.
Lazaridis et al., 2022	https://www.science.org/doi/10.1126/science.abm4247	Lazaridis, Iosif, et al. "The Genetic History of the Southern Arc: A Bridge Between West Asia and Europe." Science, vol. 377, no. 6609, 2022, p. eabm4247.
Lazaridis et al., 2022	https://www.science.org/doi/10.1126/science.abm4247	Lazaridis, Iosif, et al. "The Genetic History of the Southern Arc: A Bridge Between West Asia and Europe." Science, vol. 377, no. 6609, 2022, p. eabm4247.
Lazaridis et al., 2022	https://www.science.org/doi/10.1126/science.abm4247	Lazaridis, Iosif, et al. "The Genetic History of the Southern Arc: A Bridge Between West Asia and Europe." Science, vol. 377, no. 6609, 2022, p. eabm4247.
Lazaridis et al., 2022	https://www.science.org/doi/10.1126/science.abm4247	Lazaridis, Iosif, et al. "The Genetic History of the Southern Arc: A Bridge Between West Asia and Europe." Science, vol. 377, no. 6609, 2022, p. eabm4247.
Lazaridis et al., 2022	https://www.science.org/doi/10.1126/science.abm4247	Lazaridis, Iosif, et al. "The Genetic History of the Southern Arc: A Bridge Between West Asia and Europe." Science, vol. 377, no. 6609, 2022, p. eabm4247.
Lazaridis et al., 2022	https://www.science.org/doi/10.1126/science.abm4247	Lazaridis, Iosif, et al. "The Genetic History of the Southern Arc: A Bridge Between West Asia and Europe." Science, vol. 377, no. 6609, 2022, p. eabm4247.
Lazaridis et al., 2017	https://www.nature.com/articles/nature23310	Lazaridis, Iosif, et al. "Genetic Origins of the Minoans and Mycenaeans." Nature, vol. 548, no. 7666, 2017, pp. 214-18.
Lazaridis et al., 2017	https://www.nature.com/articles/nature23310	Lazaridis, Iosif, et al. "Genetic Origins of the Minoans and Mycenaeans." Nature, vol. 548, no. 7666, 2017, pp. 214-18.
Lazaridis et al., 2017	https://www.nature.com/articles/nature23310	Lazaridis, Iosif, et al. "Genetic Origins of the Minoans and Mycenaeans." Nature, vol. 548, no. 7666, 2017, pp. 214-18.
Skourtanioti et al., 2020	https://www.sciencedirect.com/science/article/pii/S0092867420305092	Skourtanioti, Eirini, et al. "Genomic History of Neolithic to Bronze Age Anatolia, Northern Levant, and Southern Caucasus." Cell, vol. 181, no. 5, 2020, pp. 1158-75.
Skourtanioti et al., 2020	https://www.sciencedirect.com/science/article/pii/S0092867420305092	Skourtanioti, Eirini, et al. "Genomic History of Neolithic to Bronze Age Anatolia, Northern Levant, and Southern Caucasus." Cell, vol. 181, no. 5, 2020, pp. 1158-75.
Skourtanioti et al., 2020	https://www.sciencedirect.com/science/article/pii/S0092867420305092	Skourtanioti, Eirini, et al. "Genomic History of Neolithic to Bronze Age Anatolia, Northern Levant, and Southern Caucasus." Cell, vol. 181, no. 5, 2020, pp. 1158-75.
Skourtanioti et al., 2020	https://www.sciencedirect.com/science/article/pii/S0092867420305092	Skourtanioti, Eirini, et al. "Genomic History of Neolithic to Bronze Age Anatolia, Northern Levant, and Southern Caucasus." Cell, vol. 181, no. 5, 2020, pp. 1158-75.
Skourtanioti et al., 2020	https://www.sciencedirect.com/science/article/pii/S0092867420305092	Skourtanioti, Eirini, et al. "Genomic History of Neolithic to Bronze Age Anatolia, Northern Levant, and Southern Caucasus." Cell, vol. 181, no. 5, 2020, pp. 1158-75.
Skourtanioti et al., 2020	https://www.sciencedirect.com/science/article/pii/S0092867420305092	Skourtanioti, Eirini, et al. "Genomic History of Neolithic to Bronze Age Anatolia, Northern Levant, and Southern Caucasus." Cell, vol. 181, no. 5, 2020, pp. 1158-75.
Skourtanioti et al., 2020	https://www.sciencedirect.com/science/article/pii/S0092867420305092	Skourtanioti, Eirini, et al. "Genomic History of Neolithic to Bronze Age Anatolia, Northern Levant, and Southern Caucasus." Cell, vol. 181, no. 5, 2020, pp. 1158-75.
Skourtanioti et al., 2020	https://www.sciencedirect.com/science/article/pii/S0092867420305092	Skourtanioti, Eirini, et al. "Genomic History of Neolithic to Bronze Age Anatolia, Northern Levant, and Southern Caucasus." Cell, vol. 181, no. 5, 2020, pp. 1158-75.
Skourtanioti et al., 2020	https://www.sciencedirect.com/science/article/pii/S0092867420305092	Skourtanioti, Eirini, et al. "Genomic History of Neolithic to Bronze Age Anatolia, Northern Levant, and Southern Caucasus." Cell, vol. 181, no. 5, 2020, pp. 1158-75.
Skourtanioti et al., 2020	https://www.sciencedirect.com/science/article/pii/S0092867420305092	Skourtanioti, Eirini, et al. "Genomic History of Neolithic to Bronze Age Anatolia, Northern Levant, and Southern Caucasus." Cell, vol. 181, no. 5, 2020, pp. 1158-75.
Skourtanioti et al., 2020	https://www.sciencedirect.com/science/article/pii/S0092867420305092	Skourtanioti, Eirini, et al. "Genomic History of Neolithic to Bronze Age Anatolia, Northern Levant, and Southern Caucasus." Cell, vol. 181, no. 5, 2020, pp. 1158-75.
Lazaridis et al., 2022	https://www.science.org/doi/10.1126/science.abm4247	Lazaridis, Iosif, et al. "The Genetic History of the Southern Arc: A Bridge Between West Asia and Europe." Science, vol. 377, no. 6609, 2022, p. eabm4247.
Lazaridis et al., 2022	https://www.science.org/doi/10.1126/science.abm4247	Lazaridis, Iosif, et al. "The Genetic History of the Southern Arc: A Bridge Between West Asia and Europe." Science, vol. 377, no. 6609, 2022, p. eabm4247.
Lazaridis et al., 2022	https://www.science.org/doi/10.1126/science.abm4247	Lazaridis, Iosif, et al. "The Genetic History of the Southern Arc: A Bridge Between West Asia and Europe." Science, vol. 377, no. 6609, 2022, p. eabm4247.
Lazaridis et al., 2022	https://www.science.org/doi/10.1126/science.abm4247	Lazaridis, Iosif, et al. "The Genetic History of the Southern Arc: A Bridge Between West Asia and Europe." Science, vol. 377, no. 6609, 2022, p. eabm4247.
Lazaridis et al., 2022	https://www.science.org/doi/10.1126/science.abm4247	Lazaridis, Iosif, et al. "The Genetic History of the Southern Arc: A Bridge Between West Asia and Europe." Science, vol. 377, no. 6609, 2022, p. eabm4247.
Lazaridis et al., 2022	https://www.science.org/doi/10.1126/science.abm4247	Lazaridis, Iosif, et al. "The Genetic History of the Southern Arc: A Bridge Between West Asia and Europe." Science, vol. 377, no. 6609, 2022, p. eabm4247.
Lazaridis et al., 2022	https://www.science.org/doi/10.1126/science.abm4247	Lazaridis, Iosif, et al. "The Genetic History of the Southern Arc: A Bridge Between West Asia and Europe." Science, vol. 377, no. 6609, 2022, p. eabm4247.
Lazaridis et al., 2022	https://www.science.org/doi/10.1126/science.abm4247	Lazaridis, Iosif, et al. "The Genetic History of the Southern Arc: A Bridge Between West Asia and Europe." Science, vol. 377, no. 6609, 2022, p. eabm4247.
Mathieson et al., 2015	https://www.nature.com/articles/nature16152	Mathieson, Iain, et al. "Genome-Wide Patterns of Selection in 230 Ancient Eurasians." Nature, vol. 528, no. 7583, 2015, pp. 499-503.
Lazaridis et al., 2022	https://www.science.org/doi/10.1126/science.abm4247	Lazaridis, Iosif, et al. "The Genetic History of the Southern Arc: A Bridge Between West Asia and Europe." Science, vol. 377, no. 6609, 2022, p. eabm4247.
Lazaridis et al., 2022	https://www.science.org/doi/10.1126/science.abm4247	Lazaridis, Iosif, et al. "The Genetic History of the Southern Arc: A Bridge Between West Asia and Europe." Science, vol. 377, no. 6609, 2022, p. eabm4247.
Lazaridis et al., 2022	https://www.science.org/doi/10.1126/science.abm4247	Lazaridis, Iosif, et al. "The Genetic History of the Southern Arc: A Bridge Between West Asia and Europe." Science, vol. 377, no. 6609, 2022, p. eabm4247.
Lazaridis et al., 2022	https://www.science.org/doi/10.1126/science.abm4247	Lazaridis, Iosif, et al. "The Genetic History of the Southern Arc: A Bridge Between West Asia and Europe." Science, vol. 377, no. 6609, 2022, p. eabm4247.
Lazaridis et al., 2022	https://www.science.org/doi/10.1126/science.abm4247	Lazaridis, Iosif, et al. "The Genetic History of the Southern Arc: A Bridge Between West Asia and Europe." Science, vol. 377, no. 6609, 2022, p. eabm4247.
Lazaridis et al., 2022	https://www.science.org/doi/10.1126/science.abm4247	Lazaridis, Iosif, et al. "The Genetic History of the Southern Arc: A Bridge Between West Asia and Europe." Science, vol. 377, no. 6609, 2022, p. eabm4247.
Lazaridis et al., 2022	https://www.science.org/doi/10.1126/science.abm4247	Lazaridis, Iosif, et al. "The Genetic History of the Southern Arc: A Bridge Between West Asia and Europe." Science, vol. 377, no. 6609, 2022, p. eabm4247.
Lazaridis et al., 2022	https://www.science.org/doi/10.1126/science.abm4247	Lazaridis, Iosif, et al. "The Genetic History of the Southern Arc: A Bridge Between West Asia and Europe." Science, vol. 377, no. 6609, 2022, p. eabm4247.
Feldman et al., 2019	https://www.nature.com/articles/s41467-019-09209-7	Feldman, Michal, et al. "Late Pleistocene Human Genome Suggests a Local Origin for the First Farmers of Central Anatolia." Nature Communications, vol. 10, no. 1, 2019, p. 1218.
Lazaridis et al., 2022	https://www.science.org/doi/10.1126/science.abm4247	Lazaridis, Iosif, et al. "The Genetic History of the Southern Arc: A Bridge Between West Asia and Europe." Science, vol. 377, no. 6609, 2022, p. eabm4247.
Lazaridis et al., 2022	https://www.science.org/doi/10.1126/science.abm4247	Lazaridis, Iosif, et al. "The Genetic History of the Southern Arc: A Bridge Between West Asia and Europe." Science, vol. 377, no. 6609, 2022, p. eabm4247.
Lazaridis et al., 2022	https://www.science.org/doi/10.1126/science.abm4247	Lazaridis, Iosif, et al. "The Genetic History of the Southern Arc: A Bridge Between West Asia and Europe." Science, vol. 377, no. 6609, 2022, p. eabm4247.
Lazaridis et al., 2022	https://www.science.org/doi/10.1126/science.abm4247	Lazaridis, Iosif, et al. "The Genetic History of the Southern Arc: A Bridge Between West Asia and Europe." Science, vol. 377, no. 6609, 2022, p. eabm4247.
Lazaridis et al., 2022	https://www.science.org/doi/10.1126/science.abm4247	Lazaridis, Iosif, et al. "The Genetic History of the Southern Arc: A Bridge Between West Asia and Europe." Science, vol. 377, no. 6609, 2022, p. eabm4247.
Lazaridis et al., 2022	https://www.science.org/doi/10.1126/science.abm4247	Lazaridis, Iosif, et al. "The Genetic History of the Southern Arc: A Bridge Between West Asia and Europe." Science, vol. 377, no. 6609, 2022, p. eabm4247.
Lazaridis et al., 2022	https://www.science.org/doi/10.1126/science.abm4247	Lazaridis, Iosif, et al. "The Genetic History of the Southern Arc: A Bridge Between West Asia and Europe." Science, vol. 377, no. 6609, 2022, p. eabm4247.
Lazaridis et al., 2022	https://www.science.org/doi/10.1126/science.abm4247	Lazaridis, Iosif, et al. "The Genetic History of the Southern Arc: A Bridge Between West Asia and Europe." Science, vol. 377, no. 6609, 2022, p. eabm4247.
Lazaridis et al., 2022	https://www.science.org/doi/10.1126/science.abm4247	Lazaridis, Iosif, et al. "The Genetic History of the Southern Arc: A Bridge Between West Asia and Europe." Science, vol. 377, no. 6609, 2022, p. eabm4247.
Lazaridis et al., 2022	https://www.science.org/doi/10.1126/science.abm4247	Lazaridis, Iosif, et al. "The Genetic History of the Southern Arc: A Bridge Between West Asia and Europe." Science, vol. 377, no. 6609, 2022, p. eabm4247.
Lazaridis et al., 2022	https://www.science.org/doi/10.1126/science.abm4247	Lazaridis, Iosif, et al. "The Genetic History of the Southern Arc: A Bridge Between West Asia and Europe." Science, vol. 377, no. 6609, 2022, p. eabm4247.
Lazaridis et al., 2022	https://www.science.org/doi/10.1126/science.abm4247	Lazaridis, Iosif, et al. "The Genetic History of the Southern Arc: A Bridge Between West Asia and Europe." Science, vol. 377, no. 6609, 2022, p. eabm4247.
Skourtanioti et al., 2020	https://www.sciencedirect.com/science/article/pii/S0092867420305092	Skourtanioti, Eirini, et al. "Genomic History of Neolithic to Bronze Age Anatolia, Northern Levant, and Southern Caucasus." Cell, vol. 181, no. 5, 2020, pp. 1158-75.
Skourtanioti et al., 2020	https://www.sciencedirect.com/science/article/pii/S0092867420305092	Skourtanioti, Eirini, et al. "Genomic History of Neolithic to Bronze Age Anatolia, Northern Levant, and Southern Caucasus." Cell, vol. 181, no. 5, 2020, pp. 1158-75.
Skourtanioti et al., 2020	https://www.sciencedirect.com/science/article/pii/S0092867420305092	Skourtanioti, Eirini, et al. "Genomic History of Neolithic to Bronze Age Anatolia, Northern Levant, and Southern Caucasus." Cell, vol. 181, no. 5, 2020, pp. 1158-75.
Skourtanioti et al., 2020	https://www.sciencedirect.com/science/article/pii/S0092867420305092	Skourtanioti, Eirini, et al. "Genomic History of Neolithic to Bronze Age Anatolia, Northern Levant, and Southern Caucasus." Cell, vol. 181, no. 5, 2020, pp. 1158-75.
Skourtanioti et al., 2020	https://www.sciencedirect.com/science/article/pii/S0092867420305092	Skourtanioti, Eirini, et al. "Genomic History of Neolithic to Bronze Age Anatolia, Northern Levant, and Southern Caucasus." Cell, vol. 181, no. 5, 2020, pp. 1158-75.
Kılınç et al., 2016	https://pubmed.ncbi.nlm.nih.gov/27498567/	Kılınç, Gülşah Merve, et al. "The Demographic Development of the First Farmers in Anatolia." Current Biology, vol. 26, no. 19, 2016, pp. 2659-66.
Lazaridis et al., 2022	https://www.science.org/doi/10.1126/science.abm4247	Lazaridis, Iosif, et al. "The Genetic History of the Southern Arc: A Bridge Between West Asia and Europe." Science, vol. 377, no. 6609, 2022, p. eabm4247.
Skourtanioti et al., 2020	https://www.sciencedirect.com/science/article/pii/S0092867420305092	Skourtanioti, Eirini, et al. "Genomic History of Neolithic to Bronze Age Anatolia, Northern Levant, and Southern Caucasus." Cell, vol. 181, no. 5, 2020, pp. 1158-75.
Lazaridis et al., 2022	https://www.science.org/doi/10.1126/science.abm4247	Lazaridis, Iosif, et al. "The Genetic History of the Southern Arc: A Bridge Between West Asia and Europe." Science, vol. 377, no. 6609, 2022, p. eabm4247.
Lazaridis et al., 2022	https://www.science.org/doi/10.1126/science.abm4247	Lazaridis, Iosif, et al. "The Genetic History of the Southern Arc: A Bridge Between West Asia and Europe." Science, vol. 377, no. 6609, 2022, p. eabm4247.
Lazaridis et al., 2022	https://www.science.org/doi/10.1126/science.abm4247	Lazaridis, Iosif, et al. "The Genetic History of the Southern Arc: A Bridge Between West Asia and Europe." Science, vol. 377, no. 6609, 2022, p. eabm4247.
Lazaridis et al., 2022	https://www.science.org/doi/10.1126/science.abm4247	Lazaridis, Iosif, et al. "The Genetic History of the Southern Arc: A Bridge Between West Asia and Europe." Science, vol. 377, no. 6609, 2022, p. eabm4247.
Lazaridis et al., 2022	https://www.science.org/doi/10.1126/science.abm4247	Lazaridis, Iosif, et al. "The Genetic History of the Southern Arc: A Bridge Between West Asia and Europe." Science, vol. 377, no. 6609, 2022, p. eabm4247.
Lazaridis et al., 2022	https://www.science.org/doi/10.1126/science.abm4247	Lazaridis, Iosif, et al. "The Genetic History of the Southern Arc: A Bridge Between West Asia and Europe." Science, vol. 377, no. 6609, 2022, p. eabm4247.
Librado et al., 2024	https://www.nature.com/articles/s41586-024-07597-5#Sec19	Librado, Pablo, et al. "Widespread Horse-Based Mobility Arose Around 2200 BCE in Eurasia." Nature, vol. 631, no. 8022, 2024, pp. 819-25.
Librado et al., 2024	https://www.nature.com/articles/s41586-024-07597-5#Sec19	Librado, Pablo, et al. "Widespread Horse-Based Mobility Arose Around 2200 BCE in Eurasia." Nature, vol. 631, no. 8022, 2024, pp. 819-25.
Dardeniz and Öztan, 2020	https://dergipark.org.tr/tr/download/article-file/1440199	Dardeniz, Gonca, and Aliye Öztan. "Acemhöyük Fayans ve Frit Eserleri Üzerine Arkeolojik ve Arkeometrik Değerlendirmeler." Belleten, vol. 84, no. 301, 2020, pp. 837-86.
Hofmanova, 2016 (dissertation)	https://openscience.ub.uni-mainz.de/server/api/core/bitstreams/bcf88091-c643-4bd1-b015-aa01207a82c6/content	Hofmanová, Zuzana. Palaeogenomic and Biostatistical Analysis of Ancient DNA Data from Mesolithic and Neolithic Skeletal Remains. 2016. Johannes Gutenberg University Mainz, PhD dissertation.
Hofmanova, 2016 (dissertation)	https://openscience.ub.uni-mainz.de/server/api/core/bitstreams/bcf88091-c643-4bd1-b015-aa01207a82c6/content	Hofmanová, Zuzana. Palaeogenomic and Biostatistical Analysis of Ancient DNA Data from Mesolithic and Neolithic Skeletal Remains. 2016. Johannes Gutenberg University Mainz, PhD dissertation.
Hofmanova, 2016 (dissertation)	https://openscience.ub.uni-mainz.de/server/api/core/bitstreams/bcf88091-c643-4bd1-b015-aa01207a82c6/content	Hofmanová, Zuzana. Palaeogenomic and Biostatistical Analysis of Ancient DNA Data from Mesolithic and Neolithic Skeletal Remains. 2016. Johannes Gutenberg University Mainz, PhD dissertation.
Ingman et al., 2021	https://journals.plos.org/plosone/article?id=10.1371/journal.pone.0241883	Ingman, Tara, et al. "Human Mobility at Tell Atchana (Alalakh), Hatay, Turkey During the 2nd Millennium BC: Integration of Isotopic and Genomic Evidence." PLoS ONE, vol. 16, no. 6, 2021, p. e0241883.
Ingman et al., 2021	https://journals.plos.org/plosone/article?id=10.1371/journal.pone.0241883	Ingman, Tara, et al. "Human Mobility at Tell Atchana (Alalakh), Hatay, Turkey During the 2nd Millennium BC: Integration of Isotopic and Genomic Evidence." PLoS ONE, vol. 16, no. 6, 2021, p. e0241883.
Ingman et al., 2021	https://journals.plos.org/plosone/article?id=10.1371/journal.pone.0241883	Ingman, Tara, et al. "Human Mobility at Tell Atchana (Alalakh), Hatay, Turkey During the 2nd Millennium BC: Integration of Isotopic and Genomic Evidence." PLoS ONE, vol. 16, no. 6, 2021, p. e0241883.
Ingman et al., 2021	https://journals.plos.org/plosone/article?id=10.1371/journal.pone.0241883	Ingman, Tara, et al. "Human Mobility at Tell Atchana (Alalakh), Hatay, Turkey During the 2nd Millennium BC: Integration of Isotopic and Genomic Evidence." PLoS ONE, vol. 16, no. 6, 2021, p. e0241883.
Ingman et al., 2021	https://journals.plos.org/plosone/article?id=10.1371/journal.pone.0241883	Ingman, Tara, et al. "Human Mobility at Tell Atchana (Alalakh), Hatay, Turkey During the 2nd Millennium BC: Integration of Isotopic and Genomic Evidence." PLoS ONE, vol. 16, no. 6, 2021, p. e0241883.
Ingman et al., 2021	https://journals.plos.org/plosone/article?id=10.1371/journal.pone.0241883	Ingman, Tara, et al. "Human Mobility at Tell Atchana (Alalakh), Hatay, Turkey During the 2nd Millennium BC: Integration of Isotopic and Genomic Evidence." PLoS ONE, vol. 16, no. 6, 2021, p. e0241883.
Ingman et al., 2021	https://journals.plos.org/plosone/article?id=10.1371/journal.pone.0241883	Ingman, Tara, et al. "Human Mobility at Tell Atchana (Alalakh), Hatay, Turkey During the 2nd Millennium BC: Integration of Isotopic and Genomic Evidence." PLoS ONE, vol. 16, no. 6, 2021, p. e0241883.
Altınışık and Özdoğan, 2026	AŞAĞI PINAR III Layer 7 - The Earliest Phase of Neolithic Aşağı Pınar and the Problem of the Ditches	Altınışık, N. Ezgi, and Eylem Özdoğan. "Datings." Aşağı Pınar III. Layer 7 – The Earliest Phase of Neolithic Aşağı Pınar and the Problem of the Ditches, R. Habelt, 2026, pp. 21-30.
Altınışık and Özdoğan, 2026	AŞAĞI PINAR III Layer 7 - The Earliest Phase of Neolithic Aşağı Pınar and the Problem of the Ditches	Altınışık, N. Ezgi, and Eylem Özdoğan. "Datings." Aşağı Pınar III. Layer 7 – The Earliest Phase of Neolithic Aşağı Pınar and the Problem of the Ditches, R. Habelt, 2026, pp. 21-30.
Altınışık and Özdoğan, 2026	AŞAĞI PINAR III Layer 7 - The Earliest Phase of Neolithic Aşağı Pınar and the Problem of the Ditches; DNA sample	Altınışık, N. Ezgi, and Eylem Özdoğan. "Datings." Aşağı Pınar III. Layer 7 – The Earliest Phase of Neolithic Aşağı Pınar and the Problem of the Ditches, R. Habelt, 2026, pp. 21-30.
Altınışık and Özdoğan, 2026	AŞAĞI PINAR III Layer 7 - The Earliest Phase of Neolithic Aşağı Pınar and the Problem of the Ditches	Altınışık, N. Ezgi, and Eylem Özdoğan. "Datings." Aşağı Pınar III. Layer 7 – The Earliest Phase of Neolithic Aşağı Pınar and the Problem of the Ditches, R. Habelt, 2026, pp. 21-30.
Altınışık and Özdoğan, 2026	AŞAĞI PINAR III Layer 7 - The Earliest Phase of Neolithic Aşağı Pınar and the Problem of the Ditches	Altınışık, N. Ezgi, and Eylem Özdoğan. "Datings." Aşağı Pınar III. Layer 7 – The Earliest Phase of Neolithic Aşağı Pınar and the Problem of the Ditches, R. Habelt, 2026, pp. 21-30.
Altınışık and Özdoğan, 2026	AŞAĞI PINAR III Layer 7 - The Earliest Phase of Neolithic Aşağı Pınar and the Problem of the Ditches	Altınışık, N. Ezgi, and Eylem Özdoğan. "Datings." Aşağı Pınar III. Layer 7 – The Earliest Phase of Neolithic Aşağı Pınar and the Problem of the Ditches, R. Habelt, 2026, pp. 21-30.
Altınışık and Özdoğan, 2026	AŞAĞI PINAR III Layer 7 - The Earliest Phase of Neolithic Aşağı Pınar and the Problem of the Ditches	Altınışık, N. Ezgi, and Eylem Özdoğan. "Datings." Aşağı Pınar III. Layer 7 – The Earliest Phase of Neolithic Aşağı Pınar and the Problem of the Ditches, R. Habelt, 2026, pp. 21-30.
Altınışık and Özdoğan, 2026	AŞAĞI PINAR III Layer 7 - The Earliest Phase of Neolithic Aşağı Pınar and the Problem of the Ditches	Altınışık, N. Ezgi, and Eylem Özdoğan. "Datings." Aşağı Pınar III. Layer 7 – The Earliest Phase of Neolithic Aşağı Pınar and the Problem of the Ditches, R. Habelt, 2026, pp. 21-30.
Altınışık and Özdoğan, 2026	AŞAĞI PINAR III Layer 7 - The Earliest Phase of Neolithic Aşağı Pınar and the Problem of the Ditches	Altınışık, N. Ezgi, and Eylem Özdoğan. "Datings." Aşağı Pınar III. Layer 7 – The Earliest Phase of Neolithic Aşağı Pınar and the Problem of the Ditches, R. Habelt, 2026, pp. 21-30.
Altınışık and Özdoğan, 2026	AŞAĞI PINAR III Layer 7 - The Earliest Phase of Neolithic Aşağı Pınar and the Problem of the Ditches	Altınışık, N. Ezgi, and Eylem Özdoğan. "Datings." Aşağı Pınar III. Layer 7 – The Earliest Phase of Neolithic Aşağı Pınar and the Problem of the Ditches, R. Habelt, 2026, pp. 21-30.
Altınışık and Özdoğan, 2026	AŞAĞI PINAR III Layer 7 - The Earliest Phase of Neolithic Aşağı Pınar and the Problem of the Ditches	Altınışık, N. Ezgi, and Eylem Özdoğan. "Datings." Aşağı Pınar III. Layer 7 – The Earliest Phase of Neolithic Aşağı Pınar and the Problem of the Ditches, R. Habelt, 2026, pp. 21-30.
Altınışık and Özdoğan, 2026	AŞAĞI PINAR III Layer 7 - The Earliest Phase of Neolithic Aşağı Pınar and the Problem of the Ditches	Altınışık, N. Ezgi, and Eylem Özdoğan. "Datings." Aşağı Pınar III. Layer 7 – The Earliest Phase of Neolithic Aşağı Pınar and the Problem of the Ditches, R. Habelt, 2026, pp. 21-30.
Altınışık and Özdoğan, 2026	AŞAĞI PINAR III Layer 7 - The Earliest Phase of Neolithic Aşağı Pınar and the Problem of the Ditches	Altınışık, N. Ezgi, and Eylem Özdoğan. "Datings." Aşağı Pınar III. Layer 7 – The Earliest Phase of Neolithic Aşağı Pınar and the Problem of the Ditches, R. Habelt, 2026, pp. 21-30.
Altınışık and Özdoğan, 2026	AŞAĞI PINAR III Layer 7 - The Earliest Phase of Neolithic Aşağı Pınar and the Problem of the Ditches	Altınışık, N. Ezgi, and Eylem Özdoğan. "Datings." Aşağı Pınar III. Layer 7 – The Earliest Phase of Neolithic Aşağı Pınar and the Problem of the Ditches, R. Habelt, 2026, pp. 21-30.
Altınışık and Özdoğan, 2026	AŞAĞI PINAR III Layer 7 - The Earliest Phase of Neolithic Aşağı Pınar and the Problem of the Ditches	Altınışık, N. Ezgi, and Eylem Özdoğan. "Datings." Aşağı Pınar III. Layer 7 – The Earliest Phase of Neolithic Aşağı Pınar and the Problem of the Ditches, R. Habelt, 2026, pp. 21-30.
Altınışık and Özdoğan, 2026	AŞAĞI PINAR III Layer 7 - The Earliest Phase of Neolithic Aşağı Pınar and the Problem of the Ditches	Altınışık, N. Ezgi, and Eylem Özdoğan. "Datings." Aşağı Pınar III. Layer 7 – The Earliest Phase of Neolithic Aşağı Pınar and the Problem of the Ditches, R. Habelt, 2026, pp. 21-30.
Altınışık and Özdoğan, 2026	AŞAĞI PINAR III Layer 7 - The Earliest Phase of Neolithic Aşağı Pınar and the Problem of the Ditches	Altınışık, N. Ezgi, and Eylem Özdoğan. "Datings." Aşağı Pınar III. Layer 7 – The Earliest Phase of Neolithic Aşağı Pınar and the Problem of the Ditches, R. Habelt, 2026, pp. 21-30.
Altınışık and Özdoğan, 2026	AŞAĞI PINAR III Layer 7 - The Earliest Phase of Neolithic Aşağı Pınar and the Problem of the Ditches	Altınışık, N. Ezgi, and Eylem Özdoğan. "Datings." Aşağı Pınar III. Layer 7 – The Earliest Phase of Neolithic Aşağı Pınar and the Problem of the Ditches, R. Habelt, 2026, pp. 21-30.
Altınışık and Özdoğan, 2026	AŞAĞI PINAR III Layer 7 - The Earliest Phase of Neolithic Aşağı Pınar and the Problem of the Ditches	Altınışık, N. Ezgi, and Eylem Özdoğan. "Datings." Aşağı Pınar III. Layer 7 – The Earliest Phase of Neolithic Aşağı Pınar and the Problem of the Ditches, R. Habelt, 2026, pp. 21-30.
Altınışık and Özdoğan, 2026	AŞAĞI PINAR III Layer 7 - The Earliest Phase of Neolithic Aşağı Pınar and the Problem of the Ditches	Altınışık, N. Ezgi, and Eylem Özdoğan. "Datings." Aşağı Pınar III. Layer 7 – The Earliest Phase of Neolithic Aşağı Pınar and the Problem of the Ditches, R. Habelt, 2026, pp. 21-30.
Altınışık and Özdoğan, 2026	AŞAĞI PINAR III Layer 7 - The Earliest Phase of Neolithic Aşağı Pınar and the Problem of the Ditches	Altınışık, N. Ezgi, and Eylem Özdoğan. "Datings." Aşağı Pınar III. Layer 7 – The Earliest Phase of Neolithic Aşağı Pınar and the Problem of the Ditches, R. Habelt, 2026, pp. 21-30.
Altınışık and Özdoğan, 2026	AŞAĞI PINAR III Layer 7 - The Earliest Phase of Neolithic Aşağı Pınar and the Problem of the Ditches	Altınışık, N. Ezgi, and Eylem Özdoğan. "Datings." Aşağı Pınar III. Layer 7 – The Earliest Phase of Neolithic Aşağı Pınar and the Problem of the Ditches, R. Habelt, 2026, pp. 21-30.
Altınışık and Özdoğan, 2026	AŞAĞI PINAR III Layer 7 - The Earliest Phase of Neolithic Aşağı Pınar and the Problem of the Ditches	Altınışık, N. Ezgi, and Eylem Özdoğan. "Datings." Aşağı Pınar III. Layer 7 – The Earliest Phase of Neolithic Aşağı Pınar and the Problem of the Ditches, R. Habelt, 2026, pp. 21-30.
Altınışık and Özdoğan, 2026	AŞAĞI PINAR III Layer 7 - The Earliest Phase of Neolithic Aşağı Pınar and the Problem of the Ditches	Altınışık, N. Ezgi, and Eylem Özdoğan. "Datings." Aşağı Pınar III. Layer 7 – The Earliest Phase of Neolithic Aşağı Pınar and the Problem of the Ditches, R. Habelt, 2026, pp. 21-30.
Altınışık and Özdoğan, 2026	AŞAĞI PINAR III Layer 7 - The Earliest Phase of Neolithic Aşağı Pınar and the Problem of the Ditches	Altınışık, N. Ezgi, and Eylem Özdoğan. "Datings." Aşağı Pınar III. Layer 7 – The Earliest Phase of Neolithic Aşağı Pınar and the Problem of the Ditches, R. Habelt, 2026, pp. 21-30.
Altınışık and Özdoğan, 2026	AŞAĞI PINAR III Layer 7 - The Earliest Phase of Neolithic Aşağı Pınar and the Problem of the Ditches	Altınışık, N. Ezgi, and Eylem Özdoğan. "Datings." Aşağı Pınar III. Layer 7 – The Earliest Phase of Neolithic Aşağı Pınar and the Problem of the Ditches, R. Habelt, 2026, pp. 21-30.
Altınışık and Özdoğan, 2026	AŞAĞI PINAR III Layer 7 - The Earliest Phase of Neolithic Aşağı Pınar and the Problem of the Ditches	Altınışık, N. Ezgi, and Eylem Özdoğan. "Datings." Aşağı Pınar III. Layer 7 – The Earliest Phase of Neolithic Aşağı Pınar and the Problem of the Ditches, R. Habelt, 2026, pp. 21-30.
Altınışık and Özdoğan, 2026	AŞAĞI PINAR III Layer 7 - The Earliest Phase of Neolithic Aşağı Pınar and the Problem of the Ditches	Altınışık, N. Ezgi, and Eylem Özdoğan. "Datings." Aşağı Pınar III. Layer 7 – The Earliest Phase of Neolithic Aşağı Pınar and the Problem of the Ditches, R. Habelt, 2026, pp. 21-30.
Altınışık and Özdoğan, 2026	AŞAĞI PINAR III Layer 7 - The Earliest Phase of Neolithic Aşağı Pınar and the Problem of the Ditches	Altınışık, N. Ezgi, and Eylem Özdoğan. "Datings." Aşağı Pınar III. Layer 7 – The Earliest Phase of Neolithic Aşağı Pınar and the Problem of the Ditches, R. Habelt, 2026, pp. 21-30.
Altınışık and Özdoğan, 2026	AŞAĞI PINAR III Layer 7 - The Earliest Phase of Neolithic Aşağı Pınar and the Problem of the Ditches	Altınışık, N. Ezgi, and Eylem Özdoğan. "Datings." Aşağı Pınar III. Layer 7 – The Earliest Phase of Neolithic Aşağı Pınar and the Problem of the Ditches, R. Habelt, 2026, pp. 21-30.
Altınışık and Özdoğan, 2026	AŞAĞI PINAR III Layer 7 - The Earliest Phase of Neolithic Aşağı Pınar and the Problem of the Ditches	Altınışık, N. Ezgi, and Eylem Özdoğan. "Datings." Aşağı Pınar III. Layer 7 – The Earliest Phase of Neolithic Aşağı Pınar and the Problem of the Ditches, R. Habelt, 2026, pp. 21-30.
Altınışık and Özdoğan, 2026	AŞAĞI PINAR III Layer 7 - The Earliest Phase of Neolithic Aşağı Pınar and the Problem of the Ditches	Altınışık, N. Ezgi, and Eylem Özdoğan. "Datings." Aşağı Pınar III. Layer 7 – The Earliest Phase of Neolithic Aşağı Pınar and the Problem of the Ditches, R. Habelt, 2026, pp. 21-30.
Altınışık and Özdoğan, 2026	AŞAĞI PINAR III Layer 7 - The Earliest Phase of Neolithic Aşağı Pınar and the Problem of the Ditches	Altınışık, N. Ezgi, and Eylem Özdoğan. "Datings." Aşağı Pınar III. Layer 7 – The Earliest Phase of Neolithic Aşağı Pınar and the Problem of the Ditches, R. Habelt, 2026, pp. 21-30.
Altınışık and Özdoğan, 2026	AŞAĞI PINAR III Layer 7 - The Earliest Phase of Neolithic Aşağı Pınar and the Problem of the Ditches	Altınışık, N. Ezgi, and Eylem Özdoğan. "Datings." Aşağı Pınar III. Layer 7 – The Earliest Phase of Neolithic Aşağı Pınar and the Problem of the Ditches, R. Habelt, 2026, pp. 21-30.
Altınışık and Özdoğan, 2026	AŞAĞI PINAR III Layer 7 - The Earliest Phase of Neolithic Aşağı Pınar and the Problem of the Ditches	Altınışık, N. Ezgi, and Eylem Özdoğan. "Datings." Aşağı Pınar III. Layer 7 – The Earliest Phase of Neolithic Aşağı Pınar and the Problem of the Ditches, R. Habelt, 2026, pp. 21-30.
Altınışık and Özdoğan, 2026	AŞAĞI PINAR III Layer 7 - The Earliest Phase of Neolithic Aşağı Pınar and the Problem of the Ditches	Altınışık, N. Ezgi, and Eylem Özdoğan. "Datings." Aşağı Pınar III. Layer 7 – The Earliest Phase of Neolithic Aşağı Pınar and the Problem of the Ditches, R. Habelt, 2026, pp. 21-30.
Altınışık and Özdoğan, 2026	AŞAĞI PINAR III Layer 7 - The Earliest Phase of Neolithic Aşağı Pınar and the Problem of the Ditches	Altınışık, N. Ezgi, and Eylem Özdoğan. "Datings." Aşağı Pınar III. Layer 7 – The Earliest Phase of Neolithic Aşağı Pınar and the Problem of the Ditches, R. Habelt, 2026, pp. 21-30.
Altınışık and Özdoğan, 2026	AŞAĞI PINAR III Layer 7 - The Earliest Phase of Neolithic Aşağı Pınar and the Problem of the Ditches	Altınışık, N. Ezgi, and Eylem Özdoğan. "Datings." Aşağı Pınar III. Layer 7 – The Earliest Phase of Neolithic Aşağı Pınar and the Problem of the Ditches, R. Habelt, 2026, pp. 21-30.
Altınışık and Özdoğan, 2026	AŞAĞI PINAR III Layer 7 - The Earliest Phase of Neolithic Aşağı Pınar and the Problem of the Ditches	Altınışık, N. Ezgi, and Eylem Özdoğan. "Datings." Aşağı Pınar III. Layer 7 – The Earliest Phase of Neolithic Aşağı Pınar and the Problem of the Ditches, R. Habelt, 2026, pp. 21-30.
Altınışık and Özdoğan, 2026	AŞAĞI PINAR III Layer 7 - The Earliest Phase of Neolithic Aşağı Pınar and the Problem of the Ditches	Altınışık, N. Ezgi, and Eylem Özdoğan. "Datings." Aşağı Pınar III. Layer 7 – The Earliest Phase of Neolithic Aşağı Pınar and the Problem of the Ditches, R. Habelt, 2026, pp. 21-30.
Altınışık and Özdoğan, 2026	AŞAĞI PINAR III Layer 7 - The Earliest Phase of Neolithic Aşağı Pınar and the Problem of the Ditches; DNA sample	Altınışık, N. Ezgi, and Eylem Özdoğan. "Datings." Aşağı Pınar III. Layer 7 – The Earliest Phase of Neolithic Aşağı Pınar and the Problem of the Ditches, R. Habelt, 2026, pp. 21-30.
Altınışık and Özdoğan, 2026	AŞAĞI PINAR III Layer 7 - The Earliest Phase of Neolithic Aşağı Pınar and the Problem of the Ditches	Altınışık, N. Ezgi, and Eylem Özdoğan. "Datings." Aşağı Pınar III. Layer 7 – The Earliest Phase of Neolithic Aşağı Pınar and the Problem of the Ditches, R. Habelt, 2026, pp. 21-30.
Altınışık and Özdoğan, 2026	AŞAĞI PINAR III Layer 7 - The Earliest Phase of Neolithic Aşağı Pınar and the Problem of the Ditches	Altınışık, N. Ezgi, and Eylem Özdoğan. "Datings." Aşağı Pınar III. Layer 7 – The Earliest Phase of Neolithic Aşağı Pınar and the Problem of the Ditches, R. Habelt, 2026, pp. 21-30.
Altınışık and Özdoğan, 2026	AŞAĞI PINAR III Layer 7 - The Earliest Phase of Neolithic Aşağı Pınar and the Problem of the Ditches	Altınışık, N. Ezgi, and Eylem Özdoğan. "Datings." Aşağı Pınar III. Layer 7 – The Earliest Phase of Neolithic Aşağı Pınar and the Problem of the Ditches, R. Habelt, 2026, pp. 21-30.
Altınışık and Özdoğan, 2026	AŞAĞI PINAR III Layer 7 - The Earliest Phase of Neolithic Aşağı Pınar and the Problem of the Ditches	Altınışık, N. Ezgi, and Eylem Özdoğan. "Datings." Aşağı Pınar III. Layer 7 – The Earliest Phase of Neolithic Aşağı Pınar and the Problem of the Ditches, R. Habelt, 2026, pp. 21-30.
Altınışık and Özdoğan, 2026	AŞAĞI PINAR III Layer 7 - The Earliest Phase of Neolithic Aşağı Pınar and the Problem of the Ditches	Altınışık, N. Ezgi, and Eylem Özdoğan. "Datings." Aşağı Pınar III. Layer 7 – The Earliest Phase of Neolithic Aşağı Pınar and the Problem of the Ditches, R. Habelt, 2026, pp. 21-30.
Altınışık and Özdoğan, 2026	AŞAĞI PINAR III Layer 7 - The Earliest Phase of Neolithic Aşağı Pınar and the Problem of the Ditches	Altınışık, N. Ezgi, and Eylem Özdoğan. "Datings." Aşağı Pınar III. Layer 7 – The Earliest Phase of Neolithic Aşağı Pınar and the Problem of the Ditches, R. Habelt, 2026, pp. 21-30.
Altınışık and Özdoğan, 2026	AŞAĞI PINAR III Layer 7 - The Earliest Phase of Neolithic Aşağı Pınar and the Problem of the Ditches	Altınışık, N. Ezgi, and Eylem Özdoğan. "Datings." Aşağı Pınar III. Layer 7 – The Earliest Phase of Neolithic Aşağı Pınar and the Problem of the Ditches, R. Habelt, 2026, pp. 21-30.
Altınışık and Özdoğan, 2026	AŞAĞI PINAR III Layer 7 - The Earliest Phase of Neolithic Aşağı Pınar and the Problem of the Ditches	Altınışık, N. Ezgi, and Eylem Özdoğan. "Datings." Aşağı Pınar III. Layer 7 – The Earliest Phase of Neolithic Aşağı Pınar and the Problem of the Ditches, R. Habelt, 2026, pp. 21-30.
Altınışık and Özdoğan, 2026	AŞAĞI PINAR III Layer 7 - The Earliest Phase of Neolithic Aşağı Pınar and the Problem of the Ditches	Altınışık, N. Ezgi, and Eylem Özdoğan. "Datings." Aşağı Pınar III. Layer 7 – The Earliest Phase of Neolithic Aşağı Pınar and the Problem of the Ditches, R. Habelt, 2026, pp. 21-30.
Altınışık and Özdoğan, 2026	AŞAĞI PINAR III Layer 7 - The Earliest Phase of Neolithic Aşağı Pınar and the Problem of the Ditches	Altınışık, N. Ezgi, and Eylem Özdoğan. "Datings." Aşağı Pınar III. Layer 7 – The Earliest Phase of Neolithic Aşağı Pınar and the Problem of the Ditches, R. Habelt, 2026, pp. 21-30.
Altınışık and Özdoğan, 2026	AŞAĞI PINAR III Layer 7 - The Earliest Phase of Neolithic Aşağı Pınar and the Problem of the Ditches	Altınışık, N. Ezgi, and Eylem Özdoğan. "Datings." Aşağı Pınar III. Layer 7 – The Earliest Phase of Neolithic Aşağı Pınar and the Problem of the Ditches, R. Habelt, 2026, pp. 21-30.
Altınışık and Özdoğan, 2026	AŞAĞI PINAR III Layer 7 - The Earliest Phase of Neolithic Aşağı Pınar and the Problem of the Ditches	Altınışık, N. Ezgi, and Eylem Özdoğan. "Datings." Aşağı Pınar III. Layer 7 – The Earliest Phase of Neolithic Aşağı Pınar and the Problem of the Ditches, R. Habelt, 2026, pp. 21-30.
Yaka et al., 2021	https://pubmed.ncbi.nlm.nih.gov/33857427/	Yaka, Reyhan, et al. "Variable Kinship Patterns in Neolithic Anatolia Revealed by Ancient Genomes." Current Biology, vol. 31, no. 11, 2021, pp. 2455-68.
Yaka et al., 2021	https://pubmed.ncbi.nlm.nih.gov/33857427/	Yaka, Reyhan, et al. "Variable Kinship Patterns in Neolithic Anatolia Revealed by Ancient Genomes." Current Biology, vol. 31, no. 11, 2021, pp. 2455-68.
Yaka et al., 2021	https://pubmed.ncbi.nlm.nih.gov/33857427/	Yaka, Reyhan, et al. "Variable Kinship Patterns in Neolithic Anatolia Revealed by Ancient Genomes." Current Biology, vol. 31, no. 11, 2021, pp. 2455-68.
de Martino et al., 2025	https://www.science.org/doi/abs/10.1126/science.adt2642	De Martino, M., et al. "The Dispersal of Domestic Cats from North Africa to Europe Around 2000 Years Ago." Science, vol. 390, no. 6776, 2025, p. eadt2642.
Yaka et al., 2021	https://pubmed.ncbi.nlm.nih.gov/33857427/	Yaka, Reyhan, et al. "Variable Kinship Patterns in Neolithic Anatolia Revealed by Ancient Genomes." Current Biology, vol. 31, no. 11, 2021, pp. 2455-68.
Yaka et al., 2021	https://pubmed.ncbi.nlm.nih.gov/33857427/	Yaka, Reyhan, et al. "Variable Kinship Patterns in Neolithic Anatolia Revealed by Ancient Genomes." Current Biology, vol. 31, no. 11, 2021, pp. 2455-68.
Yaka et al., 2021	https://pubmed.ncbi.nlm.nih.gov/33857427/	Yaka, Reyhan, et al. "Variable Kinship Patterns in Neolithic Anatolia Revealed by Ancient Genomes." Current Biology, vol. 31, no. 11, 2021, pp. 2455-68.
Yaka et al., 2021	https://pubmed.ncbi.nlm.nih.gov/33857427/	Yaka, Reyhan, et al. "Variable Kinship Patterns in Neolithic Anatolia Revealed by Ancient Genomes." Current Biology, vol. 31, no. 11, 2021, pp. 2455-68.
Yaka et al., 2021	https://pubmed.ncbi.nlm.nih.gov/33857427/	Yaka, Reyhan, et al. "Variable Kinship Patterns in Neolithic Anatolia Revealed by Ancient Genomes." Current Biology, vol. 31, no. 11, 2021, pp. 2455-68.
Yaka et al., 2021	https://pubmed.ncbi.nlm.nih.gov/33857427/	Yaka, Reyhan, et al. "Variable Kinship Patterns in Neolithic Anatolia Revealed by Ancient Genomes." Current Biology, vol. 31, no. 11, 2021, pp. 2455-68.
Yaka et al., 2021	https://pubmed.ncbi.nlm.nih.gov/33857427/	Yaka, Reyhan, et al. "Variable Kinship Patterns in Neolithic Anatolia Revealed by Ancient Genomes." Current Biology, vol. 31, no. 11, 2021, pp. 2455-68.
Yaka et al., 2021	https://pubmed.ncbi.nlm.nih.gov/33857427/	Yaka, Reyhan, et al. "Variable Kinship Patterns in Neolithic Anatolia Revealed by Ancient Genomes." Current Biology, vol. 31, no. 11, 2021, pp. 2455-68.
Işıklı et al., 2021	PRELIMINARY RESULTS OF RADIOCARBON DATING ON AYANIS CASTLE in Archaeology of Anatolia, Volume IV: Recent Discoveries (2018 - 2020)	Işıklı, Mehmet, Alper Şengül, and Oğuz Aras. "Preliminary Results of Radiocarbon Dating on Ayanis Castle." The Archaeology of Anatolia, Volume IV: Recent Discoveries (2018–2020), edited by Sharon R. Steadman and Gregory McMahon, Cambridge Scholars Publishing, 2021.
Işıklı et al., 2021	PRELIMINARY RESULTS OF RADIOCARBON DATING ON AYANIS CASTLE in Archaeology of Anatolia, Volume IV: Recent Discoveries (2018 - 2020)	Işıklı, Mehmet, Alper Şengül, and Oğuz Aras. "Preliminary Results of Radiocarbon Dating on Ayanis Castle." The Archaeology of Anatolia, Volume IV: Recent Discoveries (2018–2020), edited by Sharon R. Steadman and Gregory McMahon, Cambridge Scholars Publishing, 2021.
Işıklı et al., 2021	PRELIMINARY RESULTS OF RADIOCARBON DATING ON AYANIS CASTLE in Archaeology of Anatolia, Volume IV: Recent Discoveries (2018 - 2020)	Işıklı, Mehmet, Alper Şengül, and Oğuz Aras. "Preliminary Results of Radiocarbon Dating on Ayanis Castle." The Archaeology of Anatolia, Volume IV: Recent Discoveries (2018–2020), edited by Sharon R. Steadman and Gregory McMahon, Cambridge Scholars Publishing, 2021.
Işıklı et al., 2021	PRELIMINARY RESULTS OF RADIOCARBON DATING ON AYANIS CASTLE in Archaeology of Anatolia, Volume IV: Recent Discoveries (2018 - 2020)	Işıklı, Mehmet, Alper Şengül, and Oğuz Aras. "Preliminary Results of Radiocarbon Dating on Ayanis Castle." The Archaeology of Anatolia, Volume IV: Recent Discoveries (2018–2020), edited by Sharon R. Steadman and Gregory McMahon, Cambridge Scholars Publishing, 2021.
Işıklı et al., 2021	PRELIMINARY RESULTS OF RADIOCARBON DATING ON AYANIS CASTLE in Archaeology of Anatolia, Volume IV: Recent Discoveries (2018 - 2020)	Işıklı, Mehmet, Alper Şengül, and Oğuz Aras. "Preliminary Results of Radiocarbon Dating on Ayanis Castle." The Archaeology of Anatolia, Volume IV: Recent Discoveries (2018–2020), edited by Sharon R. Steadman and Gregory McMahon, Cambridge Scholars Publishing, 2021.
Işıklı et al., 2021	PRELIMINARY RESULTS OF RADIOCARBON DATING ON AYANIS CASTLE in Archaeology of Anatolia, Volume IV: Recent Discoveries (2018 - 2020)	Işıklı, Mehmet, Alper Şengül, and Oğuz Aras. "Preliminary Results of Radiocarbon Dating on Ayanis Castle." The Archaeology of Anatolia, Volume IV: Recent Discoveries (2018–2020), edited by Sharon R. Steadman and Gregory McMahon, Cambridge Scholars Publishing, 2021.
de Martino et al., 2025	https://www.science.org/doi/abs/10.1126/science.adt2642	De Martino, M., et al. "The Dispersal of Domestic Cats from North Africa to Europe Around 2000 Years Ago." Science, vol. 390, no. 6776, 2025, p. eadt2642.
Koptekin et al., 2025	https://www.science.org/doi/10.1126/science.adr3326	Koptekin, Dilek, et al. "Out-of-Anatolia: Cultural and Genetic Interactions During the Neolithic Expansion in the Aegean." Science, vol. 388, no. 6754, 2025, p. eadr3326.
Koptekin et al., 2025	https://www.science.org/doi/10.1126/science.adr3326	Koptekin, Dilek, et al. "Out-of-Anatolia: Cultural and Genetic Interactions During the Neolithic Expansion in the Aegean." Science, vol. 388, no. 6754, 2025, p. eadr3326.
de Martino et al., 2025	https://www.science.org/doi/abs/10.1126/science.adt2642	De Martino, M., et al. "The Dispersal of Domestic Cats from North Africa to Europe Around 2000 Years Ago." Science, vol. 390, no. 6776, 2025, p. eadt2642.
Fidan et al., 2022	https://www.maajournal.com/index.php/maa/article/view/811/729	Fidan, Erkan, et al. "Radiocarbon Dating Evidence and Cultural Sequencing in Chronology of Neolithic Settlement at Bilecik-Bahçelievler from Northwest Anatolia." Mediterranean Archaeology and Archaeometry, vol. 22, no. 3, 2022.
Fidan et al., 2022	https://www.maajournal.com/index.php/maa/article/view/811/729	Fidan, Erkan, et al. "Radiocarbon Dating Evidence and Cultural Sequencing in Chronology of Neolithic Settlement at Bilecik-Bahçelievler from Northwest Anatolia." Mediterranean Archaeology and Archaeometry, vol. 22, no. 3, 2022.
Fidan et al., 2022	https://www.maajournal.com/index.php/maa/article/view/811/729	Fidan, Erkan, et al. "Radiocarbon Dating Evidence and Cultural Sequencing in Chronology of Neolithic Settlement at Bilecik-Bahçelievler from Northwest Anatolia." Mediterranean Archaeology and Archaeometry, vol. 22, no. 3, 2022.
Fidan et al., 2022	https://www.maajournal.com/index.php/maa/article/view/811/729	Fidan, Erkan, et al. "Radiocarbon Dating Evidence and Cultural Sequencing in Chronology of Neolithic Settlement at Bilecik-Bahçelievler from Northwest Anatolia." Mediterranean Archaeology and Archaeometry, vol. 22, no. 3, 2022.
Fidan et al., 2022	https://www.maajournal.com/index.php/maa/article/view/811/729	Fidan, Erkan, et al. "Radiocarbon Dating Evidence and Cultural Sequencing in Chronology of Neolithic Settlement at Bilecik-Bahçelievler from Northwest Anatolia." Mediterranean Archaeology and Archaeometry, vol. 22, no. 3, 2022.
Fidan et al., 2022	https://www.maajournal.com/index.php/maa/article/view/811/729	Fidan, Erkan, et al. "Radiocarbon Dating Evidence and Cultural Sequencing in Chronology of Neolithic Settlement at Bilecik-Bahçelievler from Northwest Anatolia." Mediterranean Archaeology and Archaeometry, vol. 22, no. 3, 2022.
Fidan et al., 2022	https://www.maajournal.com/index.php/maa/article/view/811/729	Fidan, Erkan, et al. "Radiocarbon Dating Evidence and Cultural Sequencing in Chronology of Neolithic Settlement at Bilecik-Bahçelievler from Northwest Anatolia." Mediterranean Archaeology and Archaeometry, vol. 22, no. 3, 2022.
Fidan et al., 2022	https://www.maajournal.com/index.php/maa/article/view/811/729	Fidan, Erkan, et al. "Radiocarbon Dating Evidence and Cultural Sequencing in Chronology of Neolithic Settlement at Bilecik-Bahçelievler from Northwest Anatolia." Mediterranean Archaeology and Archaeometry, vol. 22, no. 3, 2022.
Fidan et al., 2022	https://www.maajournal.com/index.php/maa/article/view/811/729	Fidan, Erkan, et al. "Radiocarbon Dating Evidence and Cultural Sequencing in Chronology of Neolithic Settlement at Bilecik-Bahçelievler from Northwest Anatolia." Mediterranean Archaeology and Archaeometry, vol. 22, no. 3, 2022.
Koptekin et al., 2025	https://www.science.org/doi/10.1126/science.adr3326	Koptekin, Dilek, et al. "Out-of-Anatolia: Cultural and Genetic Interactions During the Neolithic Expansion in the Aegean." Science, vol. 388, no. 6754, 2025, p. eadr3326.
Fidan et al., 2022	https://www.maajournal.com/index.php/maa/article/view/811/729	Fidan, Erkan, et al. "Radiocarbon Dating Evidence and Cultural Sequencing in Chronology of Neolithic Settlement at Bilecik-Bahçelievler from Northwest Anatolia." Mediterranean Archaeology and Archaeometry, vol. 22, no. 3, 2022.
Fidan et al., 2022	https://www.maajournal.com/index.php/maa/article/view/811/729	Fidan, Erkan, et al. "Radiocarbon Dating Evidence and Cultural Sequencing in Chronology of Neolithic Settlement at Bilecik-Bahçelievler from Northwest Anatolia." Mediterranean Archaeology and Archaeometry, vol. 22, no. 3, 2022.
Fidan et al., 2022	https://www.maajournal.com/index.php/maa/article/view/811/729	Fidan, Erkan, et al. "Radiocarbon Dating Evidence and Cultural Sequencing in Chronology of Neolithic Settlement at Bilecik-Bahçelievler from Northwest Anatolia." Mediterranean Archaeology and Archaeometry, vol. 22, no. 3, 2022.
Fidan et al., 2022	https://www.maajournal.com/index.php/maa/article/view/811/729	Fidan, Erkan, et al. "Radiocarbon Dating Evidence and Cultural Sequencing in Chronology of Neolithic Settlement at Bilecik-Bahçelievler from Northwest Anatolia." Mediterranean Archaeology and Archaeometry, vol. 22, no. 3, 2022.
Fidan et al., 2022	https://www.maajournal.com/index.php/maa/article/view/811/729	Fidan, Erkan, et al. "Radiocarbon Dating Evidence and Cultural Sequencing in Chronology of Neolithic Settlement at Bilecik-Bahçelievler from Northwest Anatolia." Mediterranean Archaeology and Archaeometry, vol. 22, no. 3, 2022.
Fidan et al., 2022	https://www.maajournal.com/index.php/maa/article/view/811/729	Fidan, Erkan, et al. "Radiocarbon Dating Evidence and Cultural Sequencing in Chronology of Neolithic Settlement at Bilecik-Bahçelievler from Northwest Anatolia." Mediterranean Archaeology and Archaeometry, vol. 22, no. 3, 2022.
Fidan et al., 2022	https://www.maajournal.com/index.php/maa/article/view/811/729	Fidan, Erkan, et al. "Radiocarbon Dating Evidence and Cultural Sequencing in Chronology of Neolithic Settlement at Bilecik-Bahçelievler from Northwest Anatolia." Mediterranean Archaeology and Archaeometry, vol. 22, no. 3, 2022.
Fidan et al., 2022	https://www.maajournal.com/index.php/maa/article/view/811/729	Fidan, Erkan, et al. "Radiocarbon Dating Evidence and Cultural Sequencing in Chronology of Neolithic Settlement at Bilecik-Bahçelievler from Northwest Anatolia." Mediterranean Archaeology and Archaeometry, vol. 22, no. 3, 2022.
Fidan et al., 2022	https://www.maajournal.com/index.php/maa/article/view/811/729	Fidan, Erkan, et al. "Radiocarbon Dating Evidence and Cultural Sequencing in Chronology of Neolithic Settlement at Bilecik-Bahçelievler from Northwest Anatolia." Mediterranean Archaeology and Archaeometry, vol. 22, no. 3, 2022.
Fidan et al., 2022	https://www.maajournal.com/index.php/maa/article/view/811/729	Fidan, Erkan, et al. "Radiocarbon Dating Evidence and Cultural Sequencing in Chronology of Neolithic Settlement at Bilecik-Bahçelievler from Northwest Anatolia." Mediterranean Archaeology and Archaeometry, vol. 22, no. 3, 2022.
Fidan et al., 2022	https://www.maajournal.com/index.php/maa/article/view/811/729	Fidan, Erkan, et al. "Radiocarbon Dating Evidence and Cultural Sequencing in Chronology of Neolithic Settlement at Bilecik-Bahçelievler from Northwest Anatolia." Mediterranean Archaeology and Archaeometry, vol. 22, no. 3, 2022.
Goring-Morris et al., 2024	https://www.cambridge.org/core/journals/antiquity/article/variation-in-the-development-of-neolithic-societies-atop-the-central-anatolian-plateau-recent-results-from-balikli/146BBBAA71B7D604930162C37791112F#article	Goring-Morris, A. Nigel, et al. "Variation in the Development of Neolithic Societies Atop the Central Anatolian Plateau: Recent Results from Balıklı." Antiquity, vol. 98, no. 401, 2024, pp. 1163-80.
Goring-Morris et al., 2024	https://www.cambridge.org/core/journals/antiquity/article/variation-in-the-development-of-neolithic-societies-atop-the-central-anatolian-plateau-recent-results-from-balikli/146BBBAA71B7D604930162C37791112F#article	Goring-Morris, A. Nigel, et al. "Variation in the Development of Neolithic Societies Atop the Central Anatolian Plateau: Recent Results from Balıklı." Antiquity, vol. 98, no. 401, 2024, pp. 1163-80.
Goring-Morris et al., 2024	https://www.cambridge.org/core/journals/antiquity/article/variation-in-the-development-of-neolithic-societies-atop-the-central-anatolian-plateau-recent-results-from-balikli/146BBBAA71B7D604930162C37791112F#article	Goring-Morris, A. Nigel, et al. "Variation in the Development of Neolithic Societies Atop the Central Anatolian Plateau: Recent Results from Balıklı." Antiquity, vol. 98, no. 401, 2024, pp. 1163-80.
Goring-Morris et al., 2024	https://www.cambridge.org/core/journals/antiquity/article/variation-in-the-development-of-neolithic-societies-atop-the-central-anatolian-plateau-recent-results-from-balikli/146BBBAA71B7D604930162C37791112F#article	Goring-Morris, A. Nigel, et al. "Variation in the Development of Neolithic Societies Atop the Central Anatolian Plateau: Recent Results from Balıklı." Antiquity, vol. 98, no. 401, 2024, pp. 1163-80.
Goring-Morris et al., 2024	https://www.cambridge.org/core/journals/antiquity/article/variation-in-the-development-of-neolithic-societies-atop-the-central-anatolian-plateau-recent-results-from-balikli/146BBBAA71B7D604930162C37791112F#article	Goring-Morris, A. Nigel, et al. "Variation in the Development of Neolithic Societies Atop the Central Anatolian Plateau: Recent Results from Balıklı." Antiquity, vol. 98, no. 401, 2024, pp. 1163-80.
Goring-Morris et al., 2024	https://www.cambridge.org/core/journals/antiquity/article/variation-in-the-development-of-neolithic-societies-atop-the-central-anatolian-plateau-recent-results-from-balikli/146BBBAA71B7D604930162C37791112F#article	Goring-Morris, A. Nigel, et al. "Variation in the Development of Neolithic Societies Atop the Central Anatolian Plateau: Recent Results from Balıklı." Antiquity, vol. 98, no. 401, 2024, pp. 1163-80.
Goring-Morris et al., 2024	https://www.cambridge.org/core/journals/antiquity/article/variation-in-the-development-of-neolithic-societies-atop-the-central-anatolian-plateau-recent-results-from-balikli/146BBBAA71B7D604930162C37791112F#article	Goring-Morris, A. Nigel, et al. "Variation in the Development of Neolithic Societies Atop the Central Anatolian Plateau: Recent Results from Balıklı." Antiquity, vol. 98, no. 401, 2024, pp. 1163-80.
Goring-Morris et al., 2024	https://www.cambridge.org/core/journals/antiquity/article/variation-in-the-development-of-neolithic-societies-atop-the-central-anatolian-plateau-recent-results-from-balikli/146BBBAA71B7D604930162C37791112F#article	Goring-Morris, A. Nigel, et al. "Variation in the Development of Neolithic Societies Atop the Central Anatolian Plateau: Recent Results from Balıklı." Antiquity, vol. 98, no. 401, 2024, pp. 1163-80.
Goring-Morris et al., 2024	https://www.cambridge.org/core/journals/antiquity/article/variation-in-the-development-of-neolithic-societies-atop-the-central-anatolian-plateau-recent-results-from-balikli/146BBBAA71B7D604930162C37791112F#article	Goring-Morris, A. Nigel, et al. "Variation in the Development of Neolithic Societies Atop the Central Anatolian Plateau: Recent Results from Balıklı." Antiquity, vol. 98, no. 401, 2024, pp. 1163-80.
Goring-Morris et al., 2024	https://www.cambridge.org/core/journals/antiquity/article/variation-in-the-development-of-neolithic-societies-atop-the-central-anatolian-plateau-recent-results-from-balikli/146BBBAA71B7D604930162C37791112F#article	Goring-Morris, A. Nigel, et al. "Variation in the Development of Neolithic Societies Atop the Central Anatolian Plateau: Recent Results from Balıklı." Antiquity, vol. 98, no. 401, 2024, pp. 1163-80.
Goring-Morris et al., 2024	https://www.cambridge.org/core/journals/antiquity/article/variation-in-the-development-of-neolithic-societies-atop-the-central-anatolian-plateau-recent-results-from-balikli/146BBBAA71B7D604930162C37791112F#article	Goring-Morris, A. Nigel, et al. "Variation in the Development of Neolithic Societies Atop the Central Anatolian Plateau: Recent Results from Balıklı." Antiquity, vol. 98, no. 401, 2024, pp. 1163-80.
Goring-Morris et al., 2024	https://www.cambridge.org/core/journals/antiquity/article/variation-in-the-development-of-neolithic-societies-atop-the-central-anatolian-plateau-recent-results-from-balikli/146BBBAA71B7D604930162C37791112F#article	Goring-Morris, A. Nigel, et al. "Variation in the Development of Neolithic Societies Atop the Central Anatolian Plateau: Recent Results from Balıklı." Antiquity, vol. 98, no. 401, 2024, pp. 1163-80.
Goring-Morris et al., 2024	https://www.cambridge.org/core/journals/antiquity/article/variation-in-the-development-of-neolithic-societies-atop-the-central-anatolian-plateau-recent-results-from-balikli/146BBBAA71B7D604930162C37791112F#article	Goring-Morris, A. Nigel, et al. "Variation in the Development of Neolithic Societies Atop the Central Anatolian Plateau: Recent Results from Balıklı." Antiquity, vol. 98, no. 401, 2024, pp. 1163-80.
Goring-Morris et al., 2024	https://www.cambridge.org/core/journals/antiquity/article/variation-in-the-development-of-neolithic-societies-atop-the-central-anatolian-plateau-recent-results-from-balikli/146BBBAA71B7D604930162C37791112F#article	Goring-Morris, A. Nigel, et al. "Variation in the Development of Neolithic Societies Atop the Central Anatolian Plateau: Recent Results from Balıklı." Antiquity, vol. 98, no. 401, 2024, pp. 1163-80.
Goring-Morris et al., 2024	https://www.cambridge.org/core/journals/antiquity/article/variation-in-the-development-of-neolithic-societies-atop-the-central-anatolian-plateau-recent-results-from-balikli/146BBBAA71B7D604930162C37791112F#article	Goring-Morris, A. Nigel, et al. "Variation in the Development of Neolithic Societies Atop the Central Anatolian Plateau: Recent Results from Balıklı." Antiquity, vol. 98, no. 401, 2024, pp. 1163-80.
Goring-Morris et al., 2024	https://www.cambridge.org/core/journals/antiquity/article/variation-in-the-development-of-neolithic-societies-atop-the-central-anatolian-plateau-recent-results-from-balikli/146BBBAA71B7D604930162C37791112F#article	Goring-Morris, A. Nigel, et al. "Variation in the Development of Neolithic Societies Atop the Central Anatolian Plateau: Recent Results from Balıklı." Antiquity, vol. 98, no. 401, 2024, pp. 1163-80.
Özbal et al., 2026	https://www.cambridge.org/core/services/aop-cambridge-core/content/view/203EF7CE9AE18FC8BE1F32CFC6C2FC75/S1461957125100272a.pdf/div-class-title-diet-and-mobility-in-byzantine-western-anatolia-carbon-and-nitrogen-isotopic-ratios-and-ancient-dna-evidence-from-barcin-hoyuk-and-kadikalesi-anaia-div.pdf	Özbal, Rana, et al. "Diet and Mobility in Byzantine Western Anatolia: Carbon and Nitrogen Isotopic Ratios and Ancient DNA Evidence from Barcın Höyük and Kadıkalesi Anaia." European Journal of Archaeology, 2026, pp. 1-21.
Hofmanova, 2016 (dissertation)	https://openscience.ub.uni-mainz.de/server/api/core/bitstreams/bcf88091-c643-4bd1-b015-aa01207a82c6/content	Hofmanová, Zuzana. Palaeogenomic and Biostatistical Analysis of Ancient DNA Data from Mesolithic and Neolithic Skeletal Remains. 2016. Johannes Gutenberg University Mainz, PhD dissertation.
Budd et al., 2020	https://www.sciencedirect.com/science/article/pii/S2352409X20300791	Budd, Chelsea, et al. "Early Farmers in Northwest Turkey: First Dietary Isotopes Study of Human Diet at Neolithic Barcın Höyük." Journal of Archaeological Science: Reports, vol. 31, 2020, p. 102288.
Hofmanova, 2016 (dissertation)	https://openscience.ub.uni-mainz.de/server/api/core/bitstreams/bcf88091-c643-4bd1-b015-aa01207a82c6/content	Hofmanová, Zuzana. Palaeogenomic and Biostatistical Analysis of Ancient DNA Data from Mesolithic and Neolithic Skeletal Remains. 2016. Johannes Gutenberg University Mainz, PhD dissertation.
Hofmanova, 2016 (dissertation)	https://openscience.ub.uni-mainz.de/server/api/core/bitstreams/bcf88091-c643-4bd1-b015-aa01207a82c6/content	Hofmanová, Zuzana. Palaeogenomic and Biostatistical Analysis of Ancient DNA Data from Mesolithic and Neolithic Skeletal Remains. 2016. Johannes Gutenberg University Mainz, PhD dissertation.
Hofmanova, 2016 (dissertation)	https://openscience.ub.uni-mainz.de/server/api/core/bitstreams/bcf88091-c643-4bd1-b015-aa01207a82c6/content	Hofmanová, Zuzana. Palaeogenomic and Biostatistical Analysis of Ancient DNA Data from Mesolithic and Neolithic Skeletal Remains. 2016. Johannes Gutenberg University Mainz, PhD dissertation.
Budd et al., 2020	https://www.sciencedirect.com/science/article/pii/S2352409X20300791	Budd, Chelsea, et al. "Early Farmers in Northwest Turkey: First Dietary Isotopes Study of Human Diet at Neolithic Barcın Höyük." Journal of Archaeological Science: Reports, vol. 31, 2020, p. 102288.
Erdem et al.,2023	https://www.maajournal.com/index.php/maa/article/view/946	Erdem, Aylin Ü., Gülnur Sümer, and Kader Gürgen. "Bronze Age Relief-Decorated Pottery in Western Turkey: New Evidence from Izmir-Bayrakli Mound." Mediterranean Archaeology and Archaeometry, vol. 23, no. 2, 2023, pp. 89-107.
Erdem et al.,2023	https://www.maajournal.com/index.php/maa/article/view/946	Erdem, Aylin Ü., Gülnur Sümer, and Kader Gürgen. "Bronze Age Relief-Decorated Pottery in Western Turkey: New Evidence from Izmir-Bayrakli Mound." Mediterranean Archaeology and Archaeometry, vol. 23, no. 2, 2023, pp. 89-107.
Derici, 2025	PhD Thesis: Neolitik ve Kalkolitik çağlarda teke yarımadası	Neolitik ve Kalkolitik Çağlarda Teke Yarımadası. PhD thesis.
Ergün, 2023	PhD Thesis: İç Batı Anadolu Orta Tunç Çağı keramiğinin Beycesultan Höyüğü verilerine göre yeniden değerlendirilmesi / Reassesment of inner West Anatolia Middle Bronze Age ceramics according to Beycesultan Höyük	Ergün, G. İç Batı Anadolu Orta Tunç Çağ Keramiğinin Beycesultan Höyüğü Verilerine Göre Yeniden Değerlendirilmesi. 2023. Ege Üniversitesi, Doktora tezi.
Ergün, 2023	PhD Thesis: İç Batı Anadolu Orta Tunç Çağı keramiğinin Beycesultan Höyüğü verilerine göre yeniden değerlendirilmesi / Reassesment of inner West Anatolia Middle Bronze Age ceramics according to Beycesultan Höyük	Ergün, G. İç Batı Anadolu Orta Tunç Çağ Keramiğinin Beycesultan Höyüğü Verilerine Göre Yeniden Değerlendirilmesi. 2023. Ege Üniversitesi, Doktora tezi.
Ergün, 2023	PhD Thesis: İç Batı Anadolu Orta Tunç Çağı keramiğinin Beycesultan Höyüğü verilerine göre yeniden değerlendirilmesi / Reassesment of inner West Anatolia Middle Bronze Age ceramics according to Beycesultan Höyük	Ergün, G. İç Batı Anadolu Orta Tunç Çağ Keramiğinin Beycesultan Höyüğü Verilerine Göre Yeniden Değerlendirilmesi. 2023. Ege Üniversitesi, Doktora tezi.
Ergün, 2023	PhD Thesis: İç Batı Anadolu Orta Tunç Çağı keramiğinin Beycesultan Höyüğü verilerine göre yeniden değerlendirilmesi / Reassesment of inner West Anatolia Middle Bronze Age ceramics according to Beycesultan Höyük	Ergün, G. İç Batı Anadolu Orta Tunç Çağ Keramiğinin Beycesultan Höyüğü Verilerine Göre Yeniden Değerlendirilmesi. 2023. Ege Üniversitesi, Doktora tezi.
Ergün, 2023	PhD Thesis: İç Batı Anadolu Orta Tunç Çağı keramiğinin Beycesultan Höyüğü verilerine göre yeniden değerlendirilmesi / Reassesment of inner West Anatolia Middle Bronze Age ceramics according to Beycesultan Höyük	Ergün, G. İç Batı Anadolu Orta Tunç Çağ Keramiğinin Beycesultan Höyüğü Verilerine Göre Yeniden Değerlendirilmesi. 2023. Ege Üniversitesi, Doktora tezi.
Ergün, 2023	PhD Thesis: İç Batı Anadolu Orta Tunç Çağı keramiğinin Beycesultan Höyüğü verilerine göre yeniden değerlendirilmesi / Reassesment of inner West Anatolia Middle Bronze Age ceramics according to Beycesultan Höyük	Ergün, G. İç Batı Anadolu Orta Tunç Çağ Keramiğinin Beycesultan Höyüğü Verilerine Göre Yeniden Değerlendirilmesi. 2023. Ege Üniversitesi, Doktora tezi.
Ergün, 2023	PhD Thesis: İç Batı Anadolu Orta Tunç Çağı keramiğinin Beycesultan Höyüğü verilerine göre yeniden değerlendirilmesi / Reassesment of inner West Anatolia Middle Bronze Age ceramics according to Beycesultan Höyük	Ergün, G. İç Batı Anadolu Orta Tunç Çağ Keramiğinin Beycesultan Höyüğü Verilerine Göre Yeniden Değerlendirilmesi. 2023. Ege Üniversitesi, Doktora tezi.
Seeher 2000, 373 Abb. 21        Schoop - Seeher 2006, Abb. 15	https://repo.dainst.org/my_MM/dataset/bronze-age-radiocarbondates-from-bogazkoy-hattusha/resource/b2024fd3-c00e-46ad-9837-20161a99ff79	Schachner, Andreas. Bogazköy C14 Daten 2nd Mill_v1.csv (from Bronze Age Radiocarbondates from Bogazkoy-Hattusha, v.1). Data set resource, DAI, 2023, repo.dainst.org/my_MM/dataset/bronze-age-radiocarbondates-from-bogazkoy-hattusha/resource/b2024fd3-c00e-46ad-9837-20161a99ff79.
Seeher 2000, 373 Abb. 21        Schoop - Seeher 2006, Abb. 15	https://repo.dainst.org/my_MM/dataset/bronze-age-radiocarbondates-from-bogazkoy-hattusha/resource/b2024fd3-c00e-46ad-9837-20161a99ff79	Schachner, Andreas. Bogazköy C14 Daten 2nd Mill_v1.csv (from Bronze Age Radiocarbondates from Bogazkoy-Hattusha, v.1). Data set resource, DAI, 2023, repo.dainst.org/my_MM/dataset/bronze-age-radiocarbondates-from-bogazkoy-hattusha/resource/b2024fd3-c00e-46ad-9837-20161a99ff79.
Seeher 2000, 373 Abb. 21        Schoop - Seeher 2006, Abb. 15	https://repo.dainst.org/my_MM/dataset/bronze-age-radiocarbondates-from-bogazkoy-hattusha/resource/b2024fd3-c00e-46ad-9837-20161a99ff79	Schachner, Andreas. Bogazköy C14 Daten 2nd Mill_v1.csv (from Bronze Age Radiocarbondates from Bogazkoy-Hattusha, v.1). Data set resource, DAI, 2023, repo.dainst.org/my_MM/dataset/bronze-age-radiocarbondates-from-bogazkoy-hattusha/resource/b2024fd3-c00e-46ad-9837-20161a99ff79.
Seeher 2000, 373 Abb. 21        Schoop - Seeher 2006, Abb. 15	https://repo.dainst.org/my_MM/dataset/bronze-age-radiocarbondates-from-bogazkoy-hattusha/resource/b2024fd3-c00e-46ad-9837-20161a99ff79	Schachner, Andreas. Bogazköy C14 Daten 2nd Mill_v1.csv (from Bronze Age Radiocarbondates from Bogazkoy-Hattusha, v.1). Data set resource, DAI, 2023, repo.dainst.org/my_MM/dataset/bronze-age-radiocarbondates-from-bogazkoy-hattusha/resource/b2024fd3-c00e-46ad-9837-20161a99ff79.
Seeher 2000, 373 Abb. 21        Schoop - Seeher 2006, Abb. 15	https://repo.dainst.org/my_MM/dataset/bronze-age-radiocarbondates-from-bogazkoy-hattusha/resource/b2024fd3-c00e-46ad-9837-20161a99ff79	Schachner, Andreas. Bogazköy C14 Daten 2nd Mill_v1.csv (from Bronze Age Radiocarbondates from Bogazkoy-Hattusha, v.1). Data set resource, DAI, 2023, repo.dainst.org/my_MM/dataset/bronze-age-radiocarbondates-from-bogazkoy-hattusha/resource/b2024fd3-c00e-46ad-9837-20161a99ff79.
Seeher 2000, 373 Abb. 21        Schoop - Seeher 2006, Abb. 15	https://repo.dainst.org/my_MM/dataset/bronze-age-radiocarbondates-from-bogazkoy-hattusha/resource/b2024fd3-c00e-46ad-9837-20161a99ff79	Schachner, Andreas. Bogazköy C14 Daten 2nd Mill_v1.csv (from Bronze Age Radiocarbondates from Bogazkoy-Hattusha, v.1). Data set resource, DAI, 2023, repo.dainst.org/my_MM/dataset/bronze-age-radiocarbondates-from-bogazkoy-hattusha/resource/b2024fd3-c00e-46ad-9837-20161a99ff79.
Schachner 2023, §7 Abb. 10-11	https://repo.dainst.org/my_MM/dataset/bronze-age-radiocarbondates-from-bogazkoy-hattusha/resource/b2024fd3-c00e-46ad-9837-20161a99ff79	Schachner, Andreas. Bogazköy C14 Daten 2nd Mill_v1.csv (from Bronze Age Radiocarbondates from Bogazkoy-Hattusha, v.1). Data set resource, DAI, 2023, repo.dainst.org/my_MM/dataset/bronze-age-radiocarbondates-from-bogazkoy-hattusha/resource/b2024fd3-c00e-46ad-9837-20161a99ff79.
Schachner 2017, 300 Tab. 67	https://repo.dainst.org/my_MM/dataset/bronze-age-radiocarbondates-from-bogazkoy-hattusha/resource/b2024fd3-c00e-46ad-9837-20161a99ff79	Schachner, Andreas. Bogazköy C14 Daten 2nd Mill_v1.csv (from Bronze Age Radiocarbondates from Bogazkoy-Hattusha, v.1). Data set resource, DAI, 2023, repo.dainst.org/my_MM/dataset/bronze-age-radiocarbondates-from-bogazkoy-hattusha/resource/b2024fd3-c00e-46ad-9837-20161a99ff79.
Schachner 2022, 19-20 Abb.12 Schachner 2024, 354-355 Abb. 356-357 Tab. 26	https://repo.dainst.org/my_MM/dataset/bronze-age-radiocarbondates-from-bogazkoy-hattusha/resource/b2024fd3-c00e-46ad-9837-20161a99ff79	Schachner, Andreas. Bogazköy C14 Daten 2nd Mill_v1.csv (from Bronze Age Radiocarbondates from Bogazkoy-Hattusha, v.1). Data set resource, DAI, 2023, repo.dainst.org/my_MM/dataset/bronze-age-radiocarbondates-from-bogazkoy-hattusha/resource/b2024fd3-c00e-46ad-9837-20161a99ff79.
Gruber 2023, §82-84 Abb. 52	https://repo.dainst.org/my_MM/dataset/bronze-age-radiocarbondates-from-bogazkoy-hattusha/resource/b2024fd3-c00e-46ad-9837-20161a99ff79	Schachner, Andreas. Bogazköy C14 Daten 2nd Mill_v1.csv (from Bronze Age Radiocarbondates from Bogazkoy-Hattusha, v.1). Data set resource, DAI, 2023, repo.dainst.org/my_MM/dataset/bronze-age-radiocarbondates-from-bogazkoy-hattusha/resource/b2024fd3-c00e-46ad-9837-20161a99ff79.
Gruber 2023, §82-84 Abb. 52	https://repo.dainst.org/my_MM/dataset/bronze-age-radiocarbondates-from-bogazkoy-hattusha/resource/b2024fd3-c00e-46ad-9837-20161a99ff79	Schachner, Andreas. Bogazköy C14 Daten 2nd Mill_v1.csv (from Bronze Age Radiocarbondates from Bogazkoy-Hattusha, v.1). Data set resource, DAI, 2023, repo.dainst.org/my_MM/dataset/bronze-age-radiocarbondates-from-bogazkoy-hattusha/resource/b2024fd3-c00e-46ad-9837-20161a99ff79.
Schachner 2022, 19-20 Abb.12 Schachner 2024, 354-355 Abb. 356-357 Tab. 26	https://repo.dainst.org/my_MM/dataset/bronze-age-radiocarbondates-from-bogazkoy-hattusha/resource/b2024fd3-c00e-46ad-9837-20161a99ff79	Schachner, Andreas. Bogazköy C14 Daten 2nd Mill_v1.csv (from Bronze Age Radiocarbondates from Bogazkoy-Hattusha, v.1). Data set resource, DAI, 2023, repo.dainst.org/my_MM/dataset/bronze-age-radiocarbondates-from-bogazkoy-hattusha/resource/b2024fd3-c00e-46ad-9837-20161a99ff79.
Gruber 2023, §82-84 Abb. 52	https://repo.dainst.org/my_MM/dataset/bronze-age-radiocarbondates-from-bogazkoy-hattusha/resource/b2024fd3-c00e-46ad-9837-20161a99ff79	Schachner, Andreas. Bogazköy C14 Daten 2nd Mill_v1.csv (from Bronze Age Radiocarbondates from Bogazkoy-Hattusha, v.1). Data set resource, DAI, 2023, repo.dainst.org/my_MM/dataset/bronze-age-radiocarbondates-from-bogazkoy-hattusha/resource/b2024fd3-c00e-46ad-9837-20161a99ff79.
Schachner - Strupler 2021, §15-24 Abb. 18-19	https://repo.dainst.org/my_MM/dataset/bronze-age-radiocarbondates-from-bogazkoy-hattusha/resource/b2024fd3-c00e-46ad-9837-20161a99ff79	Schachner, Andreas. Bogazköy C14 Daten 2nd Mill_v1.csv (from Bronze Age Radiocarbondates from Bogazkoy-Hattusha, v.1). Data set resource, DAI, 2023, repo.dainst.org/my_MM/dataset/bronze-age-radiocarbondates-from-bogazkoy-hattusha/resource/b2024fd3-c00e-46ad-9837-20161a99ff79.
Gruber 2023, §82-84 Abb. 52	https://repo.dainst.org/my_MM/dataset/bronze-age-radiocarbondates-from-bogazkoy-hattusha/resource/b2024fd3-c00e-46ad-9837-20161a99ff79	Schachner, Andreas. Bogazköy C14 Daten 2nd Mill_v1.csv (from Bronze Age Radiocarbondates from Bogazkoy-Hattusha, v.1). Data set resource, DAI, 2023, repo.dainst.org/my_MM/dataset/bronze-age-radiocarbondates-from-bogazkoy-hattusha/resource/b2024fd3-c00e-46ad-9837-20161a99ff79.
Gruber 2023, §82-84 Abb. 52	https://repo.dainst.org/my_MM/dataset/bronze-age-radiocarbondates-from-bogazkoy-hattusha/resource/b2024fd3-c00e-46ad-9837-20161a99ff79	Schachner, Andreas. Bogazköy C14 Daten 2nd Mill_v1.csv (from Bronze Age Radiocarbondates from Bogazkoy-Hattusha, v.1). Data set resource, DAI, 2023, repo.dainst.org/my_MM/dataset/bronze-age-radiocarbondates-from-bogazkoy-hattusha/resource/b2024fd3-c00e-46ad-9837-20161a99ff79.
Schachner 2023, §7 Abb. 10-11	https://repo.dainst.org/my_MM/dataset/bronze-age-radiocarbondates-from-bogazkoy-hattusha/resource/b2024fd3-c00e-46ad-9837-20161a99ff79	Schachner, Andreas. Bogazköy C14 Daten 2nd Mill_v1.csv (from Bronze Age Radiocarbondates from Bogazkoy-Hattusha, v.1). Data set resource, DAI, 2023, repo.dainst.org/my_MM/dataset/bronze-age-radiocarbondates-from-bogazkoy-hattusha/resource/b2024fd3-c00e-46ad-9837-20161a99ff79.
Schachner 2023, §46-48 Abb. 41-42	https://repo.dainst.org/my_MM/dataset/bronze-age-radiocarbondates-from-bogazkoy-hattusha/resource/b2024fd3-c00e-46ad-9837-20161a99ff79	Schachner, Andreas. Bogazköy C14 Daten 2nd Mill_v1.csv (from Bronze Age Radiocarbondates from Bogazkoy-Hattusha, v.1). Data set resource, DAI, 2023, repo.dainst.org/my_MM/dataset/bronze-age-radiocarbondates-from-bogazkoy-hattusha/resource/b2024fd3-c00e-46ad-9837-20161a99ff79.
Schachner - Strupler 2021, §15-24 Abb. 18-19	https://repo.dainst.org/my_MM/dataset/bronze-age-radiocarbondates-from-bogazkoy-hattusha/resource/b2024fd3-c00e-46ad-9837-20161a99ff79	Schachner, Andreas. Bogazköy C14 Daten 2nd Mill_v1.csv (from Bronze Age Radiocarbondates from Bogazkoy-Hattusha, v.1). Data set resource, DAI, 2023, repo.dainst.org/my_MM/dataset/bronze-age-radiocarbondates-from-bogazkoy-hattusha/resource/b2024fd3-c00e-46ad-9837-20161a99ff79.
unpublished	https://repo.dainst.org/my_MM/dataset/bronze-age-radiocarbondates-from-bogazkoy-hattusha/resource/b2024fd3-c00e-46ad-9837-20161a99ff79	Schachner, Andreas. Bogazköy C14 Daten 2nd Mill_v1.csv (from Bronze Age Radiocarbondates from Bogazkoy-Hattusha, v.1). Data set resource, DAI, 2023, repo.dainst.org/my_MM/dataset/bronze-age-radiocarbondates-from-bogazkoy-hattusha/resource/b2024fd3-c00e-46ad-9837-20161a99ff79.
Schachner 2023, §46-48 Abb. 41-42	https://repo.dainst.org/my_MM/dataset/bronze-age-radiocarbondates-from-bogazkoy-hattusha/resource/b2024fd3-c00e-46ad-9837-20161a99ff79	Schachner, Andreas. Bogazköy C14 Daten 2nd Mill_v1.csv (from Bronze Age Radiocarbondates from Bogazkoy-Hattusha, v.1). Data set resource, DAI, 2023, repo.dainst.org/my_MM/dataset/bronze-age-radiocarbondates-from-bogazkoy-hattusha/resource/b2024fd3-c00e-46ad-9837-20161a99ff79.
Schachner - Strupler 2021, §15-24 Abb. 18-19	https://repo.dainst.org/my_MM/dataset/bronze-age-radiocarbondates-from-bogazkoy-hattusha/resource/b2024fd3-c00e-46ad-9837-20161a99ff79	Schachner, Andreas. Bogazköy C14 Daten 2nd Mill_v1.csv (from Bronze Age Radiocarbondates from Bogazkoy-Hattusha, v.1). Data set resource, DAI, 2023, repo.dainst.org/my_MM/dataset/bronze-age-radiocarbondates-from-bogazkoy-hattusha/resource/b2024fd3-c00e-46ad-9837-20161a99ff79.
unpublished	https://repo.dainst.org/my_MM/dataset/bronze-age-radiocarbondates-from-bogazkoy-hattusha/resource/b2024fd3-c00e-46ad-9837-20161a99ff79	Schachner, Andreas. Bogazköy C14 Daten 2nd Mill_v1.csv (from Bronze Age Radiocarbondates from Bogazkoy-Hattusha, v.1). Data set resource, DAI, 2023, repo.dainst.org/my_MM/dataset/bronze-age-radiocarbondates-from-bogazkoy-hattusha/resource/b2024fd3-c00e-46ad-9837-20161a99ff79.
Schachner 2015, 68	https://repo.dainst.org/my_MM/dataset/bronze-age-radiocarbondates-from-bogazkoy-hattusha/resource/b2024fd3-c00e-46ad-9837-20161a99ff79	Schachner, Andreas. Bogazköy C14 Daten 2nd Mill_v1.csv (from Bronze Age Radiocarbondates from Bogazkoy-Hattusha, v.1). Data set resource, DAI, 2023, repo.dainst.org/my_MM/dataset/bronze-age-radiocarbondates-from-bogazkoy-hattusha/resource/b2024fd3-c00e-46ad-9837-20161a99ff79.
Schachner 2022, 19-20 Abb.12 Schachner 2024, 354-355 Abb. 356-357 Tab. 26	https://repo.dainst.org/my_MM/dataset/bronze-age-radiocarbondates-from-bogazkoy-hattusha/resource/b2024fd3-c00e-46ad-9837-20161a99ff79	Schachner, Andreas. Bogazköy C14 Daten 2nd Mill_v1.csv (from Bronze Age Radiocarbondates from Bogazkoy-Hattusha, v.1). Data set resource, DAI, 2023, repo.dainst.org/my_MM/dataset/bronze-age-radiocarbondates-from-bogazkoy-hattusha/resource/b2024fd3-c00e-46ad-9837-20161a99ff79.
Schachner - Strupler 2021, §15-24 Abb. 18-19	https://repo.dainst.org/my_MM/dataset/bronze-age-radiocarbondates-from-bogazkoy-hattusha/resource/b2024fd3-c00e-46ad-9837-20161a99ff79	Schachner, Andreas. Bogazköy C14 Daten 2nd Mill_v1.csv (from Bronze Age Radiocarbondates from Bogazkoy-Hattusha, v.1). Data set resource, DAI, 2023, repo.dainst.org/my_MM/dataset/bronze-age-radiocarbondates-from-bogazkoy-hattusha/resource/b2024fd3-c00e-46ad-9837-20161a99ff79.
Schachner - Strupler 2021, §15-24 Abb. 18-19	https://repo.dainst.org/my_MM/dataset/bronze-age-radiocarbondates-from-bogazkoy-hattusha/resource/b2024fd3-c00e-46ad-9837-20161a99ff79	Schachner, Andreas. Bogazköy C14 Daten 2nd Mill_v1.csv (from Bronze Age Radiocarbondates from Bogazkoy-Hattusha, v.1). Data set resource, DAI, 2023, repo.dainst.org/my_MM/dataset/bronze-age-radiocarbondates-from-bogazkoy-hattusha/resource/b2024fd3-c00e-46ad-9837-20161a99ff79.
Schachner 2023, §21-23 Abb. 25-26	https://repo.dainst.org/my_MM/dataset/bronze-age-radiocarbondates-from-bogazkoy-hattusha/resource/b2024fd3-c00e-46ad-9837-20161a99ff79	Schachner, Andreas. Bogazköy C14 Daten 2nd Mill_v1.csv (from Bronze Age Radiocarbondates from Bogazkoy-Hattusha, v.1). Data set resource, DAI, 2023, repo.dainst.org/my_MM/dataset/bronze-age-radiocarbondates-from-bogazkoy-hattusha/resource/b2024fd3-c00e-46ad-9837-20161a99ff79.
Schachner - Strupler 2021, §15-24 Abb. 18-19	https://repo.dainst.org/my_MM/dataset/bronze-age-radiocarbondates-from-bogazkoy-hattusha/resource/b2024fd3-c00e-46ad-9837-20161a99ff79	Schachner, Andreas. Bogazköy C14 Daten 2nd Mill_v1.csv (from Bronze Age Radiocarbondates from Bogazkoy-Hattusha, v.1). Data set resource, DAI, 2023, repo.dainst.org/my_MM/dataset/bronze-age-radiocarbondates-from-bogazkoy-hattusha/resource/b2024fd3-c00e-46ad-9837-20161a99ff79.
Schachner - Strupler 2021, §15-24 Abb. 18-19	https://repo.dainst.org/my_MM/dataset/bronze-age-radiocarbondates-from-bogazkoy-hattusha/resource/b2024fd3-c00e-46ad-9837-20161a99ff79	Schachner, Andreas. Bogazköy C14 Daten 2nd Mill_v1.csv (from Bronze Age Radiocarbondates from Bogazkoy-Hattusha, v.1). Data set resource, DAI, 2023, repo.dainst.org/my_MM/dataset/bronze-age-radiocarbondates-from-bogazkoy-hattusha/resource/b2024fd3-c00e-46ad-9837-20161a99ff79.
unpublished	https://repo.dainst.org/my_MM/dataset/bronze-age-radiocarbondates-from-bogazkoy-hattusha/resource/b2024fd3-c00e-46ad-9837-20161a99ff79	Schachner, Andreas. Bogazköy C14 Daten 2nd Mill_v1.csv (from Bronze Age Radiocarbondates from Bogazkoy-Hattusha, v.1). Data set resource, DAI, 2023, repo.dainst.org/my_MM/dataset/bronze-age-radiocarbondates-from-bogazkoy-hattusha/resource/b2024fd3-c00e-46ad-9837-20161a99ff79.
Schachner - Strupler 2021, §15-24 Abb. 18-19	https://repo.dainst.org/my_MM/dataset/bronze-age-radiocarbondates-from-bogazkoy-hattusha/resource/b2024fd3-c00e-46ad-9837-20161a99ff79	Schachner, Andreas. Bogazköy C14 Daten 2nd Mill_v1.csv (from Bronze Age Radiocarbondates from Bogazkoy-Hattusha, v.1). Data set resource, DAI, 2023, repo.dainst.org/my_MM/dataset/bronze-age-radiocarbondates-from-bogazkoy-hattusha/resource/b2024fd3-c00e-46ad-9837-20161a99ff79.
Schachner 2015, 72	https://repo.dainst.org/my_MM/dataset/bronze-age-radiocarbondates-from-bogazkoy-hattusha/resource/b2024fd3-c00e-46ad-9837-20161a99ff79	Schachner, Andreas. Bogazköy C14 Daten 2nd Mill_v1.csv (from Bronze Age Radiocarbondates from Bogazkoy-Hattusha, v.1). Data set resource, DAI, 2023, repo.dainst.org/my_MM/dataset/bronze-age-radiocarbondates-from-bogazkoy-hattusha/resource/b2024fd3-c00e-46ad-9837-20161a99ff79.
unpublished	https://repo.dainst.org/my_MM/dataset/bronze-age-radiocarbondates-from-bogazkoy-hattusha/resource/b2024fd3-c00e-46ad-9837-20161a99ff79	Schachner, Andreas. Bogazköy C14 Daten 2nd Mill_v1.csv (from Bronze Age Radiocarbondates from Bogazkoy-Hattusha, v.1). Data set resource, DAI, 2023, repo.dainst.org/my_MM/dataset/bronze-age-radiocarbondates-from-bogazkoy-hattusha/resource/b2024fd3-c00e-46ad-9837-20161a99ff79.
Schachner - Strupler 2021, §15-24 Abb. 18-19	https://repo.dainst.org/my_MM/dataset/bronze-age-radiocarbondates-from-bogazkoy-hattusha/resource/b2024fd3-c00e-46ad-9837-20161a99ff79	Schachner, Andreas. Bogazköy C14 Daten 2nd Mill_v1.csv (from Bronze Age Radiocarbondates from Bogazkoy-Hattusha, v.1). Data set resource, DAI, 2023, repo.dainst.org/my_MM/dataset/bronze-age-radiocarbondates-from-bogazkoy-hattusha/resource/b2024fd3-c00e-46ad-9837-20161a99ff79.
Schachner 2015, 68	https://repo.dainst.org/my_MM/dataset/bronze-age-radiocarbondates-from-bogazkoy-hattusha/resource/b2024fd3-c00e-46ad-9837-20161a99ff79	Schachner, Andreas. Bogazköy C14 Daten 2nd Mill_v1.csv (from Bronze Age Radiocarbondates from Bogazkoy-Hattusha, v.1). Data set resource, DAI, 2023, repo.dainst.org/my_MM/dataset/bronze-age-radiocarbondates-from-bogazkoy-hattusha/resource/b2024fd3-c00e-46ad-9837-20161a99ff79.
unpublished	https://repo.dainst.org/my_MM/dataset/bronze-age-radiocarbondates-from-bogazkoy-hattusha/resource/b2024fd3-c00e-46ad-9837-20161a99ff79	Schachner, Andreas. Bogazköy C14 Daten 2nd Mill_v1.csv (from Bronze Age Radiocarbondates from Bogazkoy-Hattusha, v.1). Data set resource, DAI, 2023, repo.dainst.org/my_MM/dataset/bronze-age-radiocarbondates-from-bogazkoy-hattusha/resource/b2024fd3-c00e-46ad-9837-20161a99ff79.
Schachner 2015, 68	https://repo.dainst.org/my_MM/dataset/bronze-age-radiocarbondates-from-bogazkoy-hattusha/resource/b2024fd3-c00e-46ad-9837-20161a99ff79	Schachner, Andreas. Bogazköy C14 Daten 2nd Mill_v1.csv (from Bronze Age Radiocarbondates from Bogazkoy-Hattusha, v.1). Data set resource, DAI, 2023, repo.dainst.org/my_MM/dataset/bronze-age-radiocarbondates-from-bogazkoy-hattusha/resource/b2024fd3-c00e-46ad-9837-20161a99ff79.
Schachner 2015, 68	https://repo.dainst.org/my_MM/dataset/bronze-age-radiocarbondates-from-bogazkoy-hattusha/resource/b2024fd3-c00e-46ad-9837-20161a99ff79	Schachner, Andreas. Bogazköy C14 Daten 2nd Mill_v1.csv (from Bronze Age Radiocarbondates from Bogazkoy-Hattusha, v.1). Data set resource, DAI, 2023, repo.dainst.org/my_MM/dataset/bronze-age-radiocarbondates-from-bogazkoy-hattusha/resource/b2024fd3-c00e-46ad-9837-20161a99ff79.
Schachner 2023, §46-48 Abb. 41-42	https://repo.dainst.org/my_MM/dataset/bronze-age-radiocarbondates-from-bogazkoy-hattusha/resource/b2024fd3-c00e-46ad-9837-20161a99ff79	Schachner, Andreas. Bogazköy C14 Daten 2nd Mill_v1.csv (from Bronze Age Radiocarbondates from Bogazkoy-Hattusha, v.1). Data set resource, DAI, 2023, repo.dainst.org/my_MM/dataset/bronze-age-radiocarbondates-from-bogazkoy-hattusha/resource/b2024fd3-c00e-46ad-9837-20161a99ff79.
Schachner - Strupler 2021, §15-24 Abb. 18-19	https://repo.dainst.org/my_MM/dataset/bronze-age-radiocarbondates-from-bogazkoy-hattusha/resource/b2024fd3-c00e-46ad-9837-20161a99ff79	Schachner, Andreas. Bogazköy C14 Daten 2nd Mill_v1.csv (from Bronze Age Radiocarbondates from Bogazkoy-Hattusha, v.1). Data set resource, DAI, 2023, repo.dainst.org/my_MM/dataset/bronze-age-radiocarbondates-from-bogazkoy-hattusha/resource/b2024fd3-c00e-46ad-9837-20161a99ff79.
Schachner 2022, §67-71 Abb. 41	https://repo.dainst.org/my_MM/dataset/bronze-age-radiocarbondates-from-bogazkoy-hattusha/resource/b2024fd3-c00e-46ad-9837-20161a99ff79	Schachner, Andreas. Bogazköy C14 Daten 2nd Mill_v1.csv (from Bronze Age Radiocarbondates from Bogazkoy-Hattusha, v.1). Data set resource, DAI, 2023, repo.dainst.org/my_MM/dataset/bronze-age-radiocarbondates-from-bogazkoy-hattusha/resource/b2024fd3-c00e-46ad-9837-20161a99ff79.
Schachner - Strupler 2021, §15-24 Abb. 18-19	https://repo.dainst.org/my_MM/dataset/bronze-age-radiocarbondates-from-bogazkoy-hattusha/resource/b2024fd3-c00e-46ad-9837-20161a99ff79	Schachner, Andreas. Bogazköy C14 Daten 2nd Mill_v1.csv (from Bronze Age Radiocarbondates from Bogazkoy-Hattusha, v.1). Data set resource, DAI, 2023, repo.dainst.org/my_MM/dataset/bronze-age-radiocarbondates-from-bogazkoy-hattusha/resource/b2024fd3-c00e-46ad-9837-20161a99ff79.
unpublished	https://repo.dainst.org/my_MM/dataset/bronze-age-radiocarbondates-from-bogazkoy-hattusha/resource/b2024fd3-c00e-46ad-9837-20161a99ff79	Schachner, Andreas. Bogazköy C14 Daten 2nd Mill_v1.csv (from Bronze Age Radiocarbondates from Bogazkoy-Hattusha, v.1). Data set resource, DAI, 2023, repo.dainst.org/my_MM/dataset/bronze-age-radiocarbondates-from-bogazkoy-hattusha/resource/b2024fd3-c00e-46ad-9837-20161a99ff79.
Schachner 2023, §46-48 Abb. 41-42	https://repo.dainst.org/my_MM/dataset/bronze-age-radiocarbondates-from-bogazkoy-hattusha/resource/b2024fd3-c00e-46ad-9837-20161a99ff79	Schachner, Andreas. Bogazköy C14 Daten 2nd Mill_v1.csv (from Bronze Age Radiocarbondates from Bogazkoy-Hattusha, v.1). Data set resource, DAI, 2023, repo.dainst.org/my_MM/dataset/bronze-age-radiocarbondates-from-bogazkoy-hattusha/resource/b2024fd3-c00e-46ad-9837-20161a99ff79.
Schachner 2015, 68	https://repo.dainst.org/my_MM/dataset/bronze-age-radiocarbondates-from-bogazkoy-hattusha/resource/b2024fd3-c00e-46ad-9837-20161a99ff79	Schachner, Andreas. Bogazköy C14 Daten 2nd Mill_v1.csv (from Bronze Age Radiocarbondates from Bogazkoy-Hattusha, v.1). Data set resource, DAI, 2023, repo.dainst.org/my_MM/dataset/bronze-age-radiocarbondates-from-bogazkoy-hattusha/resource/b2024fd3-c00e-46ad-9837-20161a99ff79.
Schachner - Strupler 2021, §15-24 Abb. 18-19	https://repo.dainst.org/my_MM/dataset/bronze-age-radiocarbondates-from-bogazkoy-hattusha/resource/b2024fd3-c00e-46ad-9837-20161a99ff79	Schachner, Andreas. Bogazköy C14 Daten 2nd Mill_v1.csv (from Bronze Age Radiocarbondates from Bogazkoy-Hattusha, v.1). Data set resource, DAI, 2023, repo.dainst.org/my_MM/dataset/bronze-age-radiocarbondates-from-bogazkoy-hattusha/resource/b2024fd3-c00e-46ad-9837-20161a99ff79.
Schachner - Strupler 2021, §15-24 Abb. 18-19	https://repo.dainst.org/my_MM/dataset/bronze-age-radiocarbondates-from-bogazkoy-hattusha/resource/b2024fd3-c00e-46ad-9837-20161a99ff79	Schachner, Andreas. Bogazköy C14 Daten 2nd Mill_v1.csv (from Bronze Age Radiocarbondates from Bogazkoy-Hattusha, v.1). Data set resource, DAI, 2023, repo.dainst.org/my_MM/dataset/bronze-age-radiocarbondates-from-bogazkoy-hattusha/resource/b2024fd3-c00e-46ad-9837-20161a99ff79.
unpublished	https://repo.dainst.org/my_MM/dataset/bronze-age-radiocarbondates-from-bogazkoy-hattusha/resource/b2024fd3-c00e-46ad-9837-20161a99ff79	Schachner, Andreas. Bogazköy C14 Daten 2nd Mill_v1.csv (from Bronze Age Radiocarbondates from Bogazkoy-Hattusha, v.1). Data set resource, DAI, 2023, repo.dainst.org/my_MM/dataset/bronze-age-radiocarbondates-from-bogazkoy-hattusha/resource/b2024fd3-c00e-46ad-9837-20161a99ff79.
Schachner - Strupler 2021, §15-24 Abb. 18-19	https://repo.dainst.org/my_MM/dataset/bronze-age-radiocarbondates-from-bogazkoy-hattusha/resource/b2024fd3-c00e-46ad-9837-20161a99ff79	Schachner, Andreas. Bogazköy C14 Daten 2nd Mill_v1.csv (from Bronze Age Radiocarbondates from Bogazkoy-Hattusha, v.1). Data set resource, DAI, 2023, repo.dainst.org/my_MM/dataset/bronze-age-radiocarbondates-from-bogazkoy-hattusha/resource/b2024fd3-c00e-46ad-9837-20161a99ff79.
Schachner - Strupler 2021, §15-24 Abb. 18-19	https://repo.dainst.org/my_MM/dataset/bronze-age-radiocarbondates-from-bogazkoy-hattusha/resource/b2024fd3-c00e-46ad-9837-20161a99ff79	Schachner, Andreas. Bogazköy C14 Daten 2nd Mill_v1.csv (from Bronze Age Radiocarbondates from Bogazkoy-Hattusha, v.1). Data set resource, DAI, 2023, repo.dainst.org/my_MM/dataset/bronze-age-radiocarbondates-from-bogazkoy-hattusha/resource/b2024fd3-c00e-46ad-9837-20161a99ff79.
Schachner 2023, §46-48 Abb. 41-42	https://repo.dainst.org/my_MM/dataset/bronze-age-radiocarbondates-from-bogazkoy-hattusha/resource/b2024fd3-c00e-46ad-9837-20161a99ff79	Schachner, Andreas. Bogazköy C14 Daten 2nd Mill_v1.csv (from Bronze Age Radiocarbondates from Bogazkoy-Hattusha, v.1). Data set resource, DAI, 2023, repo.dainst.org/my_MM/dataset/bronze-age-radiocarbondates-from-bogazkoy-hattusha/resource/b2024fd3-c00e-46ad-9837-20161a99ff79.
Schachner 2022, §16-17 Abb.14 Schachner 2024, 354-355 Abb. 356-357 Tab. 26	https://repo.dainst.org/my_MM/dataset/bronze-age-radiocarbondates-from-bogazkoy-hattusha/resource/b2024fd3-c00e-46ad-9837-20161a99ff79	Schachner, Andreas. Bogazköy C14 Daten 2nd Mill_v1.csv (from Bronze Age Radiocarbondates from Bogazkoy-Hattusha, v.1). Data set resource, DAI, 2023, repo.dainst.org/my_MM/dataset/bronze-age-radiocarbondates-from-bogazkoy-hattusha/resource/b2024fd3-c00e-46ad-9837-20161a99ff79.
Schachner - Strupler 2021, §15-24 Abb. 18-19	https://repo.dainst.org/my_MM/dataset/bronze-age-radiocarbondates-from-bogazkoy-hattusha/resource/b2024fd3-c00e-46ad-9837-20161a99ff79	Schachner, Andreas. Bogazköy C14 Daten 2nd Mill_v1.csv (from Bronze Age Radiocarbondates from Bogazkoy-Hattusha, v.1). Data set resource, DAI, 2023, repo.dainst.org/my_MM/dataset/bronze-age-radiocarbondates-from-bogazkoy-hattusha/resource/b2024fd3-c00e-46ad-9837-20161a99ff79.
Schachner - Strupler 2021, §15-24 Abb. 18-19	https://repo.dainst.org/my_MM/dataset/bronze-age-radiocarbondates-from-bogazkoy-hattusha/resource/b2024fd3-c00e-46ad-9837-20161a99ff79	Schachner, Andreas. Bogazköy C14 Daten 2nd Mill_v1.csv (from Bronze Age Radiocarbondates from Bogazkoy-Hattusha, v.1). Data set resource, DAI, 2023, repo.dainst.org/my_MM/dataset/bronze-age-radiocarbondates-from-bogazkoy-hattusha/resource/b2024fd3-c00e-46ad-9837-20161a99ff79.
unpublished	https://repo.dainst.org/my_MM/dataset/bronze-age-radiocarbondates-from-bogazkoy-hattusha/resource/b2024fd3-c00e-46ad-9837-20161a99ff79	Schachner, Andreas. Bogazköy C14 Daten 2nd Mill_v1.csv (from Bronze Age Radiocarbondates from Bogazkoy-Hattusha, v.1). Data set resource, DAI, 2023, repo.dainst.org/my_MM/dataset/bronze-age-radiocarbondates-from-bogazkoy-hattusha/resource/b2024fd3-c00e-46ad-9837-20161a99ff79.
unpublished	https://repo.dainst.org/my_MM/dataset/bronze-age-radiocarbondates-from-bogazkoy-hattusha/resource/b2024fd3-c00e-46ad-9837-20161a99ff79	Schachner, Andreas. Bogazköy C14 Daten 2nd Mill_v1.csv (from Bronze Age Radiocarbondates from Bogazkoy-Hattusha, v.1). Data set resource, DAI, 2023, repo.dainst.org/my_MM/dataset/bronze-age-radiocarbondates-from-bogazkoy-hattusha/resource/b2024fd3-c00e-46ad-9837-20161a99ff79.
Schachner - Strupler 2021, §15-24 Abb. 18-19	https://repo.dainst.org/my_MM/dataset/bronze-age-radiocarbondates-from-bogazkoy-hattusha/resource/b2024fd3-c00e-46ad-9837-20161a99ff79	Schachner, Andreas. Bogazköy C14 Daten 2nd Mill_v1.csv (from Bronze Age Radiocarbondates from Bogazkoy-Hattusha, v.1). Data set resource, DAI, 2023, repo.dainst.org/my_MM/dataset/bronze-age-radiocarbondates-from-bogazkoy-hattusha/resource/b2024fd3-c00e-46ad-9837-20161a99ff79.
Schachner - Strupler 2021, §15-24 Abb. 18-19	https://repo.dainst.org/my_MM/dataset/bronze-age-radiocarbondates-from-bogazkoy-hattusha/resource/b2024fd3-c00e-46ad-9837-20161a99ff79	Schachner, Andreas. Bogazköy C14 Daten 2nd Mill_v1.csv (from Bronze Age Radiocarbondates from Bogazkoy-Hattusha, v.1). Data set resource, DAI, 2023, repo.dainst.org/my_MM/dataset/bronze-age-radiocarbondates-from-bogazkoy-hattusha/resource/b2024fd3-c00e-46ad-9837-20161a99ff79.
unpublished	https://repo.dainst.org/my_MM/dataset/bronze-age-radiocarbondates-from-bogazkoy-hattusha/resource/b2024fd3-c00e-46ad-9837-20161a99ff79	Schachner, Andreas. Bogazköy C14 Daten 2nd Mill_v1.csv (from Bronze Age Radiocarbondates from Bogazkoy-Hattusha, v.1). Data set resource, DAI, 2023, repo.dainst.org/my_MM/dataset/bronze-age-radiocarbondates-from-bogazkoy-hattusha/resource/b2024fd3-c00e-46ad-9837-20161a99ff79.
SCHACHNER, 2011	2010 YILI BOĞAZKÖY-HATTUŞA KAZI VE RESTORASYON ÇALIŞMALARI	Schachner, Andreas. "2009 Yılı Boğazköy-Hattuşa Kazı ve Restorasyon Çalışmaları." Kazı Sonuçları Toplantısı, vol. 33, no. 3, 2010, pp. 461-84.
Schachner - Strupler 2021, §15-24 Abb. 18-19	https://repo.dainst.org/my_MM/dataset/bronze-age-radiocarbondates-from-bogazkoy-hattusha/resource/b2024fd3-c00e-46ad-9837-20161a99ff79	Schachner, Andreas. Bogazköy C14 Daten 2nd Mill_v1.csv (from Bronze Age Radiocarbondates from Bogazkoy-Hattusha, v.1). Data set resource, DAI, 2023, repo.dainst.org/my_MM/dataset/bronze-age-radiocarbondates-from-bogazkoy-hattusha/resource/b2024fd3-c00e-46ad-9837-20161a99ff79.
unpublished	https://repo.dainst.org/my_MM/dataset/bronze-age-radiocarbondates-from-bogazkoy-hattusha/resource/b2024fd3-c00e-46ad-9837-20161a99ff79	Schachner, Andreas. Bogazköy C14 Daten 2nd Mill_v1.csv (from Bronze Age Radiocarbondates from Bogazkoy-Hattusha, v.1). Data set resource, DAI, 2023, repo.dainst.org/my_MM/dataset/bronze-age-radiocarbondates-from-bogazkoy-hattusha/resource/b2024fd3-c00e-46ad-9837-20161a99ff79.
unpublished	https://repo.dainst.org/my_MM/dataset/bronze-age-radiocarbondates-from-bogazkoy-hattusha/resource/b2024fd3-c00e-46ad-9837-20161a99ff79	Schachner, Andreas. Bogazköy C14 Daten 2nd Mill_v1.csv (from Bronze Age Radiocarbondates from Bogazkoy-Hattusha, v.1). Data set resource, DAI, 2023, repo.dainst.org/my_MM/dataset/bronze-age-radiocarbondates-from-bogazkoy-hattusha/resource/b2024fd3-c00e-46ad-9837-20161a99ff79.
Schachner 2023, §7 Abb. 10-11	https://repo.dainst.org/my_MM/dataset/bronze-age-radiocarbondates-from-bogazkoy-hattusha/resource/b2024fd3-c00e-46ad-9837-20161a99ff79	Schachner, Andreas. Bogazköy C14 Daten 2nd Mill_v1.csv (from Bronze Age Radiocarbondates from Bogazkoy-Hattusha, v.1). Data set resource, DAI, 2023, repo.dainst.org/my_MM/dataset/bronze-age-radiocarbondates-from-bogazkoy-hattusha/resource/b2024fd3-c00e-46ad-9837-20161a99ff79.
Schachner - Strupler 2021, §15-24 Abb. 18-19	https://repo.dainst.org/my_MM/dataset/bronze-age-radiocarbondates-from-bogazkoy-hattusha/resource/b2024fd3-c00e-46ad-9837-20161a99ff79	Schachner, Andreas. Bogazköy C14 Daten 2nd Mill_v1.csv (from Bronze Age Radiocarbondates from Bogazkoy-Hattusha, v.1). Data set resource, DAI, 2023, repo.dainst.org/my_MM/dataset/bronze-age-radiocarbondates-from-bogazkoy-hattusha/resource/b2024fd3-c00e-46ad-9837-20161a99ff79.
Schachner - Strupler 2021, §15-24 Abb. 18-19	https://repo.dainst.org/my_MM/dataset/bronze-age-radiocarbondates-from-bogazkoy-hattusha/resource/b2024fd3-c00e-46ad-9837-20161a99ff79	Schachner, Andreas. Bogazköy C14 Daten 2nd Mill_v1.csv (from Bronze Age Radiocarbondates from Bogazkoy-Hattusha, v.1). Data set resource, DAI, 2023, repo.dainst.org/my_MM/dataset/bronze-age-radiocarbondates-from-bogazkoy-hattusha/resource/b2024fd3-c00e-46ad-9837-20161a99ff79.
unpublished	https://repo.dainst.org/my_MM/dataset/bronze-age-radiocarbondates-from-bogazkoy-hattusha/resource/b2024fd3-c00e-46ad-9837-20161a99ff79	Schachner, Andreas. Bogazköy C14 Daten 2nd Mill_v1.csv (from Bronze Age Radiocarbondates from Bogazkoy-Hattusha, v.1). Data set resource, DAI, 2023, repo.dainst.org/my_MM/dataset/bronze-age-radiocarbondates-from-bogazkoy-hattusha/resource/b2024fd3-c00e-46ad-9837-20161a99ff79.
Schachner - Strupler 2021, §15-24 Abb. 18-19	https://repo.dainst.org/my_MM/dataset/bronze-age-radiocarbondates-from-bogazkoy-hattusha/resource/b2024fd3-c00e-46ad-9837-20161a99ff79	Schachner, Andreas. Bogazköy C14 Daten 2nd Mill_v1.csv (from Bronze Age Radiocarbondates from Bogazkoy-Hattusha, v.1). Data set resource, DAI, 2023, repo.dainst.org/my_MM/dataset/bronze-age-radiocarbondates-from-bogazkoy-hattusha/resource/b2024fd3-c00e-46ad-9837-20161a99ff79.
Schachner - Strupler 2021, §15-24 Abb. 18-19	https://repo.dainst.org/my_MM/dataset/bronze-age-radiocarbondates-from-bogazkoy-hattusha/resource/b2024fd3-c00e-46ad-9837-20161a99ff79	Schachner, Andreas. Bogazköy C14 Daten 2nd Mill_v1.csv (from Bronze Age Radiocarbondates from Bogazkoy-Hattusha, v.1). Data set resource, DAI, 2023, repo.dainst.org/my_MM/dataset/bronze-age-radiocarbondates-from-bogazkoy-hattusha/resource/b2024fd3-c00e-46ad-9837-20161a99ff79.
Schachner - Strupler 2021, §15-24 Abb. 18-19	https://repo.dainst.org/my_MM/dataset/bronze-age-radiocarbondates-from-bogazkoy-hattusha/resource/b2024fd3-c00e-46ad-9837-20161a99ff79	Schachner, Andreas. Bogazköy C14 Daten 2nd Mill_v1.csv (from Bronze Age Radiocarbondates from Bogazkoy-Hattusha, v.1). Data set resource, DAI, 2023, repo.dainst.org/my_MM/dataset/bronze-age-radiocarbondates-from-bogazkoy-hattusha/resource/b2024fd3-c00e-46ad-9837-20161a99ff79.
Schachner - Strupler 2021, §15-24 Abb. 18-19	https://repo.dainst.org/my_MM/dataset/bronze-age-radiocarbondates-from-bogazkoy-hattusha/resource/b2024fd3-c00e-46ad-9837-20161a99ff79	Schachner, Andreas. Bogazköy C14 Daten 2nd Mill_v1.csv (from Bronze Age Radiocarbondates from Bogazkoy-Hattusha, v.1). Data set resource, DAI, 2023, repo.dainst.org/my_MM/dataset/bronze-age-radiocarbondates-from-bogazkoy-hattusha/resource/b2024fd3-c00e-46ad-9837-20161a99ff79.
Schachner 2022, §9-17 Abb. 8-12	https://repo.dainst.org/my_MM/dataset/bronze-age-radiocarbondates-from-bogazkoy-hattusha/resource/b2024fd3-c00e-46ad-9837-20161a99ff79	Schachner, Andreas. Bogazköy C14 Daten 2nd Mill_v1.csv (from Bronze Age Radiocarbondates from Bogazkoy-Hattusha, v.1). Data set resource, DAI, 2023, repo.dainst.org/my_MM/dataset/bronze-age-radiocarbondates-from-bogazkoy-hattusha/resource/b2024fd3-c00e-46ad-9837-20161a99ff79.
Schachner - Strupler 2021, §15-24 Abb. 18-19	https://repo.dainst.org/my_MM/dataset/bronze-age-radiocarbondates-from-bogazkoy-hattusha/resource/b2024fd3-c00e-46ad-9837-20161a99ff79	Schachner, Andreas. Bogazköy C14 Daten 2nd Mill_v1.csv (from Bronze Age Radiocarbondates from Bogazkoy-Hattusha, v.1). Data set resource, DAI, 2023, repo.dainst.org/my_MM/dataset/bronze-age-radiocarbondates-from-bogazkoy-hattusha/resource/b2024fd3-c00e-46ad-9837-20161a99ff79.
Schachner - Strupler 2021, §15-24 Abb. 18-19	https://repo.dainst.org/my_MM/dataset/bronze-age-radiocarbondates-from-bogazkoy-hattusha/resource/b2024fd3-c00e-46ad-9837-20161a99ff79	Schachner, Andreas. Bogazköy C14 Daten 2nd Mill_v1.csv (from Bronze Age Radiocarbondates from Bogazkoy-Hattusha, v.1). Data set resource, DAI, 2023, repo.dainst.org/my_MM/dataset/bronze-age-radiocarbondates-from-bogazkoy-hattusha/resource/b2024fd3-c00e-46ad-9837-20161a99ff79.
Schachner - Strupler 2021, §15-24 Abb. 18-19	https://repo.dainst.org/my_MM/dataset/bronze-age-radiocarbondates-from-bogazkoy-hattusha/resource/b2024fd3-c00e-46ad-9837-20161a99ff79	Schachner, Andreas. Bogazköy C14 Daten 2nd Mill_v1.csv (from Bronze Age Radiocarbondates from Bogazkoy-Hattusha, v.1). Data set resource, DAI, 2023, repo.dainst.org/my_MM/dataset/bronze-age-radiocarbondates-from-bogazkoy-hattusha/resource/b2024fd3-c00e-46ad-9837-20161a99ff79.
Schachner 2022, §9-17 Abb. 8-12	https://repo.dainst.org/my_MM/dataset/bronze-age-radiocarbondates-from-bogazkoy-hattusha/resource/b2024fd3-c00e-46ad-9837-20161a99ff79	Schachner, Andreas. Bogazköy C14 Daten 2nd Mill_v1.csv (from Bronze Age Radiocarbondates from Bogazkoy-Hattusha, v.1). Data set resource, DAI, 2023, repo.dainst.org/my_MM/dataset/bronze-age-radiocarbondates-from-bogazkoy-hattusha/resource/b2024fd3-c00e-46ad-9837-20161a99ff79.
Schachner 2022, §9-17 Abb. 8-12	https://repo.dainst.org/my_MM/dataset/bronze-age-radiocarbondates-from-bogazkoy-hattusha/resource/b2024fd3-c00e-46ad-9837-20161a99ff79	Schachner, Andreas. Bogazköy C14 Daten 2nd Mill_v1.csv (from Bronze Age Radiocarbondates from Bogazkoy-Hattusha, v.1). Data set resource, DAI, 2023, repo.dainst.org/my_MM/dataset/bronze-age-radiocarbondates-from-bogazkoy-hattusha/resource/b2024fd3-c00e-46ad-9837-20161a99ff79.
Schachner 2023, §46-48 Abb. 41-42	https://repo.dainst.org/my_MM/dataset/bronze-age-radiocarbondates-from-bogazkoy-hattusha/resource/b2024fd3-c00e-46ad-9837-20161a99ff79	Schachner, Andreas. Bogazköy C14 Daten 2nd Mill_v1.csv (from Bronze Age Radiocarbondates from Bogazkoy-Hattusha, v.1). Data set resource, DAI, 2023, repo.dainst.org/my_MM/dataset/bronze-age-radiocarbondates-from-bogazkoy-hattusha/resource/b2024fd3-c00e-46ad-9837-20161a99ff79.
Schachner 2022, 19-20 Abb.12 Schachner 2024, 354-355 Abb. 356-357 Tab. 26	https://repo.dainst.org/my_MM/dataset/bronze-age-radiocarbondates-from-bogazkoy-hattusha/resource/b2024fd3-c00e-46ad-9837-20161a99ff79	Schachner, Andreas. Bogazköy C14 Daten 2nd Mill_v1.csv (from Bronze Age Radiocarbondates from Bogazkoy-Hattusha, v.1). Data set resource, DAI, 2023, repo.dainst.org/my_MM/dataset/bronze-age-radiocarbondates-from-bogazkoy-hattusha/resource/b2024fd3-c00e-46ad-9837-20161a99ff79.
Yaka et al. 2021; Supp Table Z2	https://pubmed.ncbi.nlm.nih.gov/33857427/	Yaka, Reyhan, et al. "Variable Kinship Patterns in Neolithic Anatolia Revealed by Ancient Genomes." Current Biology, vol. 31, no. 11, 2021, pp. 2455-68.
Yaka et al. 2021; Supp Table Z2	https://pubmed.ncbi.nlm.nih.gov/33857427/	Yaka, Reyhan, et al. "Variable Kinship Patterns in Neolithic Anatolia Revealed by Ancient Genomes." Current Biology, vol. 31, no. 11, 2021, pp. 2455-68.
Yaka et al. 2021; Supp Table Z2	https://pubmed.ncbi.nlm.nih.gov/33857427/	Yaka, Reyhan, et al. "Variable Kinship Patterns in Neolithic Anatolia Revealed by Ancient Genomes." Current Biology, vol. 31, no. 11, 2021, pp. 2455-68.
Yaka et al. 2021; Supp Table Z2	https://pubmed.ncbi.nlm.nih.gov/33857427/	Yaka, Reyhan, et al. "Variable Kinship Patterns in Neolithic Anatolia Revealed by Ancient Genomes." Current Biology, vol. 31, no. 11, 2021, pp. 2455-68.
Bergström et al., 2026	https://www.nature.com/articles/s41586-026-10112-7	Bergström, Anders, et al. "Genomic History of Early Dogs in Europe." Nature, vol. 651, no. 8107, 2026, pp. 986-94.
Cin, 2025	https://acikerisim.dicle.edu.tr/items/1043a3c6-ddd2-4a99-9b10-19f1c6c32614/full	Cin, R. Arkeolojik Veriler ve Karbon Analizleri Işığında Boncuklu Tarla Çanak-Çömleksiz Neolitik Dönem Kronolojisi. 2025. Dicle Üniversitesi, Yüksek Lisans tezi.
Cin, 2025	https://acikerisim.dicle.edu.tr/items/1043a3c6-ddd2-4a99-9b10-19f1c6c32614/full	Cin, R. Arkeolojik Veriler ve Karbon Analizleri Işığında Boncuklu Tarla Çanak-Çömleksiz Neolitik Dönem Kronolojisi. 2025. Dicle Üniversitesi, Yüksek Lisans tezi.
Cin, 2025	https://acikerisim.dicle.edu.tr/items/1043a3c6-ddd2-4a99-9b10-19f1c6c32614/full	Cin, R. Arkeolojik Veriler ve Karbon Analizleri Işığında Boncuklu Tarla Çanak-Çömleksiz Neolitik Dönem Kronolojisi. 2025. Dicle Üniversitesi, Yüksek Lisans tezi.
Cin, 2025	https://acikerisim.dicle.edu.tr/items/1043a3c6-ddd2-4a99-9b10-19f1c6c32614/full	Cin, R. Arkeolojik Veriler ve Karbon Analizleri Işığında Boncuklu Tarla Çanak-Çömleksiz Neolitik Dönem Kronolojisi. 2025. Dicle Üniversitesi, Yüksek Lisans tezi.
Librado et al., 2024	https://www.nature.com/articles/s41586-024-07597-5#Sec19	Librado, Pablo, et al. "Widespread Horse-Based Mobility Arose Around 2200 BCE in Eurasia." Nature, vol. 631, no. 8022, 2024, pp. 819-25.
Özkan et al., 2024	https://onlinelibrary.wiley.com/doi/full/10.1111/mec.17440	Özkan, Mustafa, et al. "The First Complete Genome of the Extinct European Wild Ass (Equus hemionus hydruntinus)." Molecular Ecology, vol. 33, no. 14, 2024, p. e17440.
Özkan et al., 2024	https://onlinelibrary.wiley.com/doi/full/10.1111/mec.17440	Özkan, Mustafa, et al. "The First Complete Genome of the Extinct European Wild Ass (Equus hemionus hydruntinus)." Molecular Ecology, vol. 33, no. 14, 2024, p. e17440.
Librado et al., 2024	https://www.nature.com/articles/s41586-024-07597-5#Sec19	Librado, Pablo, et al. "Widespread Horse-Based Mobility Arose Around 2200 BCE in Eurasia." Nature, vol. 631, no. 8022, 2024, pp. 819-25.
Librado et al., 2024	https://www.nature.com/articles/s41586-024-07597-5#Sec19	Librado, Pablo, et al. "Widespread Horse-Based Mobility Arose Around 2200 BCE in Eurasia." Nature, vol. 631, no. 8022, 2024, pp. 819-25.
Librado et al., 2024	https://www.nature.com/articles/s41586-024-07597-5#Sec19	Librado, Pablo, et al. "Widespread Horse-Based Mobility Arose Around 2200 BCE in Eurasia." Nature, vol. 631, no. 8022, 2024, pp. 819-25.
Özkan et al., 2024	https://onlinelibrary.wiley.com/doi/full/10.1111/mec.17440	Özkan, Mustafa, et al. "The First Complete Genome of the Extinct European Wild Ass (Equus hemionus hydruntinus)." Molecular Ecology, vol. 33, no. 14, 2024, p. e17440.
Yüksel and Çilingiroğlu, 2021	https://dergipark.org.tr/en/download/article-file/2065951	Yüksel, Canan Karataş, and Çiler Çilingiroğlu. "Çatalhöyük Sembolizminde Kabartma Bezekli Çanak Çömlekler." Seramik Araştırmaları Dergisi, vol. 3, pp. 1-26.
Yaka et al., 2021	https://pubmed.ncbi.nlm.nih.gov/33857427/	Yaka, Reyhan, et al. "Variable Kinship Patterns in Neolithic Anatolia Revealed by Ancient Genomes." Current Biology, vol. 31, no. 11, 2021, pp. 2455-68.
Yaka et al., 2021	https://pubmed.ncbi.nlm.nih.gov/33857427/	Yaka, Reyhan, et al. "Variable Kinship Patterns in Neolithic Anatolia Revealed by Ancient Genomes." Current Biology, vol. 31, no. 11, 2021, pp. 2455-68.
Yaka et al., 2021	https://pubmed.ncbi.nlm.nih.gov/33857427/	Yaka, Reyhan, et al. "Variable Kinship Patterns in Neolithic Anatolia Revealed by Ancient Genomes." Current Biology, vol. 31, no. 11, 2021, pp. 2455-68.
Yaka et al., 2021	https://pubmed.ncbi.nlm.nih.gov/33857427/	Yaka, Reyhan, et al. "Variable Kinship Patterns in Neolithic Anatolia Revealed by Ancient Genomes." Current Biology, vol. 31, no. 11, 2021, pp. 2455-68.
Yaka et al., 2021	https://pubmed.ncbi.nlm.nih.gov/33857427/	Yaka, Reyhan, et al. "Variable Kinship Patterns in Neolithic Anatolia Revealed by Ancient Genomes." Current Biology, vol. 31, no. 11, 2021, pp. 2455-68.
Yaka et al., 2021	https://pubmed.ncbi.nlm.nih.gov/33857427/	Yaka, Reyhan, et al. "Variable Kinship Patterns in Neolithic Anatolia Revealed by Ancient Genomes." Current Biology, vol. 31, no. 11, 2021, pp. 2455-68.
Yaka et al., 2021	https://pubmed.ncbi.nlm.nih.gov/33857427/	Yaka, Reyhan, et al. "Variable Kinship Patterns in Neolithic Anatolia Revealed by Ancient Genomes." Current Biology, vol. 31, no. 11, 2021, pp. 2455-68.
Yaka et al., 2021	https://pubmed.ncbi.nlm.nih.gov/33857427/	Yaka, Reyhan, et al. "Variable Kinship Patterns in Neolithic Anatolia Revealed by Ancient Genomes." Current Biology, vol. 31, no. 11, 2021, pp. 2455-68.
Yaka et al., 2021	https://pubmed.ncbi.nlm.nih.gov/33857427/	Yaka, Reyhan, et al. "Variable Kinship Patterns in Neolithic Anatolia Revealed by Ancient Genomes." Current Biology, vol. 31, no. 11, 2021, pp. 2455-68.
Yaka et al., 2021	https://pubmed.ncbi.nlm.nih.gov/33857427/	Yaka, Reyhan, et al. "Variable Kinship Patterns in Neolithic Anatolia Revealed by Ancient Genomes." Current Biology, vol. 31, no. 11, 2021, pp. 2455-68.
Yaka et al., 2021	https://pubmed.ncbi.nlm.nih.gov/33857427/	Yaka, Reyhan, et al. "Variable Kinship Patterns in Neolithic Anatolia Revealed by Ancient Genomes." Current Biology, vol. 31, no. 11, 2021, pp. 2455-68.
Yaka et al., 2021	https://pubmed.ncbi.nlm.nih.gov/33857427/	Yaka, Reyhan, et al. "Variable Kinship Patterns in Neolithic Anatolia Revealed by Ancient Genomes." Current Biology, vol. 31, no. 11, 2021, pp. 2455-68.
Altınışık et al., 2022	https://www.science.org/doi/10.1126/sciadv.abo3609	Altınışık, N. Ezgi, et al. "A Genomic Snapshot of Demographic and Cultural Dynamism in Upper Mesopotamia During the Neolithic Transition." Science Advances, vol. 8, no. 44, 2022, p. eabo3609.
Altınışık et al., 2022	https://www.science.org/doi/10.1126/sciadv.abo3609	Altınışık, N. Ezgi, et al. "A Genomic Snapshot of Demographic and Cultural Dynamism in Upper Mesopotamia During the Neolithic Transition." Science Advances, vol. 8, no. 44, 2022, p. eabo3609.
Altınışık et al., 2022	https://www.science.org/doi/10.1126/sciadv.abo3609	Altınışık, N. Ezgi, et al. "A Genomic Snapshot of Demographic and Cultural Dynamism in Upper Mesopotamia During the Neolithic Transition." Science Advances, vol. 8, no. 44, 2022, p. eabo3609.
Altınışık et al., 2022	https://www.science.org/doi/10.1126/sciadv.abo3609	Altınışık, N. Ezgi, et al. "A Genomic Snapshot of Demographic and Cultural Dynamism in Upper Mesopotamia During the Neolithic Transition." Science Advances, vol. 8, no. 44, 2022, p. eabo3609.
Altınışık et al., 2022	https://www.science.org/doi/10.1126/sciadv.abo3609	Altınışık, N. Ezgi, et al. "A Genomic Snapshot of Demographic and Cultural Dynamism in Upper Mesopotamia During the Neolithic Transition." Science Advances, vol. 8, no. 44, 2022, p. eabo3609.
Altınışık et al., 2022	https://www.science.org/doi/10.1126/sciadv.abo3609	Altınışık, N. Ezgi, et al. "A Genomic Snapshot of Demographic and Cultural Dynamism in Upper Mesopotamia During the Neolithic Transition." Science Advances, vol. 8, no. 44, 2022, p. eabo3609.
Altınışık et al., 2022	https://www.science.org/doi/10.1126/sciadv.abo3609	Altınışık, N. Ezgi, et al. "A Genomic Snapshot of Demographic and Cultural Dynamism in Upper Mesopotamia During the Neolithic Transition." Science Advances, vol. 8, no. 44, 2022, p. eabo3609.
Altınışık et al., 2022	https://www.science.org/doi/10.1126/sciadv.abo3609	Altınışık, N. Ezgi, et al. "A Genomic Snapshot of Demographic and Cultural Dynamism in Upper Mesopotamia During the Neolithic Transition." Science Advances, vol. 8, no. 44, 2022, p. eabo3609.
Kodaş, 2022	https://dergipark.org.tr/tr/download/article-file/2358638	Kodaş, Ergül. "Techno-Typological Analysis of the Late Epipaleolithic/Proto-Neolithic Chipped Stone Tools at Çemka Höyük." Journal of the Turkish Institute of Archaeology Cultural Heritage, vol. 2, 2022, pp. 97-130.
Kodaş, 2022	https://dergipark.org.tr/tr/download/article-file/2358638	Kodaş, Ergül. "Techno-Typological Analysis of the Late Epipaleolithic/Proto-Neolithic Chipped Stone Tools at Çemka Höyük." Journal of the Turkish Institute of Archaeology Cultural Heritage, vol. 2, 2022, pp. 97-130.
Parlıtı & Akyüz, 2022	 10.26650/anar.2022.1194798 	Parlıtı, Umut, and Erman Akyüz. "Doğunun Batıya Açılan Kapısında, Kültürlerin Kaynaşma Noktası: Çiğdemtepe Höyük Kazısı Işığında Kuzeydoğu Anadolu Prehistoryasına Yeni Bir Bakış." Anatolian Research, vol. 27, 2022, pp. 1-29.
Parlıtı & Akyüz, 2022	 10.26650/anar.2022.1194798 	Parlıtı, Umut, and Erman Akyüz. "Doğunun Batıya Açılan Kapısında, Kültürlerin Kaynaşma Noktası: Çiğdemtepe Höyük Kazısı Işığında Kuzeydoğu Anadolu Prehistoryasına Yeni Bir Bakış." Anatolian Research, vol. 27, 2022, pp. 1-29.
Parlıtı & Akyüz, 2022	 10.26650/anar.2022.1194798 	Parlıtı, Umut, and Erman Akyüz. "Doğunun Batıya Açılan Kapısında, Kültürlerin Kaynaşma Noktası: Çiğdemtepe Höyük Kazısı Işığında Kuzeydoğu Anadolu Prehistoryasına Yeni Bir Bakış." Anatolian Research, vol. 27, 2022, pp. 1-29.
Koptekin et al., 2023	https://www.sciencedirect.com/science/article/pii/S0960982222018243	Koptekin, Dilek, et al. "Spatial and Temporal Heterogeneity in Human Mobility Patterns in Holocene Southwest Asia and the East Mediterranean." Current Biology, vol. 33, no. 1, 2023, pp. 41-57.
Seçkin and Doğan, 2022	https://www.academia.edu/93548105/Yalova_Altınova_Çobankale_nin_İnşa_Tarihi_Hakkında_Tespitler	Seçkin, Selçuk, and Turhan Doğan. "Yalova/Altınova Çobankale’nin İnşa Tarihi Hakkında Tespitler." Yalakova’dan Yalova’ya: Prof. Dr. Halil İnalcık Anısına Yalova Tarihi Araştırmaları, 2022, pp. 62-75.
Seçkin and Doğan, 2022	https://www.academia.edu/93548105/Yalova_Altınova_Çobankale_nin_İnşa_Tarihi_Hakkında_Tespitler	Seçkin, Selçuk, and Turhan Doğan. "Yalova/Altınova Çobankale’nin İnşa Tarihi Hakkında Tespitler." Yalakova’dan Yalova’ya: Prof. Dr. Halil İnalcık Anısına Yalova Tarihi Araştırmaları, 2022, pp. 62-75.
de Martino et al., 2025	https://www.science.org/doi/abs/10.1126/science.adt2642	De Martino, M., et al. "The Dispersal of Domestic Cats from North Africa to Europe Around 2000 Years Ago." Science, vol. 390, no. 6776, 2025, p. eadt2642.
Lawn, 1970	https://repository.arizona.edu/bitstream/handle/10150/651715/260-511-1-PB.pdf?sequence=1&isAllowed=y	Lawn, Barbara. "University of Pennsylvania Radiocarbon Dates XIII." Radiocarbon, vol. 12, no. 2, 1970, pp. 577-89.
Lawn, 1970	https://repository.arizona.edu/bitstream/handle/10150/651715/260-511-1-PB.pdf?sequence=1&isAllowed=y	Lawn, Barbara. "University of Pennsylvania Radiocarbon Dates XIII." Radiocarbon, vol. 12, no. 2, 1970, pp. 577-89.
Türker et al., 2022	https://www.researchgate.net/publication/371307462_Dombalaktepe_Kazisi_2021_Baslangic_Raporu_ve_Ilk_Sonuclar	Türker, A., et al. "Dombalaktepe Kazısı 2021: Başlangıç Raporu ve İlk Sonuçlar." Kazı Sonuçları Toplantısı, vol. 42, 2023, pp. 253-68.
Türker et al., 2022	https://www.researchgate.net/publication/371307462_Dombalaktepe_Kazisi_2021_Baslangic_Raporu_ve_Ilk_Sonuclar	Türker, A., et al. "Dombalaktepe Kazısı 2021: Başlangıç Raporu ve İlk Sonuçlar." Kazı Sonuçları Toplantısı, vol. 42, 2023, pp. 253-68.
Türker et al., 2022	https://www.researchgate.net/publication/371307462_Dombalaktepe_Kazisi_2021_Baslangic_Raporu_ve_Ilk_Sonuclar	Türker, A., et al. "Dombalaktepe Kazısı 2021: Başlangıç Raporu ve İlk Sonuçlar." Kazı Sonuçları Toplantısı, vol. 42, 2023, pp. 253-68.
Türker et al., 2022	https://www.researchgate.net/publication/371307462_Dombalaktepe_Kazisi_2021_Baslangic_Raporu_ve_Ilk_Sonuclar	Türker, A., et al. "Dombalaktepe Kazısı 2021: Başlangıç Raporu ve İlk Sonuçlar." Kazı Sonuçları Toplantısı, vol. 42, 2023, pp. 253-68.
Türker et al., 2022	https://www.researchgate.net/publication/371307462_Dombalaktepe_Kazisi_2021_Baslangic_Raporu_ve_Ilk_Sonuclar	Türker, A., et al. "Dombalaktepe Kazısı 2021: Başlangıç Raporu ve İlk Sonuçlar." Kazı Sonuçları Toplantısı, vol. 42, 2023, pp. 253-68.
Türker et al., 2022	https://www.researchgate.net/publication/371307462_Dombalaktepe_Kazisi_2021_Baslangic_Raporu_ve_Ilk_Sonuclar	Türker, A., et al. "Dombalaktepe Kazısı 2021: Başlangıç Raporu ve İlk Sonuçlar." Kazı Sonuçları Toplantısı, vol. 42, 2023, pp. 253-68.
Doğu et al., 2024	https://www.academia.edu/126526784/THE_NEOLITHIC_AND_CHALCOLITHIC_REMAINS_FROM_A_DESTROYED_CULTURAL_HERITAGE_SITE_IN_THE_MEDITERRANEAN_REGION_OF_TURKIYE_DOMUZBURNU_CAVE_ANTALYA	Erdoğu, Burçin, et al. "The Neolithic and Chalcolithic Remains from a Destroyed Cultural Heritage Site in the Mediterranean Region of Turkiye." Mediterranean Archaeology, vol. 37, 2024, pp. 81-88.
Doğu et al., 2024	https://www.academia.edu/126526784/THE_NEOLITHIC_AND_CHALCOLITHIC_REMAINS_FROM_A_DESTROYED_CULTURAL_HERITAGE_SITE_IN_THE_MEDITERRANEAN_REGION_OF_TURKIYE_DOMUZBURNU_CAVE_ANTALYA	Erdoğu, Burçin, et al. "The Neolithic and Chalcolithic Remains from a Destroyed Cultural Heritage Site in the Mediterranean Region of Turkiye." Mediterranean Archaeology, vol. 37, 2024, pp. 81-88.
Doğu et al., 2024	https://www.academia.edu/126526784/THE_NEOLITHIC_AND_CHALCOLITHIC_REMAINS_FROM_A_DESTROYED_CULTURAL_HERITAGE_SITE_IN_THE_MEDITERRANEAN_REGION_OF_TURKIYE_DOMUZBURNU_CAVE_ANTALYA	Erdoğu, Burçin, et al. "The Neolithic and Chalcolithic Remains from a Destroyed Cultural Heritage Site in the Mediterranean Region of Turkiye." Mediterranean Archaeology, vol. 37, 2024, pp. 81-88.
Doğu et al., 2024	https://www.academia.edu/126526784/THE_NEOLITHIC_AND_CHALCOLITHIC_REMAINS_FROM_A_DESTROYED_CULTURAL_HERITAGE_SITE_IN_THE_MEDITERRANEAN_REGION_OF_TURKIYE_DOMUZBURNU_CAVE_ANTALYA	Erdoğu, Burçin, et al. "The Neolithic and Chalcolithic Remains from a Destroyed Cultural Heritage Site in the Mediterranean Region of Turkiye." Mediterranean Archaeology, vol. 37, 2024, pp. 81-88.
Dedeoğlu et al., 2023	https://www.maajournal.com/index.php/maa/article/view/853/783	Dedeoğlu, Fulya, et al. "Archaeological and Analytical Investigation of a New Neolithic Site in Western Anatolia: Ekşi Höyük (Denizli, Turkey)." Mediterranean Archaeology and Archaeometry, vol. 23, no. 1, 2023, pp. 1-18.
Dedeoğlu et al., 2023	https://www.maajournal.com/index.php/maa/article/view/853/783	Dedeoğlu, Fulya, et al. "Archaeological and Analytical Investigation of a New Neolithic Site in Western Anatolia: Ekşi Höyük (Denizli, Turkey)." Mediterranean Archaeology and Archaeometry, vol. 23, no. 1, 2023, pp. 1-18.
Dedeoğlu et al., 2023	https://www.maajournal.com/index.php/maa/article/view/853/783	Dedeoğlu, Fulya, et al. "Archaeological and Analytical Investigation of a New Neolithic Site in Western Anatolia: Ekşi Höyük (Denizli, Turkey)." Mediterranean Archaeology and Archaeometry, vol. 23, no. 1, 2023, pp. 1-18.
Dedeoğlu et al., 2023	https://www.maajournal.com/index.php/maa/article/view/853/783	Dedeoğlu, Fulya, et al. "Archaeological and Analytical Investigation of a New Neolithic Site in Western Anatolia: Ekşi Höyük (Denizli, Turkey)." Mediterranean Archaeology and Archaeometry, vol. 23, no. 1, 2023, pp. 1-18.
Dedeoğlu et al., 2023	https://www.maajournal.com/index.php/maa/article/view/853/783	Dedeoğlu, Fulya, et al. "Archaeological and Analytical Investigation of a New Neolithic Site in Western Anatolia: Ekşi Höyük (Denizli, Turkey)." Mediterranean Archaeology and Archaeometry, vol. 23, no. 1, 2023, pp. 1-18.
Dedeoğlu et al., 2023	https://www.maajournal.com/index.php/maa/article/view/853/783	Dedeoğlu, Fulya, et al. "Archaeological and Analytical Investigation of a New Neolithic Site in Western Anatolia: Ekşi Höyük (Denizli, Turkey)." Mediterranean Archaeology and Archaeometry, vol. 23, no. 1, 2023, pp. 1-18.
Dedeoğlu et al., 2023	https://www.maajournal.com/index.php/maa/article/view/853/783	Dedeoğlu, Fulya, et al. "Archaeological and Analytical Investigation of a New Neolithic Site in Western Anatolia: Ekşi Höyük (Denizli, Turkey)." Mediterranean Archaeology and Archaeometry, vol. 23, no. 1, 2023, pp. 1-18.
Dedeoğlu et al., 2023	https://www.maajournal.com/index.php/maa/article/view/853/783	Dedeoğlu, Fulya, et al. "Archaeological and Analytical Investigation of a New Neolithic Site in Western Anatolia: Ekşi Höyük (Denizli, Turkey)." Mediterranean Archaeology and Archaeometry, vol. 23, no. 1, 2023, pp. 1-18.
Dedeoğlu et al., 2023	https://www.maajournal.com/index.php/maa/article/view/853/783	Dedeoğlu, Fulya, et al. "Archaeological and Analytical Investigation of a New Neolithic Site in Western Anatolia: Ekşi Höyük (Denizli, Turkey)." Mediterranean Archaeology and Archaeometry, vol. 23, no. 1, 2023, pp. 1-18.
Dedeoğlu et al., 2023	https://www.maajournal.com/index.php/maa/article/view/853/783	Dedeoğlu, Fulya, et al. "Archaeological and Analytical Investigation of a New Neolithic Site in Western Anatolia: Ekşi Höyük (Denizli, Turkey)." Mediterranean Archaeology and Archaeometry, vol. 23, no. 1, 2023, pp. 1-18.
Melis et al., 2025	https://onlinelibrary.wiley.com/doi/full/10.1002/jqs.3661	Melis, Romana, et al. "Palaeoenvironmental Evolution and Decline of the Harbours of the Roman and Early Byzantine City of Elaiussa Sebaste (Southeastern Turkey): Natural and Anthropic Causes." Journal of Quaternary Science, vol. 40, no. 1, 2025, pp. 153-73.
Melis et al., 2025	https://onlinelibrary.wiley.com/doi/full/10.1002/jqs.3661	Melis, Romana, et al. "Palaeoenvironmental Evolution and Decline of the Harbours of the Roman and Early Byzantine City of Elaiussa Sebaste (Southeastern Turkey): Natural and Anthropic Causes." Journal of Quaternary Science, vol. 40, no. 1, 2025, pp. 153-73.
Melis et al., 2025	https://onlinelibrary.wiley.com/doi/full/10.1002/jqs.3661	Melis, Romana, et al. "Palaeoenvironmental Evolution and Decline of the Harbours of the Roman and Early Byzantine City of Elaiussa Sebaste (Southeastern Turkey): Natural and Anthropic Causes." Journal of Quaternary Science, vol. 40, no. 1, 2025, pp. 153-73.
Melis et al., 2025	https://onlinelibrary.wiley.com/doi/full/10.1002/jqs.3661	Melis, Romana, et al. "Palaeoenvironmental Evolution and Decline of the Harbours of the Roman and Early Byzantine City of Elaiussa Sebaste (Southeastern Turkey): Natural and Anthropic Causes." Journal of Quaternary Science, vol. 40, no. 1, 2025, pp. 153-73.
Melis et al., 2025	https://onlinelibrary.wiley.com/doi/full/10.1002/jqs.3661	Melis, Romana, et al. "Palaeoenvironmental Evolution and Decline of the Harbours of the Roman and Early Byzantine City of Elaiussa Sebaste (Southeastern Turkey): Natural and Anthropic Causes." Journal of Quaternary Science, vol. 40, no. 1, 2025, pp. 153-73.
Melis et al., 2025	https://onlinelibrary.wiley.com/doi/full/10.1002/jqs.3661	Melis, Romana, et al. "Palaeoenvironmental Evolution and Decline of the Harbours of the Roman and Early Byzantine City of Elaiussa Sebaste (Southeastern Turkey): Natural and Anthropic Causes." Journal of Quaternary Science, vol. 40, no. 1, 2025, pp. 153-73.
Melis et al., 2025	https://onlinelibrary.wiley.com/doi/full/10.1002/jqs.3661	Melis, Romana, et al. "Palaeoenvironmental Evolution and Decline of the Harbours of the Roman and Early Byzantine City of Elaiussa Sebaste (Southeastern Turkey): Natural and Anthropic Causes." Journal of Quaternary Science, vol. 40, no. 1, 2025, pp. 153-73.
Melis et al., 2025	https://onlinelibrary.wiley.com/doi/full/10.1002/jqs.3661	Melis, Romana, et al. "Palaeoenvironmental Evolution and Decline of the Harbours of the Roman and Early Byzantine City of Elaiussa Sebaste (Southeastern Turkey): Natural and Anthropic Causes." Journal of Quaternary Science, vol. 40, no. 1, 2025, pp. 153-73.
Melis et al., 2025	https://onlinelibrary.wiley.com/doi/full/10.1002/jqs.3661	Melis, Romana, et al. "Palaeoenvironmental Evolution and Decline of the Harbours of the Roman and Early Byzantine City of Elaiussa Sebaste (Southeastern Turkey): Natural and Anthropic Causes." Journal of Quaternary Science, vol. 40, no. 1, 2025, pp. 153-73.
Melis et al., 2025	https://onlinelibrary.wiley.com/doi/full/10.1002/jqs.3661	Melis, Romana, et al. "Palaeoenvironmental Evolution and Decline of the Harbours of the Roman and Early Byzantine City of Elaiussa Sebaste (Southeastern Turkey): Natural and Anthropic Causes." Journal of Quaternary Science, vol. 40, no. 1, 2025, pp. 153-73.
Melis et al., 2025	https://onlinelibrary.wiley.com/doi/full/10.1002/jqs.3661	Melis, Romana, et al. "Palaeoenvironmental Evolution and Decline of the Harbours of the Roman and Early Byzantine City of Elaiussa Sebaste (Southeastern Turkey): Natural and Anthropic Causes." Journal of Quaternary Science, vol. 40, no. 1, 2025, pp. 153-73.
Melis et al., 2025	https://onlinelibrary.wiley.com/doi/full/10.1002/jqs.3661	Melis, Romana, et al. "Palaeoenvironmental Evolution and Decline of the Harbours of the Roman and Early Byzantine City of Elaiussa Sebaste (Southeastern Turkey): Natural and Anthropic Causes." Journal of Quaternary Science, vol. 40, no. 1, 2025, pp. 153-73.
Melis et al., 2025	https://onlinelibrary.wiley.com/doi/full/10.1002/jqs.3661	Melis, Romana, et al. "Palaeoenvironmental Evolution and Decline of the Harbours of the Roman and Early Byzantine City of Elaiussa Sebaste (Southeastern Turkey): Natural and Anthropic Causes." Journal of Quaternary Science, vol. 40, no. 1, 2025, pp. 153-73.
Melis et al., 2025	https://onlinelibrary.wiley.com/doi/full/10.1002/jqs.3661	Melis, Romana, et al. "Palaeoenvironmental Evolution and Decline of the Harbours of the Roman and Early Byzantine City of Elaiussa Sebaste (Southeastern Turkey): Natural and Anthropic Causes." Journal of Quaternary Science, vol. 40, no. 1, 2025, pp. 153-73.
Melis et al., 2025	https://onlinelibrary.wiley.com/doi/full/10.1002/jqs.3661	Melis, Romana, et al. "Palaeoenvironmental Evolution and Decline of the Harbours of the Roman and Early Byzantine City of Elaiussa Sebaste (Southeastern Turkey): Natural and Anthropic Causes." Journal of Quaternary Science, vol. 40, no. 1, 2025, pp. 153-73.
Stock et al. 2013	https://www.sciencedirect.com/science/article/abs/pii/S1040618213001341?via%3Dihub	Stock, Friederike, et al. "In Search of the Harbours: New Evidence of Late Roman and Byzantine Harbours of Ephesus." Quaternary International, vol. 312, 2013, pp. 57-69.
Stock et al. 2015	https://kups.ub.uni-koeln.de/6368/1/Stock_Doktorarbeit_FINAL.pdf	Stock, Friederike. Ephesus and the Ephesia–palaeogeographical and geoarchaeological research about a famous city in Western Anatolia. 2015. Universität zu Köln, PhD dissertation.
Stock et al. 2015	https://kups.ub.uni-koeln.de/6368/1/Stock_Doktorarbeit_FINAL.pdf	Stock, Friederike. Ephesus and the Ephesia–palaeogeographical and geoarchaeological research about a famous city in Western Anatolia. 2015. Universität zu Köln, PhD dissertation.
Stock et al. 2015	https://kups.ub.uni-koeln.de/6368/1/Stock_Doktorarbeit_FINAL.pdf	Stock, Friederike. Ephesus and the Ephesia–palaeogeographical and geoarchaeological research about a famous city in Western Anatolia. 2015. Universität zu Köln, PhD dissertation.
Stock et al. 2013	https://www.sciencedirect.com/science/article/abs/pii/S1040618213001341?via%3Dihub	Stock, Friederike, et al. "In Search of the Harbours: New Evidence of Late Roman and Byzantine Harbours of Ephesus." Quaternary International, vol. 312, 2013, pp. 57-69.
Stock et al. 2013	https://www.sciencedirect.com/science/article/abs/pii/S1040618213001341?via%3Dihub	Stock, Friederike, et al. "In Search of the Harbours: New Evidence of Late Roman and Byzantine Harbours of Ephesus." Quaternary International, vol. 312, 2013, pp. 57-69.
Stock et al. 2013	https://www.sciencedirect.com/science/article/abs/pii/S1040618213001341?via%3Dihub	Stock, Friederike, et al. "In Search of the Harbours: New Evidence of Late Roman and Byzantine Harbours of Ephesus." Quaternary International, vol. 312, 2013, pp. 57-69.
Stock et al. 2013	https://www.sciencedirect.com/science/article/abs/pii/S1040618213001341?via%3Dihub	Stock, Friederike, et al. "In Search of the Harbours: New Evidence of Late Roman and Byzantine Harbours of Ephesus." Quaternary International, vol. 312, 2013, pp. 57-69.
Stock et al. 2013	https://www.sciencedirect.com/science/article/abs/pii/S1040618213001341?via%3Dihub	Stock, Friederike, et al. "In Search of the Harbours: New Evidence of Late Roman and Byzantine Harbours of Ephesus." Quaternary International, vol. 312, 2013, pp. 57-69.
Stock et al. 2013	https://www.sciencedirect.com/science/article/abs/pii/S1040618213001341?via%3Dihub	Stock, Friederike, et al. "In Search of the Harbours: New Evidence of Late Roman and Byzantine Harbours of Ephesus." Quaternary International, vol. 312, 2013, pp. 57-69.
Stock et al. 2013	https://www.sciencedirect.com/science/article/abs/pii/S1040618213001341?via%3Dihub	Stock, Friederike, et al. "In Search of the Harbours: New Evidence of Late Roman and Byzantine Harbours of Ephesus." Quaternary International, vol. 312, 2013, pp. 57-69.
Stock et al. 2015	https://kups.ub.uni-koeln.de/6368/1/Stock_Doktorarbeit_FINAL.pdf	Stock, Friederike. Ephesus and the Ephesia–palaeogeographical and geoarchaeological research about a famous city in Western Anatolia. 2015. Universität zu Köln, PhD dissertation.
Stock et al. 2015	https://kups.ub.uni-koeln.de/6368/1/Stock_Doktorarbeit_FINAL.pdf	Stock, Friederike. Ephesus and the Ephesia–palaeogeographical and geoarchaeological research about a famous city in Western Anatolia. 2015. Universität zu Köln, PhD dissertation.
Stock et al. 2015	https://kups.ub.uni-koeln.de/6368/1/Stock_Doktorarbeit_FINAL.pdf	Stock, Friederike. Ephesus and the Ephesia–palaeogeographical and geoarchaeological research about a famous city in Western Anatolia. 2015. Universität zu Köln, PhD dissertation.
Stock et al. 2015	https://kups.ub.uni-koeln.de/6368/1/Stock_Doktorarbeit_FINAL.pdf	Stock, Friederike. Ephesus and the Ephesia–palaeogeographical and geoarchaeological research about a famous city in Western Anatolia. 2015. Universität zu Köln, PhD dissertation.
Stock et al. 2015	https://kups.ub.uni-koeln.de/6368/1/Stock_Doktorarbeit_FINAL.pdf	Stock, Friederike. Ephesus and the Ephesia–palaeogeographical and geoarchaeological research about a famous city in Western Anatolia. 2015. Universität zu Köln, PhD dissertation.
Stock et al. 2013	https://www.sciencedirect.com/science/article/abs/pii/S1040618213001341?via%3Dihub	Stock, Friederike, et al. "In Search of the Harbours: New Evidence of Late Roman and Byzantine Harbours of Ephesus." Quaternary International, vol. 312, 2013, pp. 57-69.
Stock et al. 2015	https://kups.ub.uni-koeln.de/6368/1/Stock_Doktorarbeit_FINAL.pdf	Stock, Friederike. Ephesus and the Ephesia–palaeogeographical and geoarchaeological research about a famous city in Western Anatolia. 2015. Universität zu Köln, PhD dissertation.
Stock et al. 2015	https://kups.ub.uni-koeln.de/6368/1/Stock_Doktorarbeit_FINAL.pdf	Stock, Friederike. Ephesus and the Ephesia–palaeogeographical and geoarchaeological research about a famous city in Western Anatolia. 2015. Universität zu Köln, PhD dissertation.
Stock et al. 2013	https://www.sciencedirect.com/science/article/abs/pii/S1040618213001341?via%3Dihub	Stock, Friederike, et al. "In Search of the Harbours: New Evidence of Late Roman and Byzantine Harbours of Ephesus." Quaternary International, vol. 312, 2013, pp. 57-69.
Stock et al. 2015	https://kups.ub.uni-koeln.de/6368/1/Stock_Doktorarbeit_FINAL.pdf	Stock, Friederike. Ephesus and the Ephesia–palaeogeographical and geoarchaeological research about a famous city in Western Anatolia. 2015. Universität zu Köln, PhD dissertation.
Stock et al. 2015	https://kups.ub.uni-koeln.de/6368/1/Stock_Doktorarbeit_FINAL.pdf	Stock, Friederike. Ephesus and the Ephesia–palaeogeographical and geoarchaeological research about a famous city in Western Anatolia. 2015. Universität zu Köln, PhD dissertation.
Stock et al. 2013	https://www.sciencedirect.com/science/article/abs/pii/S1040618213001341?via%3Dihub	Stock, Friederike, et al. "In Search of the Harbours: New Evidence of Late Roman and Byzantine Harbours of Ephesus." Quaternary International, vol. 312, 2013, pp. 57-69.
Albayrak, 2012	https://dergipark.org.tr/tr/pub/hjbc/issue/61883/926074	Albayrak, Ebru. "Türkiye’nin Fosil Filleri." Hacettepe Journal of Biology and Chemistry, vol. 40, no. 5, Dec. 2012, pp. 365-70, izlik.org/JA22NS22US.
Albayrak, 2012	https://dergipark.org.tr/tr/pub/hjbc/issue/61883/926074	Albayrak, Ebru. "Türkiye’nin Fosil Filleri." Hacettepe Journal of Biology and Chemistry, vol. 40, no. 5, Dec. 2012, pp. 365-70, izlik.org/JA22NS22US.
Sarı, 2023	https://dergipark.org.tr/en/download/article-file/3289958	Sarı, Deniz. "Recent Studies at Bilecik Gedikkaya Cave in Northwestern Turkey." Colloquium Anatolicum, no. 22, Türk Eskiçağ Bilimleri Enstitüsü, 2023.
Sarı, 2023	https://dergipark.org.tr/en/download/article-file/3289959	Sarı, Deniz. "Recent Studies at Bilecik Gedikkaya Cave in Northwestern Turkey." Colloquium Anatolicum, no. 22, Türk Eskiçağ Bilimleri Enstitüsü, 2023.
Sarı, 2023	https://dergipark.org.tr/en/download/article-file/3289960	Sarı, Deniz. "Recent Studies at Bilecik Gedikkaya Cave in Northwestern Turkey." Colloquium Anatolicum, no. 22, Türk Eskiçağ Bilimleri Enstitüsü, 2023.
Sarı, 2023	https://dergipark.org.tr/en/download/article-file/3289961	Sarı, Deniz. "Recent Studies at Bilecik Gedikkaya Cave in Northwestern Turkey." Colloquium Anatolicum, no. 22, Türk Eskiçağ Bilimleri Enstitüsü, 2023.
Sarı, 2023	https://dergipark.org.tr/en/download/article-file/3289962	Sarı, Deniz. "Recent Studies at Bilecik Gedikkaya Cave in Northwestern Turkey." Colloquium Anatolicum, no. 22, Türk Eskiçağ Bilimleri Enstitüsü, 2023.
Sarı, 2023	https://dergipark.org.tr/en/download/article-file/3289963	Sarı, Deniz. "Recent Studies at Bilecik Gedikkaya Cave in Northwestern Turkey." Colloquium Anatolicum, no. 22, Türk Eskiçağ Bilimleri Enstitüsü, 2023.
Sarı, 2023	https://dergipark.org.tr/en/download/article-file/3289964	Sarı, Deniz. "Recent Studies at Bilecik Gedikkaya Cave in Northwestern Turkey." Colloquium Anatolicum, no. 22, Türk Eskiçağ Bilimleri Enstitüsü, 2023.
Sarı, 2023	https://dergipark.org.tr/en/download/article-file/3289965	Sarı, Deniz. "Recent Studies at Bilecik Gedikkaya Cave in Northwestern Turkey." Colloquium Anatolicum, no. 22, Türk Eskiçağ Bilimleri Enstitüsü, 2023.
Sarı, 2023	https://dergipark.org.tr/en/download/article-file/3289966	Sarı, Deniz. "Recent Studies at Bilecik Gedikkaya Cave in Northwestern Turkey." Colloquium Anatolicum, no. 22, Türk Eskiçağ Bilimleri Enstitüsü, 2023.
Sarı, 2023	https://dergipark.org.tr/en/download/article-file/3289967	Sarı, Deniz. "Recent Studies at Bilecik Gedikkaya Cave in Northwestern Turkey." Colloquium Anatolicum, no. 22, Türk Eskiçağ Bilimleri Enstitüsü, 2023.
Sarı, 2023	https://dergipark.org.tr/en/download/article-file/3289968	Sarı, Deniz. "Recent Studies at Bilecik Gedikkaya Cave in Northwestern Turkey." Colloquium Anatolicum, no. 22, Türk Eskiçağ Bilimleri Enstitüsü, 2023.
Sarı, 2023	https://dergipark.org.tr/en/download/article-file/3289969	Sarı, Deniz. "Recent Studies at Bilecik Gedikkaya Cave in Northwestern Turkey." Colloquium Anatolicum, no. 22, Türk Eskiçağ Bilimleri Enstitüsü, 2023.
Sarı, 2023	https://dergipark.org.tr/en/download/article-file/3289970	Sarı, Deniz. "Recent Studies at Bilecik Gedikkaya Cave in Northwestern Turkey." Colloquium Anatolicum, no. 22, Türk Eskiçağ Bilimleri Enstitüsü, 2023.
Erdoğu et al., 2024	https://onlinelibrary.wiley.com/doi/full/10.1111/ojoa.12314	Erdoğu, Burçin, et al. "Special Buildings at Neolithic Girmeler, Near Tlos in South‐West Anatolia." Oxford Journal of Archaeology, vol. 44, no. 1, 2025, pp. 27-39.
Erdoğu et al., 2024	https://onlinelibrary.wiley.com/doi/full/10.1111/ojoa.12314	Erdoğu, Burçin, et al. "Special Buildings at Neolithic Girmeler, Near Tlos in South‐West Anatolia." Oxford Journal of Archaeology, vol. 44, no. 1, 2025, pp. 27-39.
Koptekin et al., 2025	https://www.science.org/doi/10.1126/science.adr3326	Koptekin, Dilek, et al. "Out-of-Anatolia: Cultural and Genetic Interactions During the Neolithic Expansion in the Aegean." Science, vol. 388, no. 6754, 2025, p. eadr3326.
Erdoğu et al., 2024	https://onlinelibrary.wiley.com/doi/full/10.1111/ojoa.12314	Erdoğu, Burçin, et al. "Special Buildings at Neolithic Girmeler, Near Tlos in South‐West Anatolia." Oxford Journal of Archaeology, vol. 44, no. 1, 2025, pp. 27-39.
Erdoğu et al., 2024	https://onlinelibrary.wiley.com/doi/full/10.1111/ojoa.12314	Erdoğu, Burçin, et al. "Special Buildings at Neolithic Girmeler, Near Tlos in South‐West Anatolia." Oxford Journal of Archaeology, vol. 44, no. 1, 2025, pp. 27-39.
Erdoğu et al., 2024	https://onlinelibrary.wiley.com/doi/full/10.1111/ojoa.12314	Erdoğu, Burçin, et al. "Special Buildings at Neolithic Girmeler, Near Tlos in South‐West Anatolia." Oxford Journal of Archaeology, vol. 44, no. 1, 2025, pp. 27-39.
Erdoğu et al., 2024	https://onlinelibrary.wiley.com/doi/full/10.1111/ojoa.12314	Erdoğu, Burçin, et al. "Special Buildings at Neolithic Girmeler, Near Tlos in South‐West Anatolia." Oxford Journal of Archaeology, vol. 44, no. 1, 2025, pp. 27-39.
Erdoğu et al., 2021	https://www.academia.edu/94083018/LATE_PLEISTOCENE_AND_EARLY_HOLOCENE_FINDS_FROM_THE_2020_TRIAL_EXCAVATION_AT_GIRMELER_SOUTHWESTERN_TURKEY	Erdoğu, Burçin, et al. "Late Pleistocene and Early Holocene Finds from the 2020 Trial Excavation at Girmeler, Southwestern Turkey." Anatolica, vol. 47, 2021, pp. 299-320.
Erdoğu et al., 2024	https://onlinelibrary.wiley.com/doi/full/10.1111/ojoa.12314	Erdoğu, Burçin, et al. "Special Buildings at Neolithic Girmeler, Near Tlos in South‐West Anatolia." Oxford Journal of Archaeology, vol. 44, no. 1, 2025, pp. 27-39.
Muşkara et al., 2025	https://www.sciencedirect.com/science/article/pii/S2352409X25000835#s0122	Muşkara, Üftade, et al. "Early Copper Production by the Last Hunter-Gatherers." Journal of Archaeological Science: Reports, vol. 62, 2025, p. 105051.
Muşkara et al., 2025	https://www.sciencedirect.com/science/article/pii/S2352409X25000835#s0123	Muşkara, Üftade, et al. "Early Copper Production by the Last Hunter-Gatherers." Journal of Archaeological Science: Reports, vol. 62, 2025, p. 105051.
Muşkara et al., 2025	https://www.sciencedirect.com/science/article/pii/S2352409X25000835#s0126	Muşkara, Üftade, et al. "Early Copper Production by the Last Hunter-Gatherers." Journal of Archaeological Science: Reports, vol. 62, 2025, p. 105051.
Muşkara et al., 2025	https://www.sciencedirect.com/science/article/pii/S2352409X25000835#s0120	Muşkara, Üftade, et al. "Early Copper Production by the Last Hunter-Gatherers." Journal of Archaeological Science: Reports, vol. 62, 2025, p. 105051.
Muşkara et al., 2025	https://www.sciencedirect.com/science/article/pii/S2352409X25000835#s0116	Muşkara, Üftade, et al. "Early Copper Production by the Last Hunter-Gatherers." Journal of Archaeological Science: Reports, vol. 62, 2025, p. 105051.
Muşkara et al., 2025	https://www.sciencedirect.com/science/article/pii/S2352409X25000835#s0119	Muşkara, Üftade, et al. "Early Copper Production by the Last Hunter-Gatherers." Journal of Archaeological Science: Reports, vol. 62, 2025, p. 105051.
Muşkara et al., 2025	https://www.sciencedirect.com/science/article/pii/S2352409X25000835#s0127	Muşkara, Üftade, et al. "Early Copper Production by the Last Hunter-Gatherers." Journal of Archaeological Science: Reports, vol. 62, 2025, p. 105051.
Muşkara et al., 2025	https://www.sciencedirect.com/science/article/pii/S2352409X25000835#s0125	Muşkara, Üftade, et al. "Early Copper Production by the Last Hunter-Gatherers." Journal of Archaeological Science: Reports, vol. 62, 2025, p. 105051.
Muşkara et al., 2025	https://www.sciencedirect.com/science/article/pii/S2352409X25000835#s0117	Muşkara, Üftade, et al. "Early Copper Production by the Last Hunter-Gatherers." Journal of Archaeological Science: Reports, vol. 62, 2025, p. 105051.
Muşkara et al., 2025	https://www.sciencedirect.com/science/article/pii/S2352409X25000835#s0118	Muşkara, Üftade, et al. "Early Copper Production by the Last Hunter-Gatherers." Journal of Archaeological Science: Reports, vol. 62, 2025, p. 105051.
Muşkara et al., 2025	https://www.sciencedirect.com/science/article/pii/S2352409X25000835#s0124	Muşkara, Üftade, et al. "Early Copper Production by the Last Hunter-Gatherers." Journal of Archaeological Science: Reports, vol. 62, 2025, p. 105051.
Muşkara et al., 2025	https://www.sciencedirect.com/science/article/pii/S2352409X25000835#s0121	Muşkara, Üftade, et al. "Early Copper Production by the Last Hunter-Gatherers." Journal of Archaeological Science: Reports, vol. 62, 2025, p. 105051.
Muşkara et al., 2025	https://www.sciencedirect.com/science/article/pii/S2352409X25000835#s0115	Muşkara, Üftade, et al. "Early Copper Production by the Last Hunter-Gatherers." Journal of Archaeological Science: Reports, vol. 62, 2025, p. 105051.
Aksoy et al., 2026	https://dergipark.org.tr/en/download/article-file/5838941	Aksoy, Belgin, Dirk Paul Mielke, and Christine Kersting. "Havuz-Aslantaş ve Karaseki Yerleşim Dokusu ve Bölgesel İlişkiler Üzerine İncelemeler." Colloquium Anatolicum, Advanced Online Publication, Türk Eskiçağ Bilimleri Enstitüsü.
Aksoy et al., 2026	https://dergipark.org.tr/en/download/article-file/5838941	Aksoy, Belgin, Dirk Paul Mielke, and Christine Kersting. "Havuz-Aslantaş ve Karaseki Yerleşim Dokusu ve Bölgesel İlişkiler Üzerine İncelemeler." Colloquium Anatolicum, Advanced Online Publication, Türk Eskiçağ Bilimleri Enstitüsü.
Beyazıt, 2025	https://dergipark.org.tr/en/download/article-file/5541276	Beyazıt, Aslıhan. "An Evaluation of the Unsealed Clay Stopper from İkiztepe." Adalya, vol. 28, 2025, pp. 579-98.
Beyazıt, 2025	https://dergipark.org.tr/en/download/article-file/5541276	Beyazıt, Aslıhan. "An Evaluation of the Unsealed Clay Stopper from İkiztepe." Adalya, vol. 28, 2025, pp. 579-98.
Beyazıt, 2025	https://dergipark.org.tr/en/download/article-file/5541276	Beyazıt, Aslıhan. "An Evaluation of the Unsealed Clay Stopper from İkiztepe." Adalya, vol. 28, 2025, pp. 579-98.
Beyazıt, 2025	https://dergipark.org.tr/en/download/article-file/5541276	Beyazıt, Aslıhan. "An Evaluation of the Unsealed Clay Stopper from İkiztepe." Adalya, vol. 28, 2025, pp. 579-98.
Beyazıt, 2025	https://dergipark.org.tr/en/download/article-file/5541276	Beyazıt, Aslıhan. "An Evaluation of the Unsealed Clay Stopper from İkiztepe." Adalya, vol. 28, 2025, pp. 579-98.
Beyazıt, 2025	https://dergipark.org.tr/en/download/article-file/5541276	Beyazıt, Aslıhan. "An Evaluation of the Unsealed Clay Stopper from İkiztepe." Adalya, vol. 28, 2025, pp. 579-98.
Beyazıt, 2025	https://dergipark.org.tr/en/download/article-file/5541276	Beyazıt, Aslıhan. "An Evaluation of the Unsealed Clay Stopper from İkiztepe." Adalya, vol. 28, 2025, pp. 579-98.
Beyazıt, 2025	https://dergipark.org.tr/en/download/article-file/5541276	Beyazıt, Aslıhan. "An Evaluation of the Unsealed Clay Stopper from İkiztepe." Adalya, vol. 28, 2025, pp. 579-98.
Beyazıt, 2025	https://dergipark.org.tr/en/download/article-file/5541276	Beyazıt, Aslıhan. "An Evaluation of the Unsealed Clay Stopper from İkiztepe." Adalya, vol. 28, 2025, pp. 579-98.
Yalçıklı, 2024	https://ukaas.ktb.gov.tr/Eklenti/133150,44-kazi-sonuclari-toplantisi-bildirileri1-ciltpdf.pdf?0	Yalçıklı, Derya. "İnboğazı-Andık Mağarası, 2023." Kazı Sonuçları Toplantısı, vol. 44, no. 1, 2024, pp. 417-27.
Ekmen et al., 2025	https://link.springer.com/article/10.1007/s12520-024-02139-6	Ekmen, F. Gülden, et al. "How Humans Engineered Possibilities of Landscape: Baskets and Basketry Materials in İnönü Cave." Archaeological and Anthropological Sciences, vol. 17, no. 1, 2025, p. 14.
Ekmen et al., 2025	https://link.springer.com/article/10.1007/s12520-024-02139-6	Ekmen, F. Gülden, et al. "How Humans Engineered Possibilities of Landscape: Baskets and Basketry Materials in İnönü Cave." Archaeological and Anthropological Sciences, vol. 17, no. 1, 2025, p. 14.
Ekmen et al., 2025	https://link.springer.com/article/10.1007/s12520-024-02139-6	Ekmen, F. Gülden, et al. "How Humans Engineered Possibilities of Landscape: Baskets and Basketry Materials in İnönü Cave." Archaeological and Anthropological Sciences, vol. 17, no. 1, 2025, p. 14.
Ekmen et al., 2025	https://link.springer.com/article/10.1007/s12520-024-02139-6	Ekmen, F. Gülden, et al. "How Humans Engineered Possibilities of Landscape: Baskets and Basketry Materials in İnönü Cave." Archaeological and Anthropological Sciences, vol. 17, no. 1, 2025, p. 14.
Ekmen et al., 2025	https://link.springer.com/article/10.1007/s12520-024-02139-6	Ekmen, F. Gülden, et al. "How Humans Engineered Possibilities of Landscape: Baskets and Basketry Materials in İnönü Cave." Archaeological and Anthropological Sciences, vol. 17, no. 1, 2025, p. 14.
Ekmen et al., 2025	https://link.springer.com/article/10.1007/s12520-024-02139-6	Ekmen, F. Gülden, et al. "How Humans Engineered Possibilities of Landscape: Baskets and Basketry Materials in İnönü Cave." Archaeological and Anthropological Sciences, vol. 17, no. 1, 2025, p. 14.
Ekmen et al., 2025	https://link.springer.com/article/10.1007/s12520-024-02139-6	Ekmen, F. Gülden, et al. "How Humans Engineered Possibilities of Landscape: Baskets and Basketry Materials in İnönü Cave." Archaeological and Anthropological Sciences, vol. 17, no. 1, 2025, p. 14.
Ekmen et al., 2025	https://link.springer.com/article/10.1007/s12520-024-02139-6	Ekmen, F. Gülden, et al. "How Humans Engineered Possibilities of Landscape: Baskets and Basketry Materials in İnönü Cave." Archaeological and Anthropological Sciences, vol. 17, no. 1, 2025, p. 14.
Ekmen et al., 2025	https://link.springer.com/article/10.1007/s12520-024-02139-6	Ekmen, F. Gülden, et al. "How Humans Engineered Possibilities of Landscape: Baskets and Basketry Materials in İnönü Cave." Archaeological and Anthropological Sciences, vol. 17, no. 1, 2025, p. 14.
Ekmen et al., 2025	https://link.springer.com/article/10.1007/s12520-024-02139-6	Ekmen, F. Gülden, et al. "How Humans Engineered Possibilities of Landscape: Baskets and Basketry Materials in İnönü Cave." Archaeological and Anthropological Sciences, vol. 17, no. 1, 2025, p. 14.
Ekmen, 2021	https://dergipark.org.tr/tr/download/article-file/1625199	Ekmen, Hamza. "İnönü Mağarası Erken Tunç Çağı Çanak Çömleği." TÜBA-AR Türkiye Bilimler Akademisi Arkeoloji Dergisi, vol. 28, 2021, pp. 81-102.
Ekmen, 2020	https://dergipark.org.tr/tr/download/article-file/1297088	Ekmen, Fadile. "İnönü Mağarası Kazıları Işığında Kalkolitik Çağ’da Batı Karadeniz Bölgesi." TÜBA-AR Türkiye Bilimler Akademisi Arkeoloji Dergisi, vol. 26, 2020, pp. 45-64.
Ekmen, 2020	https://dergipark.org.tr/tr/download/article-file/1297088	Ekmen, Fadile. "İnönü Mağarası Kazıları Işığında Kalkolitik Çağ’da Batı Karadeniz Bölgesi." TÜBA-AR Türkiye Bilimler Akademisi Arkeoloji Dergisi, vol. 26, 2020, pp. 45-64.
Ekmen, 2020	https://dergipark.org.tr/tr/download/article-file/1297088	Ekmen, Fadile. "İnönü Mağarası Kazıları Işığında Kalkolitik Çağ’da Batı Karadeniz Bölgesi." TÜBA-AR Türkiye Bilimler Akademisi Arkeoloji Dergisi, vol. 26, 2020, pp. 45-64.
Ekmen, 2020	https://dergipark.org.tr/tr/download/article-file/1297088	Ekmen, Fadile. "İnönü Mağarası Kazıları Işığında Kalkolitik Çağ’da Batı Karadeniz Bölgesi." TÜBA-AR Türkiye Bilimler Akademisi Arkeoloji Dergisi, vol. 26, 2020, pp. 45-64.
Ekmen, 2020	https://dergipark.org.tr/tr/download/article-file/1297088	Ekmen, Fadile. "İnönü Mağarası Kazıları Işığında Kalkolitik Çağ’da Batı Karadeniz Bölgesi." TÜBA-AR Türkiye Bilimler Akademisi Arkeoloji Dergisi, vol. 26, 2020, pp. 45-64.
Ekmen, 2020	https://dergipark.org.tr/tr/download/article-file/1297088	Ekmen, Fadile. "İnönü Mağarası Kazıları Işığında Kalkolitik Çağ’da Batı Karadeniz Bölgesi." TÜBA-AR Türkiye Bilimler Akademisi Arkeoloji Dergisi, vol. 26, 2020, pp. 45-64.
Ekmen, 2020	https://dergipark.org.tr/tr/download/article-file/1297088	Ekmen, Fadile. "İnönü Mağarası Kazıları Işığında Kalkolitik Çağ’da Batı Karadeniz Bölgesi." TÜBA-AR Türkiye Bilimler Akademisi Arkeoloji Dergisi, vol. 26, 2020, pp. 45-64.
Dalgıç et al. 2023	https://dergipark.org.tr/tr/pub/arkeolojiveetnografya/issue/78115/1115212	Dalgıç, Yasemin, et al. "Şamanistik Bezemeleriyle İsa Sofi Türbesi: Sıva Karakterizasyonu ve C-14 Analizi." Türk Arkeoloji ve Etnografya Dergisi, no. 86, July 2023, pp. 119-27, izlik.org/JA59YB97XB.
de Martino et al., 2025	https://www.science.org/doi/abs/10.1126/science.adt2642	De Martino, M., et al. "The Dispersal of Domestic Cats from North Africa to Europe Around 2000 Years Ago." Science, vol. 390, no. 6776, 2025, p. eadt2642.
Vorobyeva, 2025	https://pdf.journalagent.com/valonia/pdfs/VLN_2_1_73_79.pdf	Vorobyeva, Elena. "Bioarchaeology at a Rescue Site: Stable Isotope Analysis of the Iouliopolis (Juliopolis) Necropolis." VALONIA: A Journal of Anatolian Pasts, vol. 2, no. 1, pp. 73-79.
Vorobyeva, 2025	https://pdf.journalagent.com/valonia/pdfs/VLN_2_1_73_79.pdf	Vorobyeva, Elena. "Bioarchaeology at a Rescue Site: Stable Isotope Analysis of the Iouliopolis (Juliopolis) Necropolis." VALONIA: A Journal of Anatolian Pasts, vol. 2, no. 1, pp. 73-79.
Vorobyeva, 2025	https://pdf.journalagent.com/valonia/pdfs/VLN_2_1_73_79.pdf	Vorobyeva, Elena. "Bioarchaeology at a Rescue Site: Stable Isotope Analysis of the Iouliopolis (Juliopolis) Necropolis." VALONIA: A Journal of Anatolian Pasts, vol. 2, no. 1, pp. 73-79.
Vorobyeva, 2025	https://pdf.journalagent.com/valonia/pdfs/VLN_2_1_73_79.pdf	Vorobyeva, Elena. "Bioarchaeology at a Rescue Site: Stable Isotope Analysis of the Iouliopolis (Juliopolis) Necropolis." VALONIA: A Journal of Anatolian Pasts, vol. 2, no. 1, pp. 73-79.
Vorobyeva, 2025	https://pdf.journalagent.com/valonia/pdfs/VLN_2_1_73_79.pdf	Vorobyeva, Elena. "Bioarchaeology at a Rescue Site: Stable Isotope Analysis of the Iouliopolis (Juliopolis) Necropolis." VALONIA: A Journal of Anatolian Pasts, vol. 2, no. 1, pp. 73-79.
Omori and Nakamura 2006 and 2007		Omori, Takayuki, and Toshio Nakamura. "Radiocarbon Dating of Archaeological Materials Excavated at Kaman-Kalehöyük: Initial Report." Anatolian Archaeological Studies, vol. 15, 2006, p. e268.
Omori and Nakamura 2006 and 2007		Omori, Takayuki, and Toshio Nakamura. "Radiocarbon Dating of Archaeological Materials Excavated at Kaman-Kalehöyük: Initial Report." Anatolian Archaeological Studies, vol. 15, 2006, p. e268.
Omori and Nakamura 2006 and 2007; replicate of NUTA2-10599		Omori, Takayuki, and Toshio Nakamura. "Radiocarbon Dating of Archaeological Materials Excavated at Kaman-Kalehöyük: Second Report." Anatolian Archaeological Studies, vol. 16, 2007, pp. 111-23.
Omori and Nakamura 2006 and 2007; replicate of NUTA2-11002		Omori, Takayuki, and Toshio Nakamura. "Radiocarbon Dating of Archaeological Materials Excavated at Kaman-Kalehöyük: Second Report." Anatolian Archaeological Studies, vol. 16, 2007, pp. 111-23.
Omori and Nakamura 2006 and 2007		Omori, Takayuki, and Toshio Nakamura. "Radiocarbon Dating of Archaeological Materials Excavated at Kaman-Kalehöyük: Initial Report." Anatolian Archaeological Studies, vol. 15, 2006, p. e268.
Librado et al., 2024	https://www.nature.com/articles/s41586-024-07597-5#Sec19	Librado, Pablo, et al. "Widespread Horse-Based Mobility Arose Around 2200 BCE in Eurasia." Nature, vol. 631, no. 8022, 2024, pp. 819-25.
Erpehlivan et al., 2026	https://www.journals.uchicago.edu/doi/full/10.1086/738272	Erpehlivan, Hüseyin. "Karaağaç Tumulus: An Iron Age Elite Burial from Rural Western Phrygia." American Journal of Archaeology, vol. 130, no. 1, 2026, pp. 5-37.
Erpehlivan et al., 2026	https://www.journals.uchicago.edu/doi/full/10.1086/738272	Erpehlivan, Hüseyin. "Karaağaç Tumulus: An Iron Age Elite Burial from Rural Western Phrygia." American Journal of Archaeology, vol. 130, no. 1, 2026, pp. 5-37.
Erpehlivan et al., 2026	https://www.journals.uchicago.edu/doi/full/10.1086/738272	Erpehlivan, Hüseyin. "Karaağaç Tumulus: An Iron Age Elite Burial from Rural Western Phrygia." American Journal of Archaeology, vol. 130, no. 1, 2026, pp. 5-37.
Çilingiroğlu et al., 2023	https://www.cambridge.org/core/journals/anatolian-studies/article/kababurun-investigations-of-an-eastern-aegean-village-in-the-late-chalcolithic-to-early-bronze-age-transition/CF11C32A3333FA78E5A54F4984959E4D	Çilingiroğlu, Çiler, et al. "Karaburun: Investigations of an Eastern Aegean Village in the Late Chalcolithic to Early Bronze Age Transition." Anatolian Studies, vol. 73, 2023, pp. 1-24.
Çilingiroğlu et al., 2023	https://www.cambridge.org/core/journals/anatolian-studies/article/kababurun-investigations-of-an-eastern-aegean-village-in-the-late-chalcolithic-to-early-bronze-age-transition/CF11C32A3333FA78E5A54F4984959E4D	Çilingiroğlu, Çiler, et al. "Karaburun: Investigations of an Eastern Aegean Village in the Late Chalcolithic to Early Bronze Age Transition." Anatolian Studies, vol. 73, 2023, pp. 1-24.
Çilingiroğlu et al., 2023	https://www.cambridge.org/core/journals/anatolian-studies/article/kababurun-investigations-of-an-eastern-aegean-village-in-the-late-chalcolithic-to-early-bronze-age-transition/CF11C32A3333FA78E5A54F4984959E4D	Çilingiroğlu, Çiler, et al. "Karaburun: Investigations of an Eastern Aegean Village in the Late Chalcolithic to Early Bronze Age Transition." Anatolian Studies, vol. 73, 2023, pp. 1-24.
Çilingiroğlu et al., 2023	https://www.cambridge.org/core/journals/anatolian-studies/article/kababurun-investigations-of-an-eastern-aegean-village-in-the-late-chalcolithic-to-early-bronze-age-transition/CF11C32A3333FA78E5A54F4984959E4D	Çilingiroğlu, Çiler, et al. "Karaburun: Investigations of an Eastern Aegean Village in the Late Chalcolithic to Early Bronze Age Transition." Anatolian Studies, vol. 73, 2023, pp. 1-24.
Çilingiroğlu et al., 2023	https://www.cambridge.org/core/journals/anatolian-studies/article/kababurun-investigations-of-an-eastern-aegean-village-in-the-late-chalcolithic-to-early-bronze-age-transition/CF11C32A3333FA78E5A54F4984959E4D	Çilingiroğlu, Çiler, et al. "Karaburun: Investigations of an Eastern Aegean Village in the Late Chalcolithic to Early Bronze Age Transition." Anatolian Studies, vol. 73, 2023, pp. 1-24.
Ramsey et al., 2002	https://onlinelibrary.wiley.com/doi/epdf/10.1111/j.1475-4754.2002.tb01101.x	Bronk Ramsey, Christopher, et al. "Radiocarbon Dates from the Oxford AMS System: Archaeometry Datelist 33." Archaeometry, vol. 51, no. 2, 2009, pp. 323-49.
Ramsey et al., 2002	https://onlinelibrary.wiley.com/doi/epdf/10.1111/j.1475-4754.2002.tb01101.x	Bronk Ramsey, Christopher, et al. "Radiocarbon Dates from the Oxford AMS System: Archaeometry Datelist 33." Archaeometry, vol. 51, no. 2, 2009, pp. 323-49.
Ramsey et al., 2002	https://onlinelibrary.wiley.com/doi/epdf/10.1111/j.1475-4754.2002.tb01101.x	Bronk Ramsey, Christopher, et al. "Radiocarbon Dates from the Oxford AMS System: Archaeometry Datelist 33." Archaeometry, vol. 51, no. 2, 2009, pp. 323-49.
Ramsey et al., 2002	https://onlinelibrary.wiley.com/doi/epdf/10.1111/j.1475-4754.2002.tb01101.x	Bronk Ramsey, Christopher, et al. "Radiocarbon Dates from the Oxford AMS System: Archaeometry Datelist 33." Archaeometry, vol. 51, no. 2, 2009, pp. 323-49.
Ramsey et al., 2002	https://onlinelibrary.wiley.com/doi/epdf/10.1111/j.1475-4754.2002.tb01101.x	Bronk Ramsey, Christopher, et al. "Radiocarbon Dates from the Oxford AMS System: Archaeometry Datelist 33." Archaeometry, vol. 51, no. 2, 2009, pp. 323-49.
Ramsey et al., 2002	https://onlinelibrary.wiley.com/doi/epdf/10.1111/j.1475-4754.2002.tb01101.x	Bronk Ramsey, Christopher, et al. "Radiocarbon Dates from the Oxford AMS System: Archaeometry Datelist 33." Archaeometry, vol. 51, no. 2, 2009, pp. 323-49.
Ramsey et al., 2002	https://onlinelibrary.wiley.com/doi/epdf/10.1111/j.1475-4754.2002.tb01101.x	Bronk Ramsey, Christopher, et al. "Radiocarbon Dates from the Oxford AMS System: Archaeometry Datelist 33." Archaeometry, vol. 51, no. 2, 2009, pp. 323-49.
Büyükkarakaya et al., 2025	https://www.sciencedirect.com/science/article/pii/S2352409X25005097	Büyükkarakaya, Ali Metin, et al. "Dietary Habits and Subsistence Practices at Early Bronze Age Karataş-Semayük, Southwest Anatolia." Journal of Archaeological Science: Reports, vol. 68, 2025, p. 105476.
Büyükkarakaya et al., 2025	https://www.sciencedirect.com/science/article/pii/S2352409X25005097	Büyükkarakaya, Ali Metin, et al. "Dietary Habits and Subsistence Practices at Early Bronze Age Karataş-Semayük, Southwest Anatolia." Journal of Archaeological Science: Reports, vol. 68, 2025, p. 105476.
Büyükkarakaya et al., 2025	https://www.sciencedirect.com/science/article/pii/S2352409X25005097	Büyükkarakaya, Ali Metin, et al. "Dietary Habits and Subsistence Practices at Early Bronze Age Karataş-Semayük, Southwest Anatolia." Journal of Archaeological Science: Reports, vol. 68, 2025, p. 105476.
Büyükkarakaya et al., 2025	https://www.sciencedirect.com/science/article/pii/S2352409X25005097	Büyükkarakaya, Ali Metin, et al. "Dietary Habits and Subsistence Practices at Early Bronze Age Karataş-Semayük, Southwest Anatolia." Journal of Archaeological Science: Reports, vol. 68, 2025, p. 105476.
Büyükkarakaya et al., 2025	https://www.sciencedirect.com/science/article/pii/S2352409X25005097	Büyükkarakaya, Ali Metin, et al. "Dietary Habits and Subsistence Practices at Early Bronze Age Karataş-Semayük, Southwest Anatolia." Journal of Archaeological Science: Reports, vol. 68, 2025, p. 105476.
Büyükkarakaya et al., 2025	https://www.sciencedirect.com/science/article/pii/S2352409X25005097	Büyükkarakaya, Ali Metin, et al. "Dietary Habits and Subsistence Practices at Early Bronze Age Karataş-Semayük, Southwest Anatolia." Journal of Archaeological Science: Reports, vol. 68, 2025, p. 105476.
Irvine et al., 2023	https://link.springer.com/article/10.1007/s00334-023-00941-1	Irvine, Benjamin, et al. "Stable Carbon Isotope (δ13C) Analysis of Archaeobotanical Remains from Bronze Age Kaymakçı (Western Anatolia) to Investigate Crop Management." Vegetation History and Archaeobotany, vol. 33, no. 2, 2024, pp. 289-300.
Irvine et al., 2023	https://link.springer.com/article/10.1007/s00334-023-00941-1	Irvine, Benjamin, et al. "Stable Carbon Isotope (δ13C) Analysis of Archaeobotanical Remains from Bronze Age Kaymakçı (Western Anatolia) to Investigate Crop Management." Vegetation History and Archaeobotany, vol. 33, no. 2, 2024, pp. 289-300.
Irvine et al., 2023	https://link.springer.com/article/10.1007/s00334-023-00941-1	Irvine, Benjamin, et al. "Stable Carbon Isotope (δ13C) Analysis of Archaeobotanical Remains from Bronze Age Kaymakçı (Western Anatolia) to Investigate Crop Management." Vegetation History and Archaeobotany, vol. 33, no. 2, 2024, pp. 289-300.
Irvine et al., 2023	https://link.springer.com/article/10.1007/s00334-023-00941-1	Irvine, Benjamin, et al. "Stable Carbon Isotope (δ13C) Analysis of Archaeobotanical Remains from Bronze Age Kaymakçı (Western Anatolia) to Investigate Crop Management." Vegetation History and Archaeobotany, vol. 33, no. 2, 2024, pp. 289-300.
Irvine et al., 2023	https://link.springer.com/article/10.1007/s00334-023-00941-1	Irvine, Benjamin, et al. "Stable Carbon Isotope (δ13C) Analysis of Archaeobotanical Remains from Bronze Age Kaymakçı (Western Anatolia) to Investigate Crop Management." Vegetation History and Archaeobotany, vol. 33, no. 2, 2024, pp. 289-300.
Irvine et al., 2023	https://link.springer.com/article/10.1007/s00334-023-00941-1	Irvine, Benjamin, et al. "Stable Carbon Isotope (δ13C) Analysis of Archaeobotanical Remains from Bronze Age Kaymakçı (Western Anatolia) to Investigate Crop Management." Vegetation History and Archaeobotany, vol. 33, no. 2, 2024, pp. 289-300.
Irvine et al., 2023	https://link.springer.com/article/10.1007/s00334-023-00941-1	Irvine, Benjamin, et al. "Stable Carbon Isotope (δ13C) Analysis of Archaeobotanical Remains from Bronze Age Kaymakçı (Western Anatolia) to Investigate Crop Management." Vegetation History and Archaeobotany, vol. 33, no. 2, 2024, pp. 289-300.
Irvine et al., 2023	https://link.springer.com/article/10.1007/s00334-023-00941-1	Irvine, Benjamin, et al. "Stable Carbon Isotope (δ13C) Analysis of Archaeobotanical Remains from Bronze Age Kaymakçı (Western Anatolia) to Investigate Crop Management." Vegetation History and Archaeobotany, vol. 33, no. 2, 2024, pp. 289-300.
Irvine et al., 2023	https://link.springer.com/article/10.1007/s00334-023-00941-1	Irvine, Benjamin, et al. "Stable Carbon Isotope (δ13C) Analysis of Archaeobotanical Remains from Bronze Age Kaymakçı (Western Anatolia) to Investigate Crop Management." Vegetation History and Archaeobotany, vol. 33, no. 2, 2024, pp. 289-300.
Irvine et al., 2023	https://link.springer.com/article/10.1007/s00334-023-00941-1	Irvine, Benjamin, et al. "Stable Carbon Isotope (δ13C) Analysis of Archaeobotanical Remains from Bronze Age Kaymakçı (Western Anatolia) to Investigate Crop Management." Vegetation History and Archaeobotany, vol. 33, no. 2, 2024, pp. 289-300.
Irvine et al., 2023	https://link.springer.com/article/10.1007/s00334-023-00941-1	Irvine, Benjamin, et al. "Stable Carbon Isotope (δ13C) Analysis of Archaeobotanical Remains from Bronze Age Kaymakçı (Western Anatolia) to Investigate Crop Management." Vegetation History and Archaeobotany, vol. 33, no. 2, 2024, pp. 289-300.
Irvine et al., 2023	https://link.springer.com/article/10.1007/s00334-023-00941-1	Irvine, Benjamin, et al. "Stable Carbon Isotope (δ13C) Analysis of Archaeobotanical Remains from Bronze Age Kaymakçı (Western Anatolia) to Investigate Crop Management." Vegetation History and Archaeobotany, vol. 33, no. 2, 2024, pp. 289-300.
Irvine et al., 2023	https://link.springer.com/article/10.1007/s00334-023-00941-1	Irvine, Benjamin, et al. "Stable Carbon Isotope (δ13C) Analysis of Archaeobotanical Remains from Bronze Age Kaymakçı (Western Anatolia) to Investigate Crop Management." Vegetation History and Archaeobotany, vol. 33, no. 2, 2024, pp. 289-300.
Irvine et al., 2023	https://link.springer.com/article/10.1007/s00334-023-00941-1	Irvine, Benjamin, et al. "Stable Carbon Isotope (δ13C) Analysis of Archaeobotanical Remains from Bronze Age Kaymakçı (Western Anatolia) to Investigate Crop Management." Vegetation History and Archaeobotany, vol. 33, no. 2, 2024, pp. 289-300.
Irvine et al., 2023	https://link.springer.com/article/10.1007/s00334-023-00941-1	Irvine, Benjamin, et al. "Stable Carbon Isotope (δ13C) Analysis of Archaeobotanical Remains from Bronze Age Kaymakçı (Western Anatolia) to Investigate Crop Management." Vegetation History and Archaeobotany, vol. 33, no. 2, 2024, pp. 289-300.
Irvine et al., 2023	https://link.springer.com/article/10.1007/s00334-023-00941-1	Irvine, Benjamin, et al. "Stable Carbon Isotope (δ13C) Analysis of Archaeobotanical Remains from Bronze Age Kaymakçı (Western Anatolia) to Investigate Crop Management." Vegetation History and Archaeobotany, vol. 33, no. 2, 2024, pp. 289-300.
Irvine et al., 2023	https://link.springer.com/article/10.1007/s00334-023-00941-1	Irvine, Benjamin, et al. "Stable Carbon Isotope (δ13C) Analysis of Archaeobotanical Remains from Bronze Age Kaymakçı (Western Anatolia) to Investigate Crop Management." Vegetation History and Archaeobotany, vol. 33, no. 2, 2024, pp. 289-300.
Irvine et al., 2023	https://link.springer.com/article/10.1007/s00334-023-00941-1	Irvine, Benjamin, et al. "Stable Carbon Isotope (δ13C) Analysis of Archaeobotanical Remains from Bronze Age Kaymakçı (Western Anatolia) to Investigate Crop Management." Vegetation History and Archaeobotany, vol. 33, no. 2, 2024, pp. 289-300.
Irvine et al., 2023	https://link.springer.com/article/10.1007/s00334-023-00941-1	Irvine, Benjamin, et al. "Stable Carbon Isotope (δ13C) Analysis of Archaeobotanical Remains from Bronze Age Kaymakçı (Western Anatolia) to Investigate Crop Management." Vegetation History and Archaeobotany, vol. 33, no. 2, 2024, pp. 289-300.
Irvine et al., 2023	https://link.springer.com/article/10.1007/s00334-023-00941-1	Irvine, Benjamin, et al. "Stable Carbon Isotope (δ13C) Analysis of Archaeobotanical Remains from Bronze Age Kaymakçı (Western Anatolia) to Investigate Crop Management." Vegetation History and Archaeobotany, vol. 33, no. 2, 2024, pp. 289-300.
Can and Çiftçi, 2023	https://dergipark.org.tr/en/download/article-file/2569775	Can, Şakir, and Şeyma Çiftçi. "Kendale Hecala on the Ambar Çay in the Upper Tigris Region: The First Preliminary Report on the 2018-2019 Excavations." Arkeoloji Dergisi, vol. 30, 2023, pp. 39-64.
Can and Çiftçi, 2023	https://dergipark.org.tr/en/download/article-file/2569775	Can, Şakir, and Şeyma Çiftçi. "Kendale Hecala on the Ambar Çay in the Upper Tigris Region: The First Preliminary Report on the 2018-2019 Excavations." Arkeoloji Dergisi, vol. 30, 2023, pp. 39-64.
Aykurt et al., 2024	https://onlinelibrary.wiley.com/doi/10.1111/ojoa.12289	Aykurt, Ayşegül, et al. "The Earliest Anatolian Item Made of Meteoric Iron: An Amulet from the Bodrum Kesikservi Early Bronze Age I Cemetery." Oxford Journal of Archaeology, vol. 43, no. 2, 2024, pp. 135-52.
Bronk Ramsey et al., 2000	https://onlinelibrary.wiley.com/doi/epdf/10.1111/j.1475-4754.2000.tb00893.x	Bronk Ramsey, Christopher, et al. "Radiocarbon Dates from the Oxford AMS System: Archaeometry Datelist 30." Archaeometry, vol. 42, no. 2, 2000, pp. 459-79.
Bronk Ramsey et al., 2000	https://intchron.org/doi/10.1017/s0066154614000076	Bronk Ramsey, Christopher, et al. "Radiocarbon Dates from the Oxford AMS System: Archaeometry Datelist 30." Archaeometry, vol. 42, no. 2, 2000, pp. 459-79.
Jackson, 2026	Jackson, Mark. "4. Devastating Cilician Settlements in Byzantine Times." Towards an Archaeology of Devastation(2026): 61.	Jackson, M. "Devastating Cilician Settlements in Byzantine Times." Towards an Archaeology of Devastation: Breaking/Replacing the People-Place Connection in Landscape, edited by Stelios Lekakis, Graham Fairclough, Thomas Meier, and Sam Turner, Heidelberg University Press, 2026, pp. 61-85.
Jackson, 2026	Jackson, Mark. "4. Devastating Cilician Settlements in Byzantine Times." Towards an Archaeology of Devastation(2026): 61.	Jackson, M. "Devastating Cilician Settlements in Byzantine Times." Towards an Archaeology of Devastation: Breaking/Replacing the People-Place Connection in Landscape, edited by Stelios Lekakis, Graham Fairclough, Thomas Meier, and Sam Turner, Heidelberg University Press, 2026, pp. 61-85.
Fantoni, 2025	PhD Thesis: Living in the Lower Town: a study of a Middle Iron Age room at Niğde-Kınık Höyük	Fantoni, C. Living in the Lower Town: A Study of a Middle Iron Age Room at Niğde-Kınık Höyük. 2025. Università degli Studi di Pavia, PhD thesis.
D'Alfonso et al., 2020	ARCHAEOLOGICAL EXCAVATIONS (TR) AT NİĞDE- KINIK HÖYÜK: EXCAVATIONS REPORT 2018	d’Alfonso, Lorenzo, Martina Derada, and Andrea Trameri. "Archaeological Excavations at Niğde Kınık Höyük (TR): Excavations Report 2018." Kazı Sonuçları Toplantısı, 2020.
D'Alfonso et al., 2020	ARCHAEOLOGICAL EXCAVATIONS (TR) AT NİĞDE- KINIK HÖYÜK: EXCAVATIONS REPORT 2018	d’Alfonso, Lorenzo, Martina Derada, and Andrea Trameri. "Archaeological Excavations at Niğde Kınık Höyük (TR): Excavations Report 2018." Kazı Sonuçları Toplantısı, 2020.
D'Alfonso et al., 2020	ARCHAEOLOGICAL EXCAVATIONS (TR) AT NİĞDE- KINIK HÖYÜK: EXCAVATIONS REPORT 2018	d’Alfonso, Lorenzo, Martina Derada, and Andrea Trameri. "Archaeological Excavations at Niğde Kınık Höyük (TR): Excavations Report 2018." Kazı Sonuçları Toplantısı, 2020.
D'Alfonso et al., 2020	ARCHAEOLOGICAL EXCAVATIONS (TR) AT NİĞDE- KINIK HÖYÜK: EXCAVATIONS REPORT 2018	d’Alfonso, Lorenzo, Martina Derada, and Andrea Trameri. "Archaeological Excavations at Niğde Kınık Höyük (TR): Excavations Report 2018." Kazı Sonuçları Toplantısı, 2020.
Erbil et al., 2021	https://www.tandfonline.com/doi/full/10.1080/01977261.2021.1883250?casa_token=hbbbc-_HmhsAAAAA:mY9CAyqtN1j0VLMdYrZVeKTEXd8pofS5zm1oHLJ9F69OLJPye9f7USX4jAotshT8YJdTHkYGbS1x	Erbil, Eşref, Gizem Kartal, and Zeynep Beyza Ağırsoy. "A New Settlement from the Epi-Palaeolithic Period: The Operational Sequence and Techno-Typology of the Knapped Stone Industry at the Kızılin Site (Antalya, Turkey)." Lithic Technology, vol. 46, no. 2, 2021, pp. 143-63.
Librado et al., 2024	https://www.nature.com/articles/s41586-024-07597-5#Sec19	Librado, Pablo, et al. "Widespread Horse-Based Mobility Arose Around 2200 BCE in Eurasia." Nature, vol. 631, no. 8022, 2024, pp. 819-25.
Çalışkan Akgül et al., 2026	https://www.cambridge.org/core/journals/antiquity/article/koskarli-cave-excavations-at-an-epipalaeolithic-site-in-the-eastern-black-sea-region-of-turkiye/74AA27A90C08BF995BA2C0A17F04F44E	Çalışkan Akgül, H., et al. "Koskarlı Cave: Excavations at an Epipalaeolithic Site in the Eastern Black Sea Region of Türkiye." Antiquity, 2026, pp. 1-8, https://doi.org/10.15184/aqy.2026.10410.
Çalışkan Akgül et al., 2026	https://www.cambridge.org/core/journals/antiquity/article/koskarli-cave-excavations-at-an-epipalaeolithic-site-in-the-eastern-black-sea-region-of-turkiye/74AA27A90C08BF995BA2C0A17F04F44E	Çalışkan Akgül, H., et al. "Koskarlı Cave: Excavations at an Epipalaeolithic Site in the Eastern Black Sea Region of Türkiye." Antiquity, 2026, pp. 1-8, https://doi.org/10.15184/aqy.2026.10410.
Takaoğlu, 2021	KULAKSIZLAR REVISITED: EXCAVATING THE CONTEXTS OF A CHALCOLITHIC MARBLE WORKSHOP in Archaeology of Anatolia, Volume IV: Recent Discoveries (2018 - 2020)	Takaoğlu, Turan "Kulaksızlar Revisited: Excavating the Contexts of a Chalcolithic Marble Workshop." The Archaeology of Anatolia, vol. 4, 2021, pp. 45-55.
Takaoğlu, 2021	KULAKSIZLAR REVISITED: EXCAVATING THE CONTEXTS OF A CHALCOLITHIC MARBLE WORKSHOP in Archaeology of Anatolia, Volume IV: Recent Discoveries (2018 - 2020)	Takaoğlu, Turan "Kulaksızlar Revisited: Excavating the Contexts of a Chalcolithic Marble Workshop." The Archaeology of Anatolia, vol. 4, 2021, pp. 45-55.
Tuna, 2025	https://ukaas.ktb.gov.tr/Eklenti/147861,39-arkeometri-pdf.pdf?0	Tuna, Yusuf. "Küllüoba Kazısının Kesin Tarihleme Verileri ve Stratigrafisi." Arkeometri Sonuçları Toplantısı, vol. 39, 2025, pp. 499-516.
Tuna, 2025	https://ukaas.ktb.gov.tr/Eklenti/147861,39-arkeometri-pdf.pdf?0	Tuna, Yusuf. "Küllüoba Kazısının Kesin Tarihleme Verileri ve Stratigrafisi." Arkeometri Sonuçları Toplantısı, vol. 39, 2025, pp. 499-516.
Tuna, 2025	https://ukaas.ktb.gov.tr/Eklenti/147861,39-arkeometri-pdf.pdf?0	Tuna, Yusuf. "Küllüoba Kazısının Kesin Tarihleme Verileri ve Stratigrafisi." Arkeometri Sonuçları Toplantısı, vol. 39, 2025, pp. 499-516.
Tuna, 2025	https://ukaas.ktb.gov.tr/Eklenti/147861,39-arkeometri-pdf.pdf?0	Tuna, Yusuf. "Küllüoba Kazısının Kesin Tarihleme Verileri ve Stratigrafisi." Arkeometri Sonuçları Toplantısı, vol. 39, 2025, pp. 499-516.
Tuna, 2025	https://ukaas.ktb.gov.tr/Eklenti/147861,39-arkeometri-pdf.pdf?0	Tuna, Yusuf. "Küllüoba Kazısının Kesin Tarihleme Verileri ve Stratigrafisi." Arkeometri Sonuçları Toplantısı, vol. 39, 2025, pp. 499-516.
Tuna, 2025	https://ukaas.ktb.gov.tr/Eklenti/147861,39-arkeometri-pdf.pdf?0	Tuna, Yusuf. "Küllüoba Kazısının Kesin Tarihleme Verileri ve Stratigrafisi." Arkeometri Sonuçları Toplantısı, vol. 39, 2025, pp. 499-516.
Tuna, 2025	https://ukaas.ktb.gov.tr/Eklenti/147861,39-arkeometri-pdf.pdf?0	Tuna, Yusuf. "Küllüoba Kazısının Kesin Tarihleme Verileri ve Stratigrafisi." Arkeometri Sonuçları Toplantısı, vol. 39, 2025, pp. 499-516.
Tuna, 2025	https://ukaas.ktb.gov.tr/Eklenti/147861,39-arkeometri-pdf.pdf?0	Tuna, Yusuf. "Küllüoba Kazısının Kesin Tarihleme Verileri ve Stratigrafisi." Arkeometri Sonuçları Toplantısı, vol. 39, 2025, pp. 499-516.
Tuna, 2025	https://ukaas.ktb.gov.tr/Eklenti/147861,39-arkeometri-pdf.pdf?0	Tuna, Yusuf. "Küllüoba Kazısının Kesin Tarihleme Verileri ve Stratigrafisi." Arkeometri Sonuçları Toplantısı, vol. 39, 2025, pp. 499-516.
Tuna, 2025	https://ukaas.ktb.gov.tr/Eklenti/147861,39-arkeometri-pdf.pdf?0	Tuna, Yusuf. "Küllüoba Kazısının Kesin Tarihleme Verileri ve Stratigrafisi." Arkeometri Sonuçları Toplantısı, vol. 39, 2025, pp. 499-516.
Tuna, 2025	https://ukaas.ktb.gov.tr/Eklenti/147861,39-arkeometri-pdf.pdf?0	Tuna, Yusuf. "Küllüoba Kazısının Kesin Tarihleme Verileri ve Stratigrafisi." Arkeometri Sonuçları Toplantısı, vol. 39, 2025, pp. 499-516.
Tuna, 2025	https://ukaas.ktb.gov.tr/Eklenti/147861,39-arkeometri-pdf.pdf?0	Tuna, Yusuf. "Küllüoba Kazısının Kesin Tarihleme Verileri ve Stratigrafisi." Arkeometri Sonuçları Toplantısı, vol. 39, 2025, pp. 499-516.
Tuna, 2025	https://ukaas.ktb.gov.tr/Eklenti/147861,39-arkeometri-pdf.pdf?0	Tuna, Yusuf. "Küllüoba Kazısının Kesin Tarihleme Verileri ve Stratigrafisi." Arkeometri Sonuçları Toplantısı, vol. 39, 2025, pp. 499-516.
Tuna, 2025	https://ukaas.ktb.gov.tr/Eklenti/147861,39-arkeometri-pdf.pdf?0	Tuna, Yusuf. "Küllüoba Kazısının Kesin Tarihleme Verileri ve Stratigrafisi." Arkeometri Sonuçları Toplantısı, vol. 39, 2025, pp. 499-516.
Tuna, 2025	https://ukaas.ktb.gov.tr/Eklenti/147861,39-arkeometri-pdf.pdf?0	Tuna, Yusuf. "Küllüoba Kazısının Kesin Tarihleme Verileri ve Stratigrafisi." Arkeometri Sonuçları Toplantısı, vol. 39, 2025, pp. 499-516.
Tuna, 2025	https://ukaas.ktb.gov.tr/Eklenti/147861,39-arkeometri-pdf.pdf?0	Tuna, Yusuf. "Küllüoba Kazısının Kesin Tarihleme Verileri ve Stratigrafisi." Arkeometri Sonuçları Toplantısı, vol. 39, 2025, pp. 499-516.
Tuna, 2025	https://ukaas.ktb.gov.tr/Eklenti/147861,39-arkeometri-pdf.pdf?0	Tuna, Yusuf. "Küllüoba Kazısının Kesin Tarihleme Verileri ve Stratigrafisi." Arkeometri Sonuçları Toplantısı, vol. 39, 2025, pp. 499-516.
Tuna, 2025	https://ukaas.ktb.gov.tr/Eklenti/147861,39-arkeometri-pdf.pdf?0	Tuna, Yusuf. "Küllüoba Kazısının Kesin Tarihleme Verileri ve Stratigrafisi." Arkeometri Sonuçları Toplantısı, vol. 39, 2025, pp. 499-516.
Tuna, 2025	https://ukaas.ktb.gov.tr/Eklenti/147861,39-arkeometri-pdf.pdf?0	Tuna, Yusuf. "Küllüoba Kazısının Kesin Tarihleme Verileri ve Stratigrafisi." Arkeometri Sonuçları Toplantısı, vol. 39, 2025, pp. 499-516.
Tuna, 2025	https://ukaas.ktb.gov.tr/Eklenti/147861,39-arkeometri-pdf.pdf?0	Tuna, Yusuf. "Küllüoba Kazısının Kesin Tarihleme Verileri ve Stratigrafisi." Arkeometri Sonuçları Toplantısı, vol. 39, 2025, pp. 499-516.
Tuna, 2025	https://ukaas.ktb.gov.tr/Eklenti/147861,39-arkeometri-pdf.pdf?0	Tuna, Yusuf. "Küllüoba Kazısının Kesin Tarihleme Verileri ve Stratigrafisi." Arkeometri Sonuçları Toplantısı, vol. 39, 2025, pp. 499-516.
Tuna, 2025	https://ukaas.ktb.gov.tr/Eklenti/147861,39-arkeometri-pdf.pdf?0	Tuna, Yusuf. "Küllüoba Kazısının Kesin Tarihleme Verileri ve Stratigrafisi." Arkeometri Sonuçları Toplantısı, vol. 39, 2025, pp. 499-516.
Tuna, 2025	https://ukaas.ktb.gov.tr/Eklenti/147861,39-arkeometri-pdf.pdf?0	Tuna, Yusuf. "Küllüoba Kazısının Kesin Tarihleme Verileri ve Stratigrafisi." Arkeometri Sonuçları Toplantısı, vol. 39, 2025, pp. 499-516.
Tuna, 2025	https://ukaas.ktb.gov.tr/Eklenti/147861,39-arkeometri-pdf.pdf?0	Tuna, Yusuf. "Küllüoba Kazısının Kesin Tarihleme Verileri ve Stratigrafisi." Arkeometri Sonuçları Toplantısı, vol. 39, 2025, pp. 499-516.
Tuna, 2025	https://ukaas.ktb.gov.tr/Eklenti/147861,39-arkeometri-pdf.pdf?0	Tuna, Yusuf. "Küllüoba Kazısının Kesin Tarihleme Verileri ve Stratigrafisi." Arkeometri Sonuçları Toplantısı, vol. 39, 2025, pp. 499-516.
Tuna, 2025	https://ukaas.ktb.gov.tr/Eklenti/147861,39-arkeometri-pdf.pdf?0	Tuna, Yusuf. "Küllüoba Kazısının Kesin Tarihleme Verileri ve Stratigrafisi." Arkeometri Sonuçları Toplantısı, vol. 39, 2025, pp. 499-516.
Tuna, 2025	https://ukaas.ktb.gov.tr/Eklenti/147861,39-arkeometri-pdf.pdf?0	Tuna, Yusuf. "Küllüoba Kazısının Kesin Tarihleme Verileri ve Stratigrafisi." Arkeometri Sonuçları Toplantısı, vol. 39, 2025, pp. 499-516.
Tuna, 2025	https://ukaas.ktb.gov.tr/Eklenti/147861,39-arkeometri-pdf.pdf?0	Tuna, Yusuf. "Küllüoba Kazısının Kesin Tarihleme Verileri ve Stratigrafisi." Arkeometri Sonuçları Toplantısı, vol. 39, 2025, pp. 499-516.
Tuna, 2025	https://ukaas.ktb.gov.tr/Eklenti/147861,39-arkeometri-pdf.pdf?0	Tuna, Yusuf. "Küllüoba Kazısının Kesin Tarihleme Verileri ve Stratigrafisi." Arkeometri Sonuçları Toplantısı, vol. 39, 2025, pp. 499-516.
Tuna, 2025	https://ukaas.ktb.gov.tr/Eklenti/147861,39-arkeometri-pdf.pdf?0	Tuna, Yusuf. "Küllüoba Kazısının Kesin Tarihleme Verileri ve Stratigrafisi." Arkeometri Sonuçları Toplantısı, vol. 39, 2025, pp. 499-516.
Tuna, 2025	https://ukaas.ktb.gov.tr/Eklenti/147861,39-arkeometri-pdf.pdf?0	Tuna, Yusuf. "Küllüoba Kazısının Kesin Tarihleme Verileri ve Stratigrafisi." Arkeometri Sonuçları Toplantısı, vol. 39, 2025, pp. 499-516.
Tuna, 2025	https://ukaas.ktb.gov.tr/Eklenti/147861,39-arkeometri-pdf.pdf?0	Tuna, Yusuf. "Küllüoba Kazısının Kesin Tarihleme Verileri ve Stratigrafisi." Arkeometri Sonuçları Toplantısı, vol. 39, 2025, pp. 499-516.
Tuna, 2025	https://ukaas.ktb.gov.tr/Eklenti/147861,39-arkeometri-pdf.pdf?0	Tuna, Yusuf. "Küllüoba Kazısının Kesin Tarihleme Verileri ve Stratigrafisi." Arkeometri Sonuçları Toplantısı, vol. 39, 2025, pp. 499-516.
Tuna, 2025	https://ukaas.ktb.gov.tr/Eklenti/147861,39-arkeometri-pdf.pdf?0	Tuna, Yusuf. "Küllüoba Kazısının Kesin Tarihleme Verileri ve Stratigrafisi." Arkeometri Sonuçları Toplantısı, vol. 39, 2025, pp. 499-516.
Tuna, 2025	https://ukaas.ktb.gov.tr/Eklenti/147861,39-arkeometri-pdf.pdf?0	Tuna, Yusuf. "Küllüoba Kazısının Kesin Tarihleme Verileri ve Stratigrafisi." Arkeometri Sonuçları Toplantısı, vol. 39, 2025, pp. 499-516.
Tuna, 2025	https://ukaas.ktb.gov.tr/Eklenti/147861,39-arkeometri-pdf.pdf?0	Tuna, Yusuf. "Küllüoba Kazısının Kesin Tarihleme Verileri ve Stratigrafisi." Arkeometri Sonuçları Toplantısı, vol. 39, 2025, pp. 499-516.
Tuna, 2025	https://ukaas.ktb.gov.tr/Eklenti/147861,39-arkeometri-pdf.pdf?0	Tuna, Yusuf. "Küllüoba Kazısının Kesin Tarihleme Verileri ve Stratigrafisi." Arkeometri Sonuçları Toplantısı, vol. 39, 2025, pp. 499-516.
Tuna, 2025	https://ukaas.ktb.gov.tr/Eklenti/147861,39-arkeometri-pdf.pdf?0	Tuna, Yusuf. "Küllüoba Kazısının Kesin Tarihleme Verileri ve Stratigrafisi." Arkeometri Sonuçları Toplantısı, vol. 39, 2025, pp. 499-516.
Tuna, 2025	https://ukaas.ktb.gov.tr/Eklenti/147861,39-arkeometri-pdf.pdf?0	Tuna, Yusuf. "Küllüoba Kazısının Kesin Tarihleme Verileri ve Stratigrafisi." Arkeometri Sonuçları Toplantısı, vol. 39, 2025, pp. 499-516.
Tuna, 2025	https://ukaas.ktb.gov.tr/Eklenti/147861,39-arkeometri-pdf.pdf?0	Tuna, Yusuf. "Küllüoba Kazısının Kesin Tarihleme Verileri ve Stratigrafisi." Arkeometri Sonuçları Toplantısı, vol. 39, 2025, pp. 499-516.
Tuna, 2025	https://ukaas.ktb.gov.tr/Eklenti/147861,39-arkeometri-pdf.pdf?0	Tuna, Yusuf. "Küllüoba Kazısının Kesin Tarihleme Verileri ve Stratigrafisi." Arkeometri Sonuçları Toplantısı, vol. 39, 2025, pp. 499-516.
Tuna, 2025	https://ukaas.ktb.gov.tr/Eklenti/147861,39-arkeometri-pdf.pdf?0	Tuna, Yusuf. "Küllüoba Kazısının Kesin Tarihleme Verileri ve Stratigrafisi." Arkeometri Sonuçları Toplantısı, vol. 39, 2025, pp. 499-516.
Tuna, 2025	https://ukaas.ktb.gov.tr/Eklenti/147861,39-arkeometri-pdf.pdf?0	Tuna, Yusuf. "Küllüoba Kazısının Kesin Tarihleme Verileri ve Stratigrafisi." Arkeometri Sonuçları Toplantısı, vol. 39, 2025, pp. 499-516.
Tuna, 2025	https://ukaas.ktb.gov.tr/Eklenti/147861,39-arkeometri-pdf.pdf?0	Tuna, Yusuf. "Küllüoba Kazısının Kesin Tarihleme Verileri ve Stratigrafisi." Arkeometri Sonuçları Toplantısı, vol. 39, 2025, pp. 499-516.
Tuna, 2025	https://ukaas.ktb.gov.tr/Eklenti/147861,39-arkeometri-pdf.pdf?0	Tuna, Yusuf. "Küllüoba Kazısının Kesin Tarihleme Verileri ve Stratigrafisi." Arkeometri Sonuçları Toplantısı, vol. 39, 2025, pp. 499-516.
Tuna, 2025	https://ukaas.ktb.gov.tr/Eklenti/147861,39-arkeometri-pdf.pdf?0	Tuna, Yusuf. "Küllüoba Kazısının Kesin Tarihleme Verileri ve Stratigrafisi." Arkeometri Sonuçları Toplantısı, vol. 39, 2025, pp. 499-516.
Tuna, 2025	https://ukaas.ktb.gov.tr/Eklenti/147861,39-arkeometri-pdf.pdf?0	Tuna, Yusuf. "Küllüoba Kazısının Kesin Tarihleme Verileri ve Stratigrafisi." Arkeometri Sonuçları Toplantısı, vol. 39, 2025, pp. 499-516.
Tuna, 2025	https://ukaas.ktb.gov.tr/Eklenti/147861,39-arkeometri-pdf.pdf?0	Tuna, Yusuf. "Küllüoba Kazısının Kesin Tarihleme Verileri ve Stratigrafisi." Arkeometri Sonuçları Toplantısı, vol. 39, 2025, pp. 499-516.
Tuna, 2025	https://ukaas.ktb.gov.tr/Eklenti/147861,39-arkeometri-pdf.pdf?0	Tuna, Yusuf. "Küllüoba Kazısının Kesin Tarihleme Verileri ve Stratigrafisi." Arkeometri Sonuçları Toplantısı, vol. 39, 2025, pp. 499-516.
Tuna, 2025	https://ukaas.ktb.gov.tr/Eklenti/147861,39-arkeometri-pdf.pdf?0	Tuna, Yusuf. "Küllüoba Kazısının Kesin Tarihleme Verileri ve Stratigrafisi." Arkeometri Sonuçları Toplantısı, vol. 39, 2025, pp. 499-516.
Tuna, 2025	https://ukaas.ktb.gov.tr/Eklenti/147861,39-arkeometri-pdf.pdf?0	Tuna, Yusuf. "Küllüoba Kazısının Kesin Tarihleme Verileri ve Stratigrafisi." Arkeometri Sonuçları Toplantısı, vol. 39, 2025, pp. 499-516.
Tuna, 2025	https://ukaas.ktb.gov.tr/Eklenti/147861,39-arkeometri-pdf.pdf?0	Tuna, Yusuf. "Küllüoba Kazısının Kesin Tarihleme Verileri ve Stratigrafisi." Arkeometri Sonuçları Toplantısı, vol. 39, 2025, pp. 499-516.
Tuna, 2025	https://ukaas.ktb.gov.tr/Eklenti/147861,39-arkeometri-pdf.pdf?0	Tuna, Yusuf. "Küllüoba Kazısının Kesin Tarihleme Verileri ve Stratigrafisi." Arkeometri Sonuçları Toplantısı, vol. 39, 2025, pp. 499-516.
Tuna, 2025	https://ukaas.ktb.gov.tr/Eklenti/147861,39-arkeometri-pdf.pdf?0	Tuna, Yusuf. "Küllüoba Kazısının Kesin Tarihleme Verileri ve Stratigrafisi." Arkeometri Sonuçları Toplantısı, vol. 39, 2025, pp. 499-516.
Tuna, 2025	https://ukaas.ktb.gov.tr/Eklenti/147861,39-arkeometri-pdf.pdf?0	Tuna, Yusuf. "Küllüoba Kazısının Kesin Tarihleme Verileri ve Stratigrafisi." Arkeometri Sonuçları Toplantısı, vol. 39, 2025, pp. 499-516.
Kavak et al., 2026	https://journals.plos.org/plosone/article?id=10.1371/journal.pone.0344705#sec015	Kavak, Salih, et al. "Archaeometric Analysis of Early Bronze Age Bread from Küllüoba Höyük." PLoS ONE, vol. 21, no. 3, 2026, p. e0344705.
Tuna, 2025	https://ukaas.ktb.gov.tr/Eklenti/147861,39-arkeometri-pdf.pdf?0	Tuna, Yusuf. "Küllüoba Kazısının Kesin Tarihleme Verileri ve Stratigrafisi." Arkeometri Sonuçları Toplantısı, vol. 39, 2025, pp. 499-516.
Tuna, 2025	https://ukaas.ktb.gov.tr/Eklenti/147861,39-arkeometri-pdf.pdf?0	Tuna, Yusuf. "Küllüoba Kazısının Kesin Tarihleme Verileri ve Stratigrafisi." Arkeometri Sonuçları Toplantısı, vol. 39, 2025, pp. 499-516.
Tuna, 2025	https://ukaas.ktb.gov.tr/Eklenti/147861,39-arkeometri-pdf.pdf?0	Tuna, Yusuf. "Küllüoba Kazısının Kesin Tarihleme Verileri ve Stratigrafisi." Arkeometri Sonuçları Toplantısı, vol. 39, 2025, pp. 499-516.
Tuna, 2025	https://ukaas.ktb.gov.tr/Eklenti/147861,39-arkeometri-pdf.pdf?0	Tuna, Yusuf. "Küllüoba Kazısının Kesin Tarihleme Verileri ve Stratigrafisi." Arkeometri Sonuçları Toplantısı, vol. 39, 2025, pp. 499-516.
Tuna, 2025	https://ukaas.ktb.gov.tr/Eklenti/147861,39-arkeometri-pdf.pdf?0	Tuna, Yusuf. "Küllüoba Kazısının Kesin Tarihleme Verileri ve Stratigrafisi." Arkeometri Sonuçları Toplantısı, vol. 39, 2025, pp. 499-516.
Tuna, 2025	https://ukaas.ktb.gov.tr/Eklenti/147861,39-arkeometri-pdf.pdf?0	Tuna, Yusuf. "Küllüoba Kazısının Kesin Tarihleme Verileri ve Stratigrafisi." Arkeometri Sonuçları Toplantısı, vol. 39, 2025, pp. 499-516.
Tuna, 2025	https://ukaas.ktb.gov.tr/Eklenti/147861,39-arkeometri-pdf.pdf?0	Tuna, Yusuf. "Küllüoba Kazısının Kesin Tarihleme Verileri ve Stratigrafisi." Arkeometri Sonuçları Toplantısı, vol. 39, 2025, pp. 499-516.
Bertram et al., 2016	https://tobias-lib.ub.uni-tuebingen.de/xmlui/bitstream/handle/10900/73627/StTrMonograph5_Bertram_Karul.pdf?sequence=1&isAllowed=y	Bertram, Jan-Krzysztof Anmerkungen zur Stratigraphie des Kumtepe. Die Ergebnisse der Grabungen in den Jahren 1994 und 1995 2016 Bertram, Jan-Krzysztof. "Anmerkungen zur Stratigraphie des Kumtepe. Die Ergebnisse der Grabungen in den Jahren 1994 und 1995." 2016.
Bertram et al., 2016	https://tobias-lib.ub.uni-tuebingen.de/xmlui/bitstream/handle/10900/73627/StTrMonograph5_Bertram_Karul.pdf?sequence=1&isAllowed=y	Bertram, Jan-Krzysztof Anmerkungen zur Stratigraphie des Kumtepe. Die Ergebnisse der Grabungen in den Jahren 1994 und 1995 2016 Bertram, Jan-Krzysztof. "Anmerkungen zur Stratigraphie des Kumtepe. Die Ergebnisse der Grabungen in den Jahren 1994 und 1995." 2016.
Bertram et al., 2016	https://tobias-lib.ub.uni-tuebingen.de/xmlui/bitstream/handle/10900/73627/StTrMonograph5_Bertram_Karul.pdf?sequence=1&isAllowed=y	Bertram, Jan-Krzysztof Anmerkungen zur Stratigraphie des Kumtepe. Die Ergebnisse der Grabungen in den Jahren 1994 und 1995 2016 Bertram, Jan-Krzysztof. "Anmerkungen zur Stratigraphie des Kumtepe. Die Ergebnisse der Grabungen in den Jahren 1994 und 1995." 2016.
Bertram et al., 2016	https://tobias-lib.ub.uni-tuebingen.de/xmlui/bitstream/handle/10900/73627/StTrMonograph5_Bertram_Karul.pdf?sequence=1&isAllowed=y	Bertram, Jan-Krzysztof Anmerkungen zur Stratigraphie des Kumtepe. Die Ergebnisse der Grabungen in den Jahren 1994 und 1995 2016 Bertram, Jan-Krzysztof. "Anmerkungen zur Stratigraphie des Kumtepe. Die Ergebnisse der Grabungen in den Jahren 1994 und 1995." 2016.
Bertram et al., 2016	https://tobias-lib.ub.uni-tuebingen.de/xmlui/bitstream/handle/10900/73627/StTrMonograph5_Bertram_Karul.pdf?sequence=1&isAllowed=y	Bertram, Jan-Krzysztof Anmerkungen zur Stratigraphie des Kumtepe. Die Ergebnisse der Grabungen in den Jahren 1994 und 1995 2016 Bertram, Jan-Krzysztof. "Anmerkungen zur Stratigraphie des Kumtepe. Die Ergebnisse der Grabungen in den Jahren 1994 und 1995." 2016.
Omrak et al., 2016	https://www.sciencedirect.com/science/article/pii/S096098221501516X	Omrak, Ayça, et al. "Genomic Evidence Establishes Anatolia as the Source of the European Neolithic Gene Pool." Current Biology, vol. 26, no. 2, 2016, pp. 270-75.
Bertram et al., 2016	https://tobias-lib.ub.uni-tuebingen.de/xmlui/bitstream/handle/10900/73627/StTrMonograph5_Bertram_Karul.pdf?sequence=1&isAllowed=y	Bertram, Jan-Krzysztof Anmerkungen zur Stratigraphie des Kumtepe. Die Ergebnisse der Grabungen in den Jahren 1994 und 1995 2016 Bertram, Jan-Krzysztof. "Anmerkungen zur Stratigraphie des Kumtepe. Die Ergebnisse der Grabungen in den Jahren 1994 und 1995." 2016.
Omrak et al., 2016	https://www.sciencedirect.com/science/article/pii/S096098221501516X	Omrak, Ayça, et al. "Genomic Evidence Establishes Anatolia as the Source of the European Neolithic Gene Pool." Current Biology, vol. 26, no. 2, 2016, pp. 270-75.
Omrak et al., 2016	https://www.sciencedirect.com/science/article/pii/S096098221501516X	Omrak, Ayça, et al. "Genomic Evidence Establishes Anatolia as the Source of the European Neolithic Gene Pool." Current Biology, vol. 26, no. 2, 2016, pp. 270-75.
Bertram et al., 2016	https://tobias-lib.ub.uni-tuebingen.de/xmlui/bitstream/handle/10900/73627/StTrMonograph5_Bertram_Karul.pdf?sequence=1&isAllowed=y	Bertram, Jan-Krzysztof Anmerkungen zur Stratigraphie des Kumtepe. Die Ergebnisse der Grabungen in den Jahren 1994 und 1995 2016 Bertram, Jan-Krzysztof. "Anmerkungen zur Stratigraphie des Kumtepe. Die Ergebnisse der Grabungen in den Jahren 1994 und 1995." 2016.
Bertram et al., 2016	https://tobias-lib.ub.uni-tuebingen.de/xmlui/bitstream/handle/10900/73627/StTrMonograph5_Bertram_Karul.pdf?sequence=1&isAllowed=y	Bertram, Jan-Krzysztof Anmerkungen zur Stratigraphie des Kumtepe. Die Ergebnisse der Grabungen in den Jahren 1994 und 1995 2016 Bertram, Jan-Krzysztof. "Anmerkungen zur Stratigraphie des Kumtepe. Die Ergebnisse der Grabungen in den Jahren 1994 und 1995." 2016.
Biltekin et al., 2026	https://www.sciencedirect.com/science/article/pii/S0277379126001241?casa_token=A_GAPCny688AAAAA:beQfKo5WbfrZQ7nOLNi4EdYlMVZLblGPBrncuMD3hur7PcYgCOu2_g6T9tiwEOr0e5ijQAvb1UaH	Biltekin, Demet, et al. "Multi-Proxy Paleoenvironmental Reconstruction of Lake Burdur (Southwest Türkiye) Sediments: Tracing Middle−Late Holocene Climate Variability and Anthropogenic Impact." Quaternary Science Reviews, vol. 379, 2026, p. 109915.
Biltekin et al., 2026	https://www.sciencedirect.com/science/article/pii/S0277379126001241?casa_token=A_GAPCny688AAAAA:beQfKo5WbfrZQ7nOLNi4EdYlMVZLblGPBrncuMD3hur7PcYgCOu2_g6T9tiwEOr0e5ijQAvb1UaH	Biltekin, Demet, et al. "Multi-Proxy Paleoenvironmental Reconstruction of Lake Burdur (Southwest Türkiye) Sediments: Tracing Middle−Late Holocene Climate Variability and Anthropogenic Impact." Quaternary Science Reviews, vol. 379, 2026, p. 109915.
Biltekin et al., 2026	https://www.sciencedirect.com/science/article/pii/S0277379126001241?casa_token=A_GAPCny688AAAAA:beQfKo5WbfrZQ7nOLNi4EdYlMVZLblGPBrncuMD3hur7PcYgCOu2_g6T9tiwEOr0e5ijQAvb1UaH	Biltekin, Demet, et al. "Multi-Proxy Paleoenvironmental Reconstruction of Lake Burdur (Southwest Türkiye) Sediments: Tracing Middle−Late Holocene Climate Variability and Anthropogenic Impact." Quaternary Science Reviews, vol. 379, 2026, p. 109915.
Biltekin et al., 2026	https://www.sciencedirect.com/science/article/pii/S0277379126001241?casa_token=A_GAPCny688AAAAA:beQfKo5WbfrZQ7nOLNi4EdYlMVZLblGPBrncuMD3hur7PcYgCOu2_g6T9tiwEOr0e5ijQAvb1UaH	Biltekin, Demet, et al. "Multi-Proxy Paleoenvironmental Reconstruction of Lake Burdur (Southwest Türkiye) Sediments: Tracing Middle−Late Holocene Climate Variability and Anthropogenic Impact." Quaternary Science Reviews, vol. 379, 2026, p. 109915.
de Martino et al., 2025	https://www.science.org/doi/abs/10.1126/science.adt2642	De Martino, M., et al. "The Dispersal of Domestic Cats from North Africa to Europe Around 2000 Years Ago." Science, vol. 390, no. 6776, 2025, p. eadt2642.
Bamyacı and Özdemir, 2022	https://dergipark.org.tr/tr/download/article-file/2097923	Bamyacı, A. Onur, and Abdulkadir Özdemir. "Murat Höyük Erken Tunç Çağı Taş Kalıpları." Arkeoloji Dergisi, vol. 2, no. 29, 2022, pp. 1-16.
Bamyacı and Özdemir, 2022	https://dergipark.org.tr/tr/download/article-file/2097923	Bamyacı, A. Onur, and Abdulkadir Özdemir. "Murat Höyük Erken Tunç Çağı Taş Kalıpları." Arkeoloji Dergisi, vol. 2, no. 29, 2022, pp. 1-16.
Bamyacı and Özdemir, 2022	https://dergipark.org.tr/tr/download/article-file/2097923	Bamyacı, A. Onur, and Abdulkadir Özdemir. "Murat Höyük Erken Tunç Çağı Taş Kalıpları." Arkeoloji Dergisi, vol. 2, no. 29, 2022, pp. 1-16.
Bamyacı and Özdemir, 2022	https://dergipark.org.tr/tr/download/article-file/2097923	Bamyacı, A. Onur, and Abdulkadir Özdemir. "Murat Höyük Erken Tunç Çağı Taş Kalıpları." Arkeoloji Dergisi, vol. 2, no. 29, 2022, pp. 1-16.
Bamyacı and Özdemir, 2022	https://dergipark.org.tr/tr/download/article-file/2097923	Bamyacı, A. Onur, and Abdulkadir Özdemir. "Murat Höyük Erken Tunç Çağı Taş Kalıpları." Arkeoloji Dergisi, vol. 2, no. 29, 2022, pp. 1-16.
Bamyacı and Özdemir, 2022	https://dergipark.org.tr/tr/download/article-file/2097923	Bamyacı, A. Onur, and Abdulkadir Özdemir. "Murat Höyük Erken Tunç Çağı Taş Kalıpları." Arkeoloji Dergisi, vol. 2, no. 29, 2022, pp. 1-16.
Bamyacı and Özdemir, 2022	https://dergipark.org.tr/tr/download/article-file/2097923	Bamyacı, A. Onur, and Abdulkadir Özdemir. "Murat Höyük Erken Tunç Çağı Taş Kalıpları." Arkeoloji Dergisi, vol. 2, no. 29, 2022, pp. 1-16.
Bamyacı and Özdemir, 2022	https://dergipark.org.tr/tr/download/article-file/2097923	Bamyacı, A. Onur, and Abdulkadir Özdemir. "Murat Höyük Erken Tunç Çağı Taş Kalıpları." Arkeoloji Dergisi, vol. 2, no. 29, 2022, pp. 1-16.
Bamyacı and Özdemir, 2022	https://dergipark.org.tr/tr/download/article-file/2097923	Bamyacı, A. Onur, and Abdulkadir Özdemir. "Murat Höyük Erken Tunç Çağı Taş Kalıpları." Arkeoloji Dergisi, vol. 2, no. 29, 2022, pp. 1-16.
Bamyacı and Özdemir, 2022	https://dergipark.org.tr/tr/download/article-file/2097923	Bamyacı, A. Onur, and Abdulkadir Özdemir. "Murat Höyük Erken Tunç Çağı Taş Kalıpları." Arkeoloji Dergisi, vol. 2, no. 29, 2022, pp. 1-16.
Bamyacı and Özdemir, 2022	https://dergipark.org.tr/tr/download/article-file/2097923	Bamyacı, A. Onur, and Abdulkadir Özdemir. "Murat Höyük Erken Tunç Çağı Taş Kalıpları." Arkeoloji Dergisi, vol. 2, no. 29, 2022, pp. 1-16.
Bamyacı and Özdemir, 2022	https://dergipark.org.tr/tr/download/article-file/2097923	Bamyacı, A. Onur, and Abdulkadir Özdemir. "Murat Höyük Erken Tunç Çağı Taş Kalıpları." Arkeoloji Dergisi, vol. 2, no. 29, 2022, pp. 1-16.
Koptekin et al., 2023	https://www.sciencedirect.com/science/article/pii/S0960982222018243	Koptekin, Dilek, et al. "Spatial and Temporal Heterogeneity in Human Mobility Patterns in Holocene Southwest Asia and the East Mediterranean." Current Biology, vol. 33, no. 1, 2023, pp. 41-57.
Koptekin et al., 2023	https://www.sciencedirect.com/science/article/pii/S0960982222018243	Koptekin, Dilek, et al. "Spatial and Temporal Heterogeneity in Human Mobility Patterns in Holocene Southwest Asia and the East Mediterranean." Current Biology, vol. 33, no. 1, 2023, pp. 41-57.
Wang et al., 2023	https://www.pnas.org/doi/10.1073/pnas.2210611120	Wang, Xiaoran, et al. "Isotopic and DNA Analyses Reveal Multiscale PPNB Mobility and Migration Across Southeastern Anatolia and the Southern Levant." Proceedings of the National Academy of Sciences, vol. 120, no. 4, 2023, p. e2210611120.
Wang et al., 2023	https://www.pnas.org/doi/10.1073/pnas.2210611120	Wang, Xiaoran, et al. "Isotopic and DNA Analyses Reveal Multiscale PPNB Mobility and Migration Across Southeastern Anatolia and the Southern Levant." Proceedings of the National Academy of Sciences, vol. 120, no. 4, 2023, p. e2210611120.
Wang et al., 2023	https://www.pnas.org/doi/10.1073/pnas.2210611120	Wang, Xiaoran, et al. "Isotopic and DNA Analyses Reveal Multiscale PPNB Mobility and Migration Across Southeastern Anatolia and the Southern Levant." Proceedings of the National Academy of Sciences, vol. 120, no. 4, 2023, p. e2210611120.
Wang et al., 2023	https://www.pnas.org/doi/10.1073/pnas.2210611120	Wang, Xiaoran, et al. "Isotopic and DNA Analyses Reveal Multiscale PPNB Mobility and Migration Across Southeastern Anatolia and the Southern Levant." Proceedings of the National Academy of Sciences, vol. 120, no. 4, 2023, p. e2210611120.
Süel et al, 2025	https://dergipark.org.tr/en/download/article-file/4691539	Süel, Aygül, et al. "Ortaköy/Şapinuva-Tepelerarası-Metal İşlikleri." Archivum Anatolicum-Anadolu Arşivleri, vol. 19, no. 1, 2025, pp. 177-214.
Kara, 2025	https://dergipark.org.tr/en/download/article-file/4976857	Kara, Seda. "Orta Anadolu Erken Demir Çağı Sorunsalı Üzerine: Ovaören Kazıları Işığında Bir Değerlendirme." Ankara Hacı Bayram Veli Üniversitesi Edebiyat Fakültesi Dergisi, vol. 13, 2025, pp. 49-78.
Özarslan et al., 2025	https://www.sciencedirect.com/science/article/pii/S2352409X25000902	Özarslan, Y., et al. "Tree-Ring Analysis and Absolute Dating of a Wooden Water-Drain Installation from the Late Bronze Age Underground Spring Chamber of Oymaağaç Höyük/Nerik, Türkiye." Journal of Archaeological Science: Reports, vol. 62, 2025, p. 105058.
Özarslan et al., 2025	https://www.sciencedirect.com/science/article/pii/S2352409X25000902	Özarslan, Y., et al. "Tree-Ring Analysis and Absolute Dating of a Wooden Water-Drain Installation from the Late Bronze Age Underground Spring Chamber of Oymaağaç Höyük/Nerik, Türkiye." Journal of Archaeological Science: Reports, vol. 62, 2025, p. 105058.
Özarslan et al., 2025	https://www.sciencedirect.com/science/article/pii/S2352409X25000902	Özarslan, Y., et al. "Tree-Ring Analysis and Absolute Dating of a Wooden Water-Drain Installation from the Late Bronze Age Underground Spring Chamber of Oymaağaç Höyük/Nerik, Türkiye." Journal of Archaeological Science: Reports, vol. 62, 2025, p. 105058.
Yılmaz and Yılmaz, 2023	https://www.maajournal.com/index.php/maa/article/view/884/799	Yılmaz, Alper, and Zeynep Yılmaz. "The Roman Bath at Parion: Historical Development and the Dating by 14C of Its Reused Phase." Mediterranean Archaeology and Archaeometry, vol. 23, no. 1, 2023.
Koptekin et al., 2025	https://www.science.org/doi/10.1126/science.adr3326	Koptekin, Dilek, et al. "Out-of-Anatolia: Cultural and Genetic Interactions During the Neolithic Expansion in the Aegean." Science, vol. 388, no. 6754, 2025, p. eadr3326.
Uzundurum et al., 2026	https://pmc.ncbi.nlm.nih.gov/articles/PMC13082643/#pone.0344987.s001	Uzdurum, Melis, Mustafa Nuri Tatbul, and Susan Marie Mentzer. "Late Antique—Early Byzantine Urban Transformation in Mid-Northern Anatolia: A Multiproxy Approach from Pompeiopolis." PLoS ONE, vol. 21, no. 4, 2026, p. e0344987.
Uzundurum et al., 2026	https://pmc.ncbi.nlm.nih.gov/articles/PMC13082643/#pone.0344987.s001	Uzdurum, Melis, Mustafa Nuri Tatbul, and Susan Marie Mentzer. "Late Antique—Early Byzantine Urban Transformation in Mid-Northern Anatolia: A Multiproxy Approach from Pompeiopolis." PLoS ONE, vol. 21, no. 4, 2026, p. e0344987.
Uzundurum et al., 2026	https://pmc.ncbi.nlm.nih.gov/articles/PMC13082643/#pone.0344987.s001	Uzdurum, Melis, Mustafa Nuri Tatbul, and Susan Marie Mentzer. "Late Antique—Early Byzantine Urban Transformation in Mid-Northern Anatolia: A Multiproxy Approach from Pompeiopolis." PLoS ONE, vol. 21, no. 4, 2026, p. e0344987.
Uzundurum et al., 2026	https://pmc.ncbi.nlm.nih.gov/articles/PMC13082643/#pone.0344987.s001	Uzdurum, Melis, Mustafa Nuri Tatbul, and Susan Marie Mentzer. "Late Antique—Early Byzantine Urban Transformation in Mid-Northern Anatolia: A Multiproxy Approach from Pompeiopolis." PLoS ONE, vol. 21, no. 4, 2026, p. e0344987.
Kısa, 2014	Master thesis: RESULOĞLU MEZARLIĞI ESKİ TUNÇ ÇAĞI SERAMİĞİ	Kısa, A. Resuloğlu Mezarlığı Eski Tunç Çağı Seramiği. 2014. Ankara Üniversitesi, Yüksek Lisans tezi.
Vermoere et al., 2003	https://www.jstor.org/stable/3643093	Vermoere, Marleen, et al. "Pollen Sequences from the City of Sagalassos (Pisidia, Southwest Turkey)." Anatolian Studies, vol. 53, 2003, pp. 161-73.
Vermoere et al., 2003	https://www.jstor.org/stable/3643093	Vermoere, Marleen, et al. "Pollen Sequences from the City of Sagalassos (Pisidia, Southwest Turkey)." Anatolian Studies, vol. 53, 2003, pp. 161-73.
Özdoğan, 2024	https://journals.uni-lj.si/DocumentaPraehistorica/article/view/18953	Özdoğan, Eylem. "Sayburç: A Mid-9th Millennium BC Site in the Foothills of the Eastern Taurus." Documenta Praehistorica, vol. 51, 2024, pp. 44-58.
Özdoğan, 2024	https://journals.uni-lj.si/DocumentaPraehistorica/article/view/18953	Özdoğan, Eylem. "Sayburç: A Mid-9th Millennium BC Site in the Foothills of the Eastern Taurus." Documenta Praehistorica, vol. 51, 2024, pp. 44-58.
Özdoğan, 2024	https://journals.uni-lj.si/DocumentaPraehistorica/article/view/18953	Özdoğan, Eylem. "Sayburç: A Mid-9th Millennium BC Site in the Foothills of the Eastern Taurus." Documenta Praehistorica, vol. 51, 2024, pp. 44-58.
Özdoğan, 2024	https://journals.uni-lj.si/DocumentaPraehistorica/article/view/18953	Özdoğan, Eylem. "Sayburç: A Mid-9th Millennium BC Site in the Foothills of the Eastern Taurus." Documenta Praehistorica, vol. 51, 2024, pp. 44-58.
Özdoğan, 2024	https://journals.uni-lj.si/DocumentaPraehistorica/article/view/18953	Özdoğan, Eylem. "Sayburç: A Mid-9th Millennium BC Site in the Foothills of the Eastern Taurus." Documenta Praehistorica, vol. 51, 2024, pp. 44-58.
Özdoğan, 2024	https://journals.uni-lj.si/DocumentaPraehistorica/article/view/18953	Özdoğan, Eylem. "Sayburç: A Mid-9th Millennium BC Site in the Foothills of the Eastern Taurus." Documenta Praehistorica, vol. 51, 2024, pp. 44-58.
Özdoğan, 2024	https://journals.uni-lj.si/DocumentaPraehistorica/article/view/18953	Özdoğan, Eylem. "Sayburç: A Mid-9th Millennium BC Site in the Foothills of the Eastern Taurus." Documenta Praehistorica, vol. 51, 2024, pp. 44-58.
Özdoğan, 2024	https://journals.uni-lj.si/DocumentaPraehistorica/article/view/18953	Özdoğan, Eylem. "Sayburç: A Mid-9th Millennium BC Site in the Foothills of the Eastern Taurus." Documenta Praehistorica, vol. 51, 2024, pp. 44-58.
Özdoğan, 2024	https://journals.uni-lj.si/DocumentaPraehistorica/article/view/18953	Özdoğan, Eylem. "Sayburç: A Mid-9th Millennium BC Site in the Foothills of the Eastern Taurus." Documenta Praehistorica, vol. 51, 2024, pp. 44-58.
Özdoğan, 2024	https://journals.uni-lj.si/DocumentaPraehistorica/article/view/18953	Özdoğan, Eylem. "Sayburç: A Mid-9th Millennium BC Site in the Foothills of the Eastern Taurus." Documenta Praehistorica, vol. 51, 2024, pp. 44-58.
Özdoğan, 2024	https://journals.uni-lj.si/DocumentaPraehistorica/article/view/18953	Özdoğan, Eylem. "Sayburç: A Mid-9th Millennium BC Site in the Foothills of the Eastern Taurus." Documenta Praehistorica, vol. 51, 2024, pp. 44-58.
Ünan, 2023	https://gcris.pau.edu.tr/entities/publication/63271483-2293-411b-8493-2b3b65643c25	Ünan, Nazan. Seyitömer Höyük VI. Tabaka Mimarisi ve Çanak Çömleği. 2023.
Ünan, 2023	https://gcris.pau.edu.tr/entities/publication/63271483-2293-411b-8493-2b3b65643c25	Ünan, Nazan. Seyitömer Höyük VI. Tabaka Mimarisi ve Çanak Çömleği. 2023.
Ünan, 2023	https://gcris.pau.edu.tr/entities/publication/63271483-2293-411b-8493-2b3b65643c25	Ünan, Nazan. Seyitömer Höyük VI. Tabaka Mimarisi ve Çanak Çömleği. 2023.
Ünan, 2023	https://gcris.pau.edu.tr/entities/publication/63271483-2293-411b-8493-2b3b65643c25	Ünan, Nazan. Seyitömer Höyük VI. Tabaka Mimarisi ve Çanak Çömleği. 2023.
Ünan, 2023	https://gcris.pau.edu.tr/entities/publication/63271483-2293-411b-8493-2b3b65643c25	Ünan, Nazan. Seyitömer Höyük VI. Tabaka Mimarisi ve Çanak Çömleği. 2023.
Ünan, 2023	https://gcris.pau.edu.tr/entities/publication/63271483-2293-411b-8493-2b3b65643c25	Ünan, Nazan. Seyitömer Höyük VI. Tabaka Mimarisi ve Çanak Çömleği. 2023.
Ünan, 2023	https://gcris.pau.edu.tr/entities/publication/63271483-2293-411b-8493-2b3b65643c25	Ünan, Nazan. Seyitömer Höyük VI. Tabaka Mimarisi ve Çanak Çömleği. 2023.
Ünan, 2023	https://gcris.pau.edu.tr/entities/publication/63271483-2293-411b-8493-2b3b65643c25	Ünan, Nazan. Seyitömer Höyük VI. Tabaka Mimarisi ve Çanak Çömleği. 2023.
Ünan, 2023	https://gcris.pau.edu.tr/entities/publication/63271483-2293-411b-8493-2b3b65643c25	Ünan, Nazan. Seyitömer Höyük VI. Tabaka Mimarisi ve Çanak Çömleği. 2023.
Ünan, 2023	https://gcris.pau.edu.tr/entities/publication/63271483-2293-411b-8493-2b3b65643c25	Ünan, Nazan. Seyitömer Höyük VI. Tabaka Mimarisi ve Çanak Çömleği. 2023.
Ünan, 2023	https://gcris.pau.edu.tr/entities/publication/63271483-2293-411b-8493-2b3b65643c25	Ünan, Nazan. Seyitömer Höyük VI. Tabaka Mimarisi ve Çanak Çömleği. 2023.
Ünan, 2023	https://gcris.pau.edu.tr/entities/publication/63271483-2293-411b-8493-2b3b65643c25	Ünan, Nazan. Seyitömer Höyük VI. Tabaka Mimarisi ve Çanak Çömleği. 2023.
Ünan, 2023	https://gcris.pau.edu.tr/entities/publication/63271483-2293-411b-8493-2b3b65643c25	Ünan, Nazan. Seyitömer Höyük VI. Tabaka Mimarisi ve Çanak Çömleği. 2023.
Ünan, 2023	https://gcris.pau.edu.tr/entities/publication/63271483-2293-411b-8493-2b3b65643c25	Ünan, Nazan. Seyitömer Höyük VI. Tabaka Mimarisi ve Çanak Çömleği. 2023.
Martin et al. 2021	https://www.nature.com/articles/s41598-021-92392-9	Martin, Lucie, et al. "The Place of Millet in Food Globalization During Late Prehistory as Evidenced by New Bioarchaeological Data from the Caucasus." Scientific Reports, vol. 11, no. 1, 2021, p. 13124.
Sagona 2000	https://www.academia.edu/3131567/Sagona_A_and_Sagona_C_Excavations_at_Sos_Höyük_1998_2000_Fifth_Preliminary_Report	Sagona, Antonio, and Claudia Sagona. "Excavations at Sos Höyük, 1998-2000: Fifth Preliminary Report." Ancient Near Eastern Studies, vol. 37, 2000, pp. 56-127.
Sarıaltun, 2021	https://link.springer.com/article/10.1007/s12517-021-06865-2	Sarıaltun, Savaş. "Sedimentological Processes in Cultural Deposits of a Neolithic Settlement in Upper Mesopotamia: A Microarchaeological Case Study of Sumaki Höyük." Arabian Journal of Geosciences, vol. 14, no. 7, 2021, p. 620.
Sarıaltun, 2021	https://link.springer.com/article/10.1007/s12517-021-06865-2	Sarıaltun, Savaş. "Sedimentological Processes in Cultural Deposits of a Neolithic Settlement in Upper Mesopotamia: A Microarchaeological Case Study of Sumaki Höyük." Arabian Journal of Geosciences, vol. 14, no. 7, 2021, p. 620.
Sarıaltun, 2021	https://link.springer.com/article/10.1007/s12517-021-06865-2	Sarıaltun, Savaş. "Sedimentological Processes in Cultural Deposits of a Neolithic Settlement in Upper Mesopotamia: A Microarchaeological Case Study of Sumaki Höyük." Arabian Journal of Geosciences, vol. 14, no. 7, 2021, p. 620.
Sarıaltun, 2021	https://link.springer.com/article/10.1007/s12517-021-06865-2	Sarıaltun, Savaş. "Sedimentological Processes in Cultural Deposits of a Neolithic Settlement in Upper Mesopotamia: A Microarchaeological Case Study of Sumaki Höyük." Arabian Journal of Geosciences, vol. 14, no. 7, 2021, p. 620.
Sarıaltun, 2021	https://link.springer.com/article/10.1007/s12517-021-06865-2	Sarıaltun, Savaş. "Sedimentological Processes in Cultural Deposits of a Neolithic Settlement in Upper Mesopotamia: A Microarchaeological Case Study of Sumaki Höyük." Arabian Journal of Geosciences, vol. 14, no. 7, 2021, p. 620.
Sarıaltun, 2021	https://link.springer.com/article/10.1007/s12517-021-06865-2	Sarıaltun, Savaş. "Sedimentological Processes in Cultural Deposits of a Neolithic Settlement in Upper Mesopotamia: A Microarchaeological Case Study of Sumaki Höyük." Arabian Journal of Geosciences, vol. 14, no. 7, 2021, p. 620.
Sarıaltun, 2021	https://link.springer.com/article/10.1007/s12517-021-06865-2	Sarıaltun, Savaş. "Sedimentological Processes in Cultural Deposits of a Neolithic Settlement in Upper Mesopotamia: A Microarchaeological Case Study of Sumaki Höyük." Arabian Journal of Geosciences, vol. 14, no. 7, 2021, p. 620.
Sarıaltun, 2021	https://link.springer.com/article/10.1007/s12517-021-06865-2	Sarıaltun, Savaş. "Sedimentological Processes in Cultural Deposits of a Neolithic Settlement in Upper Mesopotamia: A Microarchaeological Case Study of Sumaki Höyük." Arabian Journal of Geosciences, vol. 14, no. 7, 2021, p. 620.
Sarıaltun, 2021	https://link.springer.com/article/10.1007/s12517-021-06865-2	Sarıaltun, Savaş. "Sedimentological Processes in Cultural Deposits of a Neolithic Settlement in Upper Mesopotamia: A Microarchaeological Case Study of Sumaki Höyük." Arabian Journal of Geosciences, vol. 14, no. 7, 2021, p. 620.
Sarıaltun, 2021	https://link.springer.com/article/10.1007/s12517-021-06865-2	Sarıaltun, Savaş. "Sedimentological Processes in Cultural Deposits of a Neolithic Settlement in Upper Mesopotamia: A Microarchaeological Case Study of Sumaki Höyük." Arabian Journal of Geosciences, vol. 14, no. 7, 2021, p. 620.
Sarıaltun, 2021	https://link.springer.com/article/10.1007/s12517-021-06865-2	Sarıaltun, Savaş. "Sedimentological Processes in Cultural Deposits of a Neolithic Settlement in Upper Mesopotamia: A Microarchaeological Case Study of Sumaki Höyük." Arabian Journal of Geosciences, vol. 14, no. 7, 2021, p. 620.
Sarıaltun, 2021	https://link.springer.com/article/10.1007/s12517-021-06865-2	Sarıaltun, Savaş. "Sedimentological Processes in Cultural Deposits of a Neolithic Settlement in Upper Mesopotamia: A Microarchaeological Case Study of Sumaki Höyük." Arabian Journal of Geosciences, vol. 14, no. 7, 2021, p. 620.
Sarıaltun, 2021	https://link.springer.com/article/10.1007/s12517-021-06865-2	Sarıaltun, Savaş. "Sedimentological Processes in Cultural Deposits of a Neolithic Settlement in Upper Mesopotamia: A Microarchaeological Case Study of Sumaki Höyük." Arabian Journal of Geosciences, vol. 14, no. 7, 2021, p. 620.
Sarıaltun, 2021	https://link.springer.com/article/10.1007/s12517-021-06865-2	Sarıaltun, Savaş. "Sedimentological Processes in Cultural Deposits of a Neolithic Settlement in Upper Mesopotamia: A Microarchaeological Case Study of Sumaki Höyük." Arabian Journal of Geosciences, vol. 14, no. 7, 2021, p. 620.
Çakan, 2025	https://dergipark.org.tr/en/download/article-file/4883803	Çakan, Yasin Gökhan. "The Chronology of the Neolithic Settlement at Tepecik-Çiftlik, Central Anatolia (Türkiye), Based on Radiocarbon Dating." Anatolian Research, vol. 32, 2025, pp. 39-54.
Kılınç et al., 2016	https://pubmed.ncbi.nlm.nih.gov/27498567/	Kılınç, Gülşah Merve, et al. "The Demographic Development of the First Farmers in Anatolia." Current Biology, vol. 26, no. 19, 2016, pp. 2659-66.
Çakan, 2025	https://dergipark.org.tr/en/download/article-file/4883803	Çakan, Yasin Gökhan. "The Chronology of the Neolithic Settlement at Tepecik-Çiftlik, Central Anatolia (Türkiye), Based on Radiocarbon Dating." Anatolian Research, vol. 32, 2025, pp. 39-54.
Kılınç et al., 2016	https://pubmed.ncbi.nlm.nih.gov/27498567/	Kılınç, Gülşah Merve, et al. "The Demographic Development of the First Farmers in Anatolia." Current Biology, vol. 26, no. 19, 2016, pp. 2659-66.
Çakan, 2025	https://dergipark.org.tr/en/download/article-file/4883803	Çakan, Yasin Gökhan. "The Chronology of the Neolithic Settlement at Tepecik-Çiftlik, Central Anatolia (Türkiye), Based on Radiocarbon Dating." Anatolian Research, vol. 32, 2025, pp. 39-54.
Çakan, 2025	https://dergipark.org.tr/en/download/article-file/4883803	Çakan, Yasin Gökhan. "The Chronology of the Neolithic Settlement at Tepecik-Çiftlik, Central Anatolia (Türkiye), Based on Radiocarbon Dating." Anatolian Research, vol. 32, 2025, pp. 39-54.
Çakan, 2025	https://dergipark.org.tr/en/download/article-file/4883803	Çakan, Yasin Gökhan. "The Chronology of the Neolithic Settlement at Tepecik-Çiftlik, Central Anatolia (Türkiye), Based on Radiocarbon Dating." Anatolian Research, vol. 32, 2025, pp. 39-54.
Çakan, 2025	https://dergipark.org.tr/en/download/article-file/4883803	Çakan, Yasin Gökhan. "The Chronology of the Neolithic Settlement at Tepecik-Çiftlik, Central Anatolia (Türkiye), Based on Radiocarbon Dating." Anatolian Research, vol. 32, 2025, pp. 39-54.
Çakan, 2025	https://dergipark.org.tr/en/download/article-file/4883803	Çakan, Yasin Gökhan. "The Chronology of the Neolithic Settlement at Tepecik-Çiftlik, Central Anatolia (Türkiye), Based on Radiocarbon Dating." Anatolian Research, vol. 32, 2025, pp. 39-54.
Çakan, 2025	https://dergipark.org.tr/en/download/article-file/4883803	Çakan, Yasin Gökhan. "The Chronology of the Neolithic Settlement at Tepecik-Çiftlik, Central Anatolia (Türkiye), Based on Radiocarbon Dating." Anatolian Research, vol. 32, 2025, pp. 39-54.
Çakan, 2025	https://dergipark.org.tr/en/download/article-file/4883803	Çakan, Yasin Gökhan. "The Chronology of the Neolithic Settlement at Tepecik-Çiftlik, Central Anatolia (Türkiye), Based on Radiocarbon Dating." Anatolian Research, vol. 32, 2025, pp. 39-54.
Çakan, 2025	https://dergipark.org.tr/en/download/article-file/4883803	Çakan, Yasin Gökhan. "The Chronology of the Neolithic Settlement at Tepecik-Çiftlik, Central Anatolia (Türkiye), Based on Radiocarbon Dating." Anatolian Research, vol. 32, 2025, pp. 39-54.
Çakan, 2025	https://dergipark.org.tr/en/download/article-file/4883803	Çakan, Yasin Gökhan. "The Chronology of the Neolithic Settlement at Tepecik-Çiftlik, Central Anatolia (Türkiye), Based on Radiocarbon Dating." Anatolian Research, vol. 32, 2025, pp. 39-54.
Çakan, 2025	https://dergipark.org.tr/en/download/article-file/4883803	Çakan, Yasin Gökhan. "The Chronology of the Neolithic Settlement at Tepecik-Çiftlik, Central Anatolia (Türkiye), Based on Radiocarbon Dating." Anatolian Research, vol. 32, 2025, pp. 39-54.
Çakan, 2025	https://dergipark.org.tr/en/download/article-file/4883803	Çakan, Yasin Gökhan. "The Chronology of the Neolithic Settlement at Tepecik-Çiftlik, Central Anatolia (Türkiye), Based on Radiocarbon Dating." Anatolian Research, vol. 32, 2025, pp. 39-54.
Çakan, 2025	https://dergipark.org.tr/en/download/article-file/4883803	Çakan, Yasin Gökhan. "The Chronology of the Neolithic Settlement at Tepecik-Çiftlik, Central Anatolia (Türkiye), Based on Radiocarbon Dating." Anatolian Research, vol. 32, 2025, pp. 39-54.
Çakan, 2025	https://dergipark.org.tr/en/download/article-file/4883803	Çakan, Yasin Gökhan. "The Chronology of the Neolithic Settlement at Tepecik-Çiftlik, Central Anatolia (Türkiye), Based on Radiocarbon Dating." Anatolian Research, vol. 32, 2025, pp. 39-54.
Çakan, 2025	https://dergipark.org.tr/en/download/article-file/4883803	Çakan, Yasin Gökhan. "The Chronology of the Neolithic Settlement at Tepecik-Çiftlik, Central Anatolia (Türkiye), Based on Radiocarbon Dating." Anatolian Research, vol. 32, 2025, pp. 39-54.
Çakan, 2025	https://dergipark.org.tr/en/download/article-file/4883803	Çakan, Yasin Gökhan. "The Chronology of the Neolithic Settlement at Tepecik-Çiftlik, Central Anatolia (Türkiye), Based on Radiocarbon Dating." Anatolian Research, vol. 32, 2025, pp. 39-54.
Çakan, 2025	https://dergipark.org.tr/en/download/article-file/4883803	Çakan, Yasin Gökhan. "The Chronology of the Neolithic Settlement at Tepecik-Çiftlik, Central Anatolia (Türkiye), Based on Radiocarbon Dating." Anatolian Research, vol. 32, 2025, pp. 39-54.
Çakan, 2025	https://dergipark.org.tr/en/download/article-file/4883803	Çakan, Yasin Gökhan. "The Chronology of the Neolithic Settlement at Tepecik-Çiftlik, Central Anatolia (Türkiye), Based on Radiocarbon Dating." Anatolian Research, vol. 32, 2025, pp. 39-54.
Kılınç et al., 2016	https://pubmed.ncbi.nlm.nih.gov/27498567/	Kılınç, Gülşah Merve, et al. "The Demographic Development of the First Farmers in Anatolia." Current Biology, vol. 26, no. 19, 2016, pp. 2659-66.
Çakan, 2025	https://dergipark.org.tr/en/download/article-file/4883803	Çakan, Yasin Gökhan. "The Chronology of the Neolithic Settlement at Tepecik-Çiftlik, Central Anatolia (Türkiye), Based on Radiocarbon Dating." Anatolian Research, vol. 32, 2025, pp. 39-54.
Çakan, 2025	https://dergipark.org.tr/en/download/article-file/4883803	Çakan, Yasin Gökhan. "The Chronology of the Neolithic Settlement at Tepecik-Çiftlik, Central Anatolia (Türkiye), Based on Radiocarbon Dating." Anatolian Research, vol. 32, 2025, pp. 39-54.
Kılınç et al., 2016	https://pubmed.ncbi.nlm.nih.gov/27498567/	Kılınç, Gülşah Merve, et al. "The Demographic Development of the First Farmers in Anatolia." Current Biology, vol. 26, no. 19, 2016, pp. 2659-66.
Çakan, 2025	https://dergipark.org.tr/en/download/article-file/4883803	Çakan, Yasin Gökhan. "The Chronology of the Neolithic Settlement at Tepecik-Çiftlik, Central Anatolia (Türkiye), Based on Radiocarbon Dating." Anatolian Research, vol. 32, 2025, pp. 39-54.
Çakan, 2025	https://dergipark.org.tr/en/download/article-file/4883803	Çakan, Yasin Gökhan. "The Chronology of the Neolithic Settlement at Tepecik-Çiftlik, Central Anatolia (Türkiye), Based on Radiocarbon Dating." Anatolian Research, vol. 32, 2025, pp. 39-54.
Çakan, 2025	https://dergipark.org.tr/en/download/article-file/4883803	Çakan, Yasin Gökhan. "The Chronology of the Neolithic Settlement at Tepecik-Çiftlik, Central Anatolia (Türkiye), Based on Radiocarbon Dating." Anatolian Research, vol. 32, 2025, pp. 39-54.
Çakan, 2025	https://dergipark.org.tr/en/download/article-file/4883803	Çakan, Yasin Gökhan. "The Chronology of the Neolithic Settlement at Tepecik-Çiftlik, Central Anatolia (Türkiye), Based on Radiocarbon Dating." Anatolian Research, vol. 32, 2025, pp. 39-54.
Çakan, 2025	https://dergipark.org.tr/en/download/article-file/4883803	Çakan, Yasin Gökhan. "The Chronology of the Neolithic Settlement at Tepecik-Çiftlik, Central Anatolia (Türkiye), Based on Radiocarbon Dating." Anatolian Research, vol. 32, 2025, pp. 39-54.
Çakan, 2025	https://dergipark.org.tr/en/download/article-file/4883803	Çakan, Yasin Gökhan. "The Chronology of the Neolithic Settlement at Tepecik-Çiftlik, Central Anatolia (Türkiye), Based on Radiocarbon Dating." Anatolian Research, vol. 32, 2025, pp. 39-54.
Çakan, 2025	https://dergipark.org.tr/en/download/article-file/4883803	Çakan, Yasin Gökhan. "The Chronology of the Neolithic Settlement at Tepecik-Çiftlik, Central Anatolia (Türkiye), Based on Radiocarbon Dating." Anatolian Research, vol. 32, 2025, pp. 39-54.
Çakan, 2025	https://dergipark.org.tr/en/download/article-file/4883803	Çakan, Yasin Gökhan. "The Chronology of the Neolithic Settlement at Tepecik-Çiftlik, Central Anatolia (Türkiye), Based on Radiocarbon Dating." Anatolian Research, vol. 32, 2025, pp. 39-54.
Çakan, 2025	https://dergipark.org.tr/en/download/article-file/4883803	Çakan, Yasin Gökhan. "The Chronology of the Neolithic Settlement at Tepecik-Çiftlik, Central Anatolia (Türkiye), Based on Radiocarbon Dating." Anatolian Research, vol. 32, 2025, pp. 39-54.
Çakan, 2025	https://dergipark.org.tr/en/download/article-file/4883803	Çakan, Yasin Gökhan. "The Chronology of the Neolithic Settlement at Tepecik-Çiftlik, Central Anatolia (Türkiye), Based on Radiocarbon Dating." Anatolian Research, vol. 32, 2025, pp. 39-54.
Çakan, 2025	https://dergipark.org.tr/en/download/article-file/4883803	Çakan, Yasin Gökhan. "The Chronology of the Neolithic Settlement at Tepecik-Çiftlik, Central Anatolia (Türkiye), Based on Radiocarbon Dating." Anatolian Research, vol. 32, 2025, pp. 39-54.
Çakan, 2025	https://dergipark.org.tr/en/download/article-file/4883803	Çakan, Yasin Gökhan. "The Chronology of the Neolithic Settlement at Tepecik-Çiftlik, Central Anatolia (Türkiye), Based on Radiocarbon Dating." Anatolian Research, vol. 32, 2025, pp. 39-54.
Çakan, 2025	https://dergipark.org.tr/en/download/article-file/4883803	Çakan, Yasin Gökhan. "The Chronology of the Neolithic Settlement at Tepecik-Çiftlik, Central Anatolia (Türkiye), Based on Radiocarbon Dating." Anatolian Research, vol. 32, 2025, pp. 39-54.
Çakan, 2025	https://dergipark.org.tr/en/download/article-file/4883803	Çakan, Yasin Gökhan. "The Chronology of the Neolithic Settlement at Tepecik-Çiftlik, Central Anatolia (Türkiye), Based on Radiocarbon Dating." Anatolian Research, vol. 32, 2025, pp. 39-54.
Çakan, 2025	https://dergipark.org.tr/en/download/article-file/4883803	Çakan, Yasin Gökhan. "The Chronology of the Neolithic Settlement at Tepecik-Çiftlik, Central Anatolia (Türkiye), Based on Radiocarbon Dating." Anatolian Research, vol. 32, 2025, pp. 39-54.
Çakan, 2025	https://dergipark.org.tr/en/download/article-file/4883803	Çakan, Yasin Gökhan. "The Chronology of the Neolithic Settlement at Tepecik-Çiftlik, Central Anatolia (Türkiye), Based on Radiocarbon Dating." Anatolian Research, vol. 32, 2025, pp. 39-54.
Çakan, 2025	https://dergipark.org.tr/en/download/article-file/4883803	Çakan, Yasin Gökhan. "The Chronology of the Neolithic Settlement at Tepecik-Çiftlik, Central Anatolia (Türkiye), Based on Radiocarbon Dating." Anatolian Research, vol. 32, 2025, pp. 39-54.
Akar et al., 2024	https://dergipark.org.tr/en/download/article-file/3901135	Akar, Murat, Müge Bulu, and Demet Kara. "Before the Middle Bronze Age Re-Urbanization at the Hinterland Site of Toprakhisar Höyük (Hatay, Türkiye)." TÜBA-AR Türkiye Bilimler Akademisi Arkeoloji Dergisi, vol. 35, 2024, pp. 51-72.
Şahin, 2024	https://tezara.org/theses/879617	Şahin, Özgür Tozkoparan Höyük Kurtarma Kazısı Verileri Işığında Tunceli Bölgesi'nin Eskiçağ Tarihi. 2024. Yüksek Lisans Tezi.
Yurtman et al., 2024	https://www.nature.com/articles/s42003-021-02794-8	Yurtman, Erinç, et al. "Archaeogenetic Analysis of Neolithic Sheep from Anatolia Suggests a Complex Demographic History Since Domestication." Communications Biology, vol. 4, no. 1, 2021, p. 1279.
Koptekin et al., 2025	https://www.science.org/doi/10.1126/science.adr3326	Koptekin, Dilek, et al. "Out-of-Anatolia: Cultural and Genetic Interactions During the Neolithic Expansion in the Aegean." Science, vol. 388, no. 6754, 2025, p. eadr3326.
Lawn, 1970	https://repository.arizona.edu/bitstream/handle/10150/651715/260-511-1-PB.pdf?sequence=1&isAllowed=y	Lawn, Barbara. "University of Pennsylvania Radiocarbon Dates XIII." Radiocarbon, vol. 12, no. 2, 1970, pp. 577-89.
Kohler and Ralph, 1961	https://repository.arizona.edu/bitstream/handle/10150/653780/1974-2223-1-PB.pdf?sequence=1&isAllowed=y	Ralph, Elizabeth K., and Robert E. Ackerman. "University of Pennsylvania Radiocarbon Dates IV." Radiocarbon, vol. 3, 1961, pp. 4-14.
Kohler and Ralph, 1961	https://repository.arizona.edu/bitstream/handle/10150/653780/1974-2223-1-PB.pdf?sequence=1&isAllowed=y	Ralph, Elizabeth K., and Robert E. Ackerman. "University of Pennsylvania Radiocarbon Dates IV." Radiocarbon, vol. 3, 1961, pp. 4-14.
Kohler and Ralph, 1961	https://repository.arizona.edu/bitstream/handle/10150/653780/1974-2223-1-PB.pdf?sequence=1&isAllowed=y	Ralph, Elizabeth K., and Robert E. Ackerman. "University of Pennsylvania Radiocarbon Dates IV." Radiocarbon, vol. 3, 1961, pp. 4-14.
Erdem, 2023	PhD Thesis: Orta Tunç Çağı'nda Yassıtepe Höyüğü	Orta Tunç Çağı'nda Yassıtepe Höyüğü. PhD thesis.
Erdem, 2023	PhD Thesis: Orta Tunç Çağı'nda Yassıtepe Höyüğü	Orta Tunç Çağı'nda Yassıtepe Höyüğü. PhD thesis.
Librado et al., 2024	https://www.nature.com/articles/s41586-024-07597-5#Sec19	Librado, Pablo, et al. "Widespread Horse-Based Mobility Arose Around 2200 BCE in Eurasia." Nature, vol. 631, no. 8022, 2024, pp. 819-25.
Librado et al., 2024	https://www.nature.com/articles/s41586-024-07597-5#Sec19	Librado, Pablo, et al. "Widespread Horse-Based Mobility Arose Around 2200 BCE in Eurasia." Nature, vol. 631, no. 8022, 2024, pp. 819-25.
Onar et al., 2008	https://www.researchgate.net/publication/312370744_Radiocarbon_dating_results_of_the_animal_remains_uncovered_at_Yenikapi_Excavations	Onar, V., G. Pazvant, and A. Armutak. "Radiocarbon Dating Results of the Animal Remains Uncovered at Yenikapı Excavations." Istanbul Archaeological Museums, Proceedings of the 1st Symposium on Marmaray-Metro Salvage Excavations, vol. 5, 2008.
Librado et al., 2024	https://www.nature.com/articles/s41586-024-07597-5#Sec19	Librado, Pablo, et al. "Widespread Horse-Based Mobility Arose Around 2200 BCE in Eurasia." Nature, vol. 631, no. 8022, 2024, pp. 819-25.
Librado et al., 2024	https://www.nature.com/articles/s41586-024-07597-5#Sec19	Librado, Pablo, et al. "Widespread Horse-Based Mobility Arose Around 2200 BCE in Eurasia." Nature, vol. 631, no. 8022, 2024, pp. 819-25.
Librado et al., 2024	https://www.nature.com/articles/s41586-024-07597-5#Sec19	Librado, Pablo, et al. "Widespread Horse-Based Mobility Arose Around 2200 BCE in Eurasia." Nature, vol. 631, no. 8022, 2024, pp. 819-25.
Librado et al., 2024	https://www.nature.com/articles/s41586-024-07597-5#Sec19	Librado, Pablo, et al. "Widespread Horse-Based Mobility Arose Around 2200 BCE in Eurasia." Nature, vol. 631, no. 8022, 2024, pp. 819-25.
Librado et al., 2024	https://www.nature.com/articles/s41586-024-07597-5#Sec19	Librado, Pablo, et al. "Widespread Horse-Based Mobility Arose Around 2200 BCE in Eurasia." Nature, vol. 631, no. 8022, 2024, pp. 819-25.
Librado et al., 2024	https://www.nature.com/articles/s41586-024-07597-5#Sec19	Librado, Pablo, et al. "Widespread Horse-Based Mobility Arose Around 2200 BCE in Eurasia." Nature, vol. 631, no. 8022, 2024, pp. 819-25.
Onar et al., 2008	https://www.researchgate.net/publication/312370744_Radiocarbon_dating_results_of_the_animal_remains_uncovered_at_Yenikapi_Excavations	Onar, V., G. Pazvant, and A. Armutak. "Radiocarbon Dating Results of the Animal Remains Uncovered at Yenikapı Excavations." Istanbul Archaeological Museums, Proceedings of the 1st Symposium on Marmaray-Metro Salvage Excavations, vol. 5, 2008.
Onar et al., 2008	https://www.researchgate.net/publication/312370744_Radiocarbon_dating_results_of_the_animal_remains_uncovered_at_Yenikapi_Excavations	Onar, V., G. Pazvant, and A. Armutak. "Radiocarbon Dating Results of the Animal Remains Uncovered at Yenikapı Excavations." Istanbul Archaeological Museums, Proceedings of the 1st Symposium on Marmaray-Metro Salvage Excavations, vol. 5, 2008.
Librado et al., 2024	https://www.nature.com/articles/s41586-024-07597-5#Sec19	Librado, Pablo, et al. "Widespread Horse-Based Mobility Arose Around 2200 BCE in Eurasia." Nature, vol. 631, no. 8022, 2024, pp. 819-25.
Onar et al., 2008	https://www.researchgate.net/publication/312370744_Radiocarbon_dating_results_of_the_animal_remains_uncovered_at_Yenikapi_Excavations	Onar, V., G. Pazvant, and A. Armutak. "Radiocarbon Dating Results of the Animal Remains Uncovered at Yenikapı Excavations." Istanbul Archaeological Museums, Proceedings of the 1st Symposium on Marmaray-Metro Salvage Excavations, vol. 5, 2008.
Librado et al., 2024	https://www.nature.com/articles/s41586-024-07597-5#Sec19	Librado, Pablo, et al. "Widespread Horse-Based Mobility Arose Around 2200 BCE in Eurasia." Nature, vol. 631, no. 8022, 2024, pp. 819-25.
de Martino et al., 2025	https://www.science.org/doi/abs/10.1126/science.adt2642	De Martino, M., et al. "The Dispersal of Domestic Cats from North Africa to Europe Around 2000 Years Ago." Science, vol. 390, no. 6776, 2025, p. eadt2642.
de Martino et al., 2025	https://www.science.org/doi/abs/10.1126/science.adt2642	De Martino, M., et al. "The Dispersal of Domestic Cats from North Africa to Europe Around 2000 Years Ago." Science, vol. 390, no. 6776, 2025, p. eadt2642.
Librado et al., 2024	https://www.nature.com/articles/s41586-024-07597-5#Sec19	Librado, Pablo, et al. "Widespread Horse-Based Mobility Arose Around 2200 BCE in Eurasia." Nature, vol. 631, no. 8022, 2024, pp. 819-25.
Librado et al., 2024	https://www.nature.com/articles/s41586-024-07597-5#Sec19	Librado, Pablo, et al. "Widespread Horse-Based Mobility Arose Around 2200 BCE in Eurasia." Nature, vol. 631, no. 8022, 2024, pp. 819-25.
Onar et al., 2008	https://www.researchgate.net/publication/312370744_Radiocarbon_dating_results_of_the_animal_remains_uncovered_at_Yenikapi_Excavations	Onar, V., G. Pazvant, and A. Armutak. "Radiocarbon Dating Results of the Animal Remains Uncovered at Yenikapı Excavations." Istanbul Archaeological Museums, Proceedings of the 1st Symposium on Marmaray-Metro Salvage Excavations, vol. 5, 2008.
Librado et al., 2024	https://www.nature.com/articles/s41586-024-07597-5#Sec19	Librado, Pablo, et al. "Widespread Horse-Based Mobility Arose Around 2200 BCE in Eurasia." Nature, vol. 631, no. 8022, 2024, pp. 819-25.
Librado et al., 2024	https://www.nature.com/articles/s41586-024-07597-5#Sec19	Librado, Pablo, et al. "Widespread Horse-Based Mobility Arose Around 2200 BCE in Eurasia." Nature, vol. 631, no. 8022, 2024, pp. 819-25.
Librado et al., 2024	https://www.nature.com/articles/s41586-024-07597-5#Sec19	Librado, Pablo, et al. "Widespread Horse-Based Mobility Arose Around 2200 BCE in Eurasia." Nature, vol. 631, no. 8022, 2024, pp. 819-25.
Onar et al., 2008	https://www.researchgate.net/publication/312370744_Radiocarbon_dating_results_of_the_animal_remains_uncovered_at_Yenikapi_Excavations	Onar, V., G. Pazvant, and A. Armutak. "Radiocarbon Dating Results of the Animal Remains Uncovered at Yenikapı Excavations." Istanbul Archaeological Museums, Proceedings of the 1st Symposium on Marmaray-Metro Salvage Excavations, vol. 5, 2008.
Librado et al., 2024	https://www.nature.com/articles/s41586-024-07597-5#Sec19	Librado, Pablo, et al. "Widespread Horse-Based Mobility Arose Around 2200 BCE in Eurasia." Nature, vol. 631, no. 8022, 2024, pp. 819-25.
Librado et al., 2024	https://www.nature.com/articles/s41586-024-07597-5#Sec19	Librado, Pablo, et al. "Widespread Horse-Based Mobility Arose Around 2200 BCE in Eurasia." Nature, vol. 631, no. 8022, 2024, pp. 819-25.
Librado et al., 2024	https://www.nature.com/articles/s41586-024-07597-5#Sec19	Librado, Pablo, et al. "Widespread Horse-Based Mobility Arose Around 2200 BCE in Eurasia." Nature, vol. 631, no. 8022, 2024, pp. 819-25.
Konak and Yalçın, 2025	https://journals.tubitak.gov.tr/cgi/viewcontent.cgi?article=1954&context=earth	Konak, Ayşin, and M. Namık Yalçın. "Environmental and Cultural Impacts of the 8.2 ka Event in Yenikapı (İstanbul/Türkiye)." Turkish Journal of Earth Sciences, vol. 34, no. 2, 2025, pp. 198-210.
Konak and Yalçın, 2025	https://journals.tubitak.gov.tr/cgi/viewcontent.cgi?article=1954&context=earth	Konak, Ayşin, and M. Namık Yalçın. "Environmental and Cultural Impacts of the 8.2 ka Event in Yenikapı (İstanbul/Türkiye)." Turkish Journal of Earth Sciences, vol. 34, no. 2, 2025, pp. 198-210.
Konak and Yalçın, 2025	https://journals.tubitak.gov.tr/cgi/viewcontent.cgi?article=1954&context=earth	Konak, Ayşin, and M. Namık Yalçın. "Environmental and Cultural Impacts of the 8.2 ka Event in Yenikapı (İstanbul/Türkiye)." Turkish Journal of Earth Sciences, vol. 34, no. 2, 2025, pp. 198-210.
Konak and Yalçın, 2025	https://journals.tubitak.gov.tr/cgi/viewcontent.cgi?article=1954&context=earth	Konak, Ayşin, and M. Namık Yalçın. "Environmental and Cultural Impacts of the 8.2 ka Event in Yenikapı (İstanbul/Türkiye)." Turkish Journal of Earth Sciences, vol. 34, no. 2, 2025, pp. 198-210.
Konak and Yalçın, 2025	https://journals.tubitak.gov.tr/cgi/viewcontent.cgi?article=1954&context=earth	Konak, Ayşin, and M. Namık Yalçın. "Environmental and Cultural Impacts of the 8.2 ka Event in Yenikapı (İstanbul/Türkiye)." Turkish Journal of Earth Sciences, vol. 34, no. 2, 2025, pp. 198-210.
Proctor et al., 2024	https://link.springer.com/content/pdf/10.1007/s12520-024-02013-5.pdf	Proctor, Lucas, Alexia Smith, and Timothy Matney. "Examining Long-Term Fuel and Land Use Patterns at Ziyaret Tepe, Türkiye Using an Integrated Analysis of Seeds, Wood Charcoal, and Dung Spherulites." Archaeological and Anthropological Sciences, vol. 16, no. 8, 2024, p. 112.
Proctor et al., 2024	https://link.springer.com/content/pdf/10.1007/s12520-024-02013-5.pdf	Proctor, Lucas, Alexia Smith, and Timothy Matney. "Examining Long-Term Fuel and Land Use Patterns at Ziyaret Tepe, Türkiye Using an Integrated Analysis of Seeds, Wood Charcoal, and Dung Spherulites." Archaeological and Anthropological Sciences, vol. 16, no. 8, 2024, p. 112.
Proctor et al., 2024	https://link.springer.com/content/pdf/10.1007/s12520-024-02013-5.pdf	Proctor, Lucas, Alexia Smith, and Timothy Matney. "Examining Long-Term Fuel and Land Use Patterns at Ziyaret Tepe, Türkiye Using an Integrated Analysis of Seeds, Wood Charcoal, and Dung Spherulites." Archaeological and Anthropological Sciences, vol. 16, no. 8, 2024, p. 112.
Proctor et al., 2024	https://link.springer.com/content/pdf/10.1007/s12520-024-02013-5.pdf	Proctor, Lucas, Alexia Smith, and Timothy Matney. "Examining Long-Term Fuel and Land Use Patterns at Ziyaret Tepe, Türkiye Using an Integrated Analysis of Seeds, Wood Charcoal, and Dung Spherulites." Archaeological and Anthropological Sciences, vol. 16, no. 8, 2024, p. 112.
Proctor et al., 2024	https://link.springer.com/content/pdf/10.1007/s12520-024-02013-5.pdf	Proctor, Lucas, Alexia Smith, and Timothy Matney. "Examining Long-Term Fuel and Land Use Patterns at Ziyaret Tepe, Türkiye Using an Integrated Analysis of Seeds, Wood Charcoal, and Dung Spherulites." Archaeological and Anthropological Sciences, vol. 16, no. 8, 2024, p. 112.
Proctor et al., 2024	https://link.springer.com/content/pdf/10.1007/s12520-024-02013-5.pdf	Proctor, Lucas, Alexia Smith, and Timothy Matney. "Examining Long-Term Fuel and Land Use Patterns at Ziyaret Tepe, Türkiye Using an Integrated Analysis of Seeds, Wood Charcoal, and Dung Spherulites." Archaeological and Anthropological Sciences, vol. 16, no. 8, 2024, p. 112.
Proctor et al., 2024	https://link.springer.com/content/pdf/10.1007/s12520-024-02013-5.pdf	Proctor, Lucas, Alexia Smith, and Timothy Matney. "Examining Long-Term Fuel and Land Use Patterns at Ziyaret Tepe, Türkiye Using an Integrated Analysis of Seeds, Wood Charcoal, and Dung Spherulites." Archaeological and Anthropological Sciences, vol. 16, no. 8, 2024, p. 112.
Proctor et al., 2024	https://link.springer.com/content/pdf/10.1007/s12520-024-02013-5.pdf	Proctor, Lucas, Alexia Smith, and Timothy Matney. "Examining Long-Term Fuel and Land Use Patterns at Ziyaret Tepe, Türkiye Using an Integrated Analysis of Seeds, Wood Charcoal, and Dung Spherulites." Archaeological and Anthropological Sciences, vol. 16, no. 8, 2024, p. 112.
Proctor et al., 2024	https://link.springer.com/content/pdf/10.1007/s12520-024-02013-5.pdf	Proctor, Lucas, Alexia Smith, and Timothy Matney. "Examining Long-Term Fuel and Land Use Patterns at Ziyaret Tepe, Türkiye Using an Integrated Analysis of Seeds, Wood Charcoal, and Dung Spherulites." Archaeological and Anthropological Sciences, vol. 16, no. 8, 2024, p. 112.
Proctor et al., 2024	https://link.springer.com/content/pdf/10.1007/s12520-024-02013-5.pdf	Proctor, Lucas, Alexia Smith, and Timothy Matney. "Examining Long-Term Fuel and Land Use Patterns at Ziyaret Tepe, Türkiye Using an Integrated Analysis of Seeds, Wood Charcoal, and Dung Spherulites." Archaeological and Anthropological Sciences, vol. 16, no. 8, 2024, p. 112.
Proctor et al., 2024	https://link.springer.com/content/pdf/10.1007/s12520-024-02013-5.pdf	Proctor, Lucas, Alexia Smith, and Timothy Matney. "Examining Long-Term Fuel and Land Use Patterns at Ziyaret Tepe, Türkiye Using an Integrated Analysis of Seeds, Wood Charcoal, and Dung Spherulites." Archaeological and Anthropological Sciences, vol. 16, no. 8, 2024, p. 112.
Proctor et al., 2024	https://link.springer.com/content/pdf/10.1007/s12520-024-02013-5.pdf	Proctor, Lucas, Alexia Smith, and Timothy Matney. "Examining Long-Term Fuel and Land Use Patterns at Ziyaret Tepe, Türkiye Using an Integrated Analysis of Seeds, Wood Charcoal, and Dung Spherulites." Archaeological and Anthropological Sciences, vol. 16, no. 8, 2024, p. 112.
Proctor et al., 2024	https://link.springer.com/content/pdf/10.1007/s12520-024-02013-5.pdf	Proctor, Lucas, Alexia Smith, and Timothy Matney. "Examining Long-Term Fuel and Land Use Patterns at Ziyaret Tepe, Türkiye Using an Integrated Analysis of Seeds, Wood Charcoal, and Dung Spherulites." Archaeological and Anthropological Sciences, vol. 16, no. 8, 2024, p. 112.
Proctor et al., 2024	https://link.springer.com/content/pdf/10.1007/s12520-024-02013-5.pdf	Proctor, Lucas, Alexia Smith, and Timothy Matney. "Examining Long-Term Fuel and Land Use Patterns at Ziyaret Tepe, Türkiye Using an Integrated Analysis of Seeds, Wood Charcoal, and Dung Spherulites." Archaeological and Anthropological Sciences, vol. 16, no. 8, 2024, p. 112.
Proctor et al., 2024	https://link.springer.com/content/pdf/10.1007/s12520-024-02013-5.pdf	Proctor, Lucas, Alexia Smith, and Timothy Matney. "Examining Long-Term Fuel and Land Use Patterns at Ziyaret Tepe, Türkiye Using an Integrated Analysis of Seeds, Wood Charcoal, and Dung Spherulites." Archaeological and Anthropological Sciences, vol. 16, no. 8, 2024, p. 112.
Proctor et al., 2024	https://link.springer.com/content/pdf/10.1007/s12520-024-02013-5.pdf	Proctor, Lucas, Alexia Smith, and Timothy Matney. "Examining Long-Term Fuel and Land Use Patterns at Ziyaret Tepe, Türkiye Using an Integrated Analysis of Seeds, Wood Charcoal, and Dung Spherulites." Archaeological and Anthropological Sciences, vol. 16, no. 8, 2024, p. 112.
Proctor et al., 2024	https://link.springer.com/content/pdf/10.1007/s12520-024-02013-5.pdf	Proctor, Lucas, Alexia Smith, and Timothy Matney. "Examining Long-Term Fuel and Land Use Patterns at Ziyaret Tepe, Türkiye Using an Integrated Analysis of Seeds, Wood Charcoal, and Dung Spherulites." Archaeological and Anthropological Sciences, vol. 16, no. 8, 2024, p. 112.
Proctor et al., 2024	https://link.springer.com/content/pdf/10.1007/s12520-024-02013-5.pdf	Proctor, Lucas, Alexia Smith, and Timothy Matney. "Examining Long-Term Fuel and Land Use Patterns at Ziyaret Tepe, Türkiye Using an Integrated Analysis of Seeds, Wood Charcoal, and Dung Spherulites." Archaeological and Anthropological Sciences, vol. 16, no. 8, 2024, p. 112.
Proctor et al., 2024	https://link.springer.com/content/pdf/10.1007/s12520-024-02013-5.pdf	Proctor, Lucas, Alexia Smith, and Timothy Matney. "Examining Long-Term Fuel and Land Use Patterns at Ziyaret Tepe, Türkiye Using an Integrated Analysis of Seeds, Wood Charcoal, and Dung Spherulites." Archaeological and Anthropological Sciences, vol. 16, no. 8, 2024, p. 112.